"GEO_ID","NAME","B19013_001E","B19013_001M",
"Geography","Geographic Area Name","Estimate!!Median household income in the past 12 months (in 2024 inflation-adjusted dollars)","Margin of Error!!Median household income in the past 12 months (in 2024 inflation-adjusted dollars)",
"1400000US36001000100","Census Tract 1; Albany County; New York","51551","6925",
"1400000US36001000201","Census Tract 2.01; Albany County; New York","54013","32681",
"1400000US36001000202","Census Tract 2.02; Albany County; New York","41952","26468",
"1400000US36001000301","Census Tract 3.01; Albany County; New York","42912","16296",
"1400000US36001000302","Census Tract 3.02; Albany County; New York","44730","21748",
"1400000US36001000401","Census Tract 4.01; Albany County; New York","83359","15606",
"1400000US36001000403","Census Tract 4.03; Albany County; New York","111646","36373",
"1400000US36001000404","Census Tract 4.04; Albany County; New York","-","**",
"1400000US36001000501","Census Tract 5.01; Albany County; New York","28311","12601",
"1400000US36001000502","Census Tract 5.02; Albany County; New York","57115","14030",
"1400000US36001000600","Census Tract 6; Albany County; New York","30368","4827",
"1400000US36001000700","Census Tract 7; Albany County; New York","56555","8347",
"1400000US36001000800","Census Tract 8; Albany County; New York","-","**",
"1400000US36001001100","Census Tract 11; Albany County; New York","56591","15811",
"1400000US36001001400","Census Tract 14; Albany County; New York","64348","5193",
"1400000US36001001500","Census Tract 15; Albany County; New York","38365","17187",
"1400000US36001001600","Census Tract 16; Albany County; New York","61154","21401",
"1400000US36001001700","Census Tract 17; Albany County; New York","87940","9393",
"1400000US36001001802","Census Tract 18.02; Albany County; New York","80266","11789",
"1400000US36001001803","Census Tract 18.03; Albany County; New York","92702","40515",
"1400000US36001001804","Census Tract 18.04; Albany County; New York","105027","10400",
"1400000US36001001901","Census Tract 19.01; Albany County; New York","92784","28182",
"1400000US36001001902","Census Tract 19.02; Albany County; New York","100197","11852",
"1400000US36001002000","Census Tract 20; Albany County; New York","83597","7592",
"1400000US36001002100","Census Tract 21; Albany County; New York","39671","31715",
"1400000US36001002200","Census Tract 22; Albany County; New York","51667","17921",
"1400000US36001002300","Census Tract 23; Albany County; New York","54265","12153",
"1400000US36001002500","Census Tract 25; Albany County; New York","26613","25381",
"1400000US36001002600","Census Tract 26; Albany County; New York","69874","16544",
"1400000US36001012700","Census Tract 127; Albany County; New York","71875","16555",
"1400000US36001012800","Census Tract 128; Albany County; New York","41367","11235",
"1400000US36001012900","Census Tract 129; Albany County; New York","38750","21993",
"1400000US36001013000","Census Tract 130; Albany County; New York","69190","12268",
"1400000US36001013100","Census Tract 131; Albany County; New York","59406","21753",
"1400000US36001013200","Census Tract 132; Albany County; New York","56858","7974",
"1400000US36001013300","Census Tract 133; Albany County; New York","48777","18218",
"1400000US36001013400","Census Tract 134; Albany County; New York","70899","8071",
"1400000US36001013503","Census Tract 135.03; Albany County; New York","107500","24373",
"1400000US36001013505","Census Tract 135.05; Albany County; New York","93967","16710",
"1400000US36001013507","Census Tract 135.07; Albany County; New York","90478","14757",
"1400000US36001013509","Census Tract 135.09; Albany County; New York","98424","32850",
"1400000US36001013510","Census Tract 135.10; Albany County; New York","105648","19102",
"1400000US36001013511","Census Tract 135.11; Albany County; New York","127656","33478",
"1400000US36001013512","Census Tract 135.12; Albany County; New York","126875","14680",
"1400000US36001013602","Census Tract 136.02; Albany County; New York","80583","11038",
"1400000US36001013603","Census Tract 136.03; Albany County; New York","95847","11151",
"1400000US36001013604","Census Tract 136.04; Albany County; New York","119554","34581",
"1400000US36001013703","Census Tract 137.03; Albany County; New York","108790","26066",
"1400000US36001013706","Census Tract 137.06; Albany County; New York","200083","36676",
"1400000US36001013707","Census Tract 137.07; Albany County; New York","136638","23796",
"1400000US36001013708","Census Tract 137.08; Albany County; New York","94665","22349",
"1400000US36001013709","Census Tract 137.09; Albany County; New York","130489","21065",
"1400000US36001013802","Census Tract 138.02; Albany County; New York","124063","29917",
"1400000US36001013803","Census Tract 138.03; Albany County; New York","75795","28462",
"1400000US36001013804","Census Tract 138.04; Albany County; New York","76466","15718",
"1400000US36001013901","Census Tract 139.01; Albany County; New York","91827","8273",
"1400000US36001013902","Census Tract 139.02; Albany County; New York","107188","6329",
"1400000US36001014001","Census Tract 140.01; Albany County; New York","87500","16498",
"1400000US36001014002","Census Tract 140.02; Albany County; New York","89823","12338",
"1400000US36001014100","Census Tract 141; Albany County; New York","133594","32979",
"1400000US36001014201","Census Tract 142.01; Albany County; New York","131571","20561",
"1400000US36001014202","Census Tract 142.02; Albany County; New York","126397","14801",
"1400000US36001014203","Census Tract 142.03; Albany County; New York","146875","20990",
"1400000US36001014301","Census Tract 143.01; Albany County; New York","86190","20190",
"1400000US36001014303","Census Tract 143.03; Albany County; New York","140313","33286",
"1400000US36001014304","Census Tract 143.04; Albany County; New York","92541","18711",
"1400000US36001014401","Census Tract 144.01; Albany County; New York","111133","18544",
"1400000US36001014402","Census Tract 144.02; Albany County; New York","77217","11173",
"1400000US36001014501","Census Tract 145.01; Albany County; New York","127273","18018",
"1400000US36001014502","Census Tract 145.02; Albany County; New York","124293","11628",
"1400000US36001014503","Census Tract 145.03; Albany County; New York","111172","12182",
"1400000US36001014606","Census Tract 146.06; Albany County; New York","137604","16296",
"1400000US36001014608","Census Tract 146.08; Albany County; New York","89167","21684",
"1400000US36001014609","Census Tract 146.09; Albany County; New York","91130","14977",
"1400000US36001014611","Census Tract 146.11; Albany County; New York","124306","18038",
"1400000US36001014612","Census Tract 146.12; Albany County; New York","112159","19448",
"1400000US36001014613","Census Tract 146.13; Albany County; New York","112000","30670",
"1400000US36001014614","Census Tract 146.14; Albany County; New York","106250","26447",
"1400000US36001014615","Census Tract 146.15; Albany County; New York","88355","18029",
"1400000US36001014616","Census Tract 146.16; Albany County; New York","143777","18848",
"1400000US36001014617","Census Tract 146.17; Albany County; New York","128929","23746",
"1400000US36001014700","Census Tract 147; Albany County; New York","124083","14313",
"1400000US36001014801","Census Tract 148.01; Albany County; New York","105219","33119",
"1400000US36001014802","Census Tract 148.02; Albany County; New York","90324","25699",
"1400000US36001014803","Census Tract 148.03; Albany County; New York","99167","20061",
"1400000US36003940200","Census Tract 9402; Allegany County; New York","-","**",
"1400000US36003950100","Census Tract 9501; Allegany County; New York","67176","8835",
"1400000US36003950300","Census Tract 9503; Allegany County; New York","75605","7498",
"1400000US36003950401","Census Tract 9504.01; Allegany County; New York","70227","14400",
"1400000US36003950402","Census Tract 9504.02; Allegany County; New York","69643","14369",
"1400000US36003950500","Census Tract 9505; Allegany County; New York","66116","9440",
"1400000US36003950600","Census Tract 9506; Allegany County; New York","58693","7092",
"1400000US36003950700","Census Tract 9507; Allegany County; New York","57798","11217",
"1400000US36003950800","Census Tract 9508; Allegany County; New York","59327","7428",
"1400000US36003950900","Census Tract 9509; Allegany County; New York","63856","6840",
"1400000US36003951000","Census Tract 9510; Allegany County; New York","67940","8788",
"1400000US36003951100","Census Tract 9511; Allegany County; New York","61488","6440",
"1400000US36003951201","Census Tract 9512.01; Allegany County; New York","54500","3553",
"1400000US36003951202","Census Tract 9512.02; Allegany County; New York","56229","2710",
"1400000US36003951301","Census Tract 9513.01; Allegany County; New York","60833","5927",
"1400000US36003951302","Census Tract 9513.02; Allegany County; New York","64038","9656",
"1400000US36005000100","Census Tract 1; Bronx County; New York","-","**",
"1400000US36005000200","Census Tract 2; Bronx County; New York","123729","13524",
"1400000US36005000400","Census Tract 4; Bronx County; New York","105924","38868",
"1400000US36005001600","Census Tract 16; Bronx County; New York","52147","12188",
"1400000US36005001901","Census Tract 19.01; Bronx County; New York","58083","19090",
"1400000US36005001902","Census Tract 19.02; Bronx County; New York","48953","3062",
"1400000US36005001903","Census Tract 19.03; Bronx County; New York","-","**",
"1400000US36005001904","Census Tract 19.04; Bronx County; New York","-","**",
"1400000US36005002001","Census Tract 20.01; Bronx County; New York","22311","9749",
"1400000US36005002002","Census Tract 20.02; Bronx County; New York","18649","6326",
"1400000US36005002300","Census Tract 23; Bronx County; New York","16332","5124",
"1400000US36005002400","Census Tract 24; Bronx County; New York","-","**",
"1400000US36005002500","Census Tract 25; Bronx County; New York","35582","6952",
"1400000US36005002701","Census Tract 27.01; Bronx County; New York","20266","4408",
"1400000US36005002702","Census Tract 27.02; Bronx County; New York","30895","10808",
"1400000US36005002800","Census Tract 28; Bronx County; New York","58068","23628",
"1400000US36005003100","Census Tract 31; Bronx County; New York","59297","25140",
"1400000US36005003300","Census Tract 33; Bronx County; New York","31289","26984",
"1400000US36005003500","Census Tract 35; Bronx County; New York","36569","2776",
"1400000US36005003700","Census Tract 37; Bronx County; New York","53029","15572",
"1400000US36005003800","Census Tract 38; Bronx County; New York","54214","32493",
"1400000US36005003900","Census Tract 39; Bronx County; New York","25625","18165",
"1400000US36005004001","Census Tract 40.01; Bronx County; New York","78935","18566",
"1400000US36005004100","Census Tract 41; Bronx County; New York","14592","3524",
"1400000US36005004200","Census Tract 42; Bronx County; New York","55404","11181",
"1400000US36005004300","Census Tract 43; Bronx County; New York","23393","23091",
"1400000US36005004400","Census Tract 44; Bronx County; New York","24375","10744",
"1400000US36005004600","Census Tract 46; Bronx County; New York","30714","15687",
"1400000US36005004800","Census Tract 48; Bronx County; New York","35870","17844",
"1400000US36005005001","Census Tract 50.01; Bronx County; New York","33632","8531",
"1400000US36005005002","Census Tract 50.02; Bronx County; New York","34688","7558",
"1400000US36005005100","Census Tract 51; Bronx County; New York","25851","5472",
"1400000US36005005200","Census Tract 52; Bronx County; New York","39743","19175",
"1400000US36005005300","Census Tract 53; Bronx County; New York","20608","7238",
"1400000US36005005400","Census Tract 54; Bronx County; New York","54884","19487",
"1400000US36005005600","Census Tract 56; Bronx County; New York","41684","14570",
"1400000US36005005902","Census Tract 59.02; Bronx County; New York","51364","21142",
"1400000US36005006000","Census Tract 60; Bronx County; New York","78269","32827",
"1400000US36005006100","Census Tract 61; Bronx County; New York","72123","23215",
"1400000US36005006200","Census Tract 62; Bronx County; New York","27453","8574",
"1400000US36005006301","Census Tract 63.01; Bronx County; New York","59924","15435",
"1400000US36005006302","Census Tract 63.02; Bronx County; New York","-","**",
"1400000US36005006400","Census Tract 64; Bronx County; New York","41429","9661",
"1400000US36005006500","Census Tract 65; Bronx County; New York","22740","14294",
"1400000US36005006700","Census Tract 67; Bronx County; New York","30191","14809",
"1400000US36005006800","Census Tract 68; Bronx County; New York","32550","8559",
"1400000US36005006900","Census Tract 69; Bronx County; New York","26608","7997",
"1400000US36005007000","Census Tract 70; Bronx County; New York","40417","28572",
"1400000US36005007100","Census Tract 71; Bronx County; New York","23148","12354",
"1400000US36005007200","Census Tract 72; Bronx County; New York","58244","15961",
"1400000US36005007300","Census Tract 73; Bronx County; New York","29978","8695",
"1400000US36005007400","Census Tract 74; Bronx County; New York","69363","35048",
"1400000US36005007500","Census Tract 75; Bronx County; New York","34259","8443",
"1400000US36005007600","Census Tract 76; Bronx County; New York","53320","18602",
"1400000US36005007700","Census Tract 77; Bronx County; New York","50733","9812",
"1400000US36005007800","Census Tract 78; Bronx County; New York","47216","6989",
"1400000US36005007900","Census Tract 79; Bronx County; New York","43081","18116",
"1400000US36005008300","Census Tract 83; Bronx County; New York","48634","9872",
"1400000US36005008400","Census Tract 84; Bronx County; New York","63631","24887",
"1400000US36005008500","Census Tract 85; Bronx County; New York","41535","15756",
"1400000US36005008600","Census Tract 86; Bronx County; New York","22671","10802",
"1400000US36005008700","Census Tract 87; Bronx County; New York","40188","5975",
"1400000US36005008900","Census Tract 89; Bronx County; New York","35914","7372",
"1400000US36005009000","Census Tract 90; Bronx County; New York","36806","18641",
"1400000US36005009200","Census Tract 92; Bronx County; New York","58717","13239",
"1400000US36005009301","Census Tract 93.01; Bronx County; New York","50962","12073",
"1400000US36005009302","Census Tract 93.02; Bronx County; New York","-","**",
"1400000US36005009600","Census Tract 96; Bronx County; New York","47212","12989",
"1400000US36005009800","Census Tract 98; Bronx County; New York","97896","66755",
"1400000US36005011000","Census Tract 110; Bronx County; New York","-","**",
"1400000US36005011502","Census Tract 115.02; Bronx County; New York","30922","8271",
"1400000US36005011701","Census Tract 117.01; Bronx County; New York","36857","8362",
"1400000US36005011702","Census Tract 117.02; Bronx County; New York","-","**",
"1400000US36005011800","Census Tract 118; Bronx County; New York","93319","33488",
"1400000US36005011900","Census Tract 119; Bronx County; New York","44122","23294",
"1400000US36005012101","Census Tract 121.01; Bronx County; New York","34464","15753",
"1400000US36005012102","Census Tract 121.02; Bronx County; New York","28200","10068",
"1400000US36005012300","Census Tract 123; Bronx County; New York","36435","12746",
"1400000US36005012500","Census Tract 125; Bronx County; New York","55772","13926",
"1400000US36005012701","Census Tract 127.01; Bronx County; New York","34688","12486",
"1400000US36005012901","Census Tract 129.01; Bronx County; New York","39409","25226",
"1400000US36005013000","Census Tract 130; Bronx County; New York","59595","26410",
"1400000US36005013100","Census Tract 131; Bronx County; New York","19760","7362",
"1400000US36005013200","Census Tract 132; Bronx County; New York","107563","21087",
"1400000US36005013300","Census Tract 133; Bronx County; New York","28560","14501",
"1400000US36005013500","Census Tract 135; Bronx County; New York","26125","12163",
"1400000US36005013800","Census Tract 138; Bronx County; New York","92567","39078",
"1400000US36005014100","Census Tract 141; Bronx County; New York","38816","8719",
"1400000US36005014300","Census Tract 143; Bronx County; New York","12367","4169",
"1400000US36005014400","Census Tract 144; Bronx County; New York","30288","16993",
"1400000US36005014500","Census Tract 145; Bronx County; New York","28104","11820",
"1400000US36005014701","Census Tract 147.01; Bronx County; New York","35277","31482",
"1400000US36005014702","Census Tract 147.02; Bronx County; New York","23825","16301",
"1400000US36005014900","Census Tract 149; Bronx County; New York","35982","9369",
"1400000US36005015100","Census Tract 151; Bronx County; New York","31298","13656",
"1400000US36005015200","Census Tract 152; Bronx County; New York","81875","12728",
"1400000US36005015300","Census Tract 153; Bronx County; New York","33028","12818",
"1400000US36005015500","Census Tract 155; Bronx County; New York","43913","13097",
"1400000US36005015700","Census Tract 157; Bronx County; New York","46504","11191",
"1400000US36005015800","Census Tract 158; Bronx County; New York","87656","22686",
"1400000US36005015900","Census Tract 159; Bronx County; New York","25686","5727",
"1400000US36005016000","Census Tract 160; Bronx County; New York","90221","27185",
"1400000US36005016100","Census Tract 161; Bronx County; New York","23210","7817",
"1400000US36005016200","Census Tract 162; Bronx County; New York","121645","31975",
"1400000US36005016300","Census Tract 163; Bronx County; New York","-","**",
"1400000US36005016400","Census Tract 164; Bronx County; New York","69057","15004",
"1400000US36005016500","Census Tract 165; Bronx County; New York","52446","41133",
"1400000US36005016600","Census Tract 166; Bronx County; New York","109519","11112",
"1400000US36005016700","Census Tract 167; Bronx County; New York","45363","9918",
"1400000US36005016900","Census Tract 169; Bronx County; New York","42168","18676",
"1400000US36005017100","Census Tract 171; Bronx County; New York","-","**",
"1400000US36005017300","Census Tract 173; Bronx County; New York","33269","30176",
"1400000US36005017500","Census Tract 175; Bronx County; New York","18474","16132",
"1400000US36005017701","Census Tract 177.01; Bronx County; New York","62126","12968",
"1400000US36005017702","Census Tract 177.02; Bronx County; New York","40125","13265",
"1400000US36005017901","Census Tract 179.01; Bronx County; New York","47778","11748",
"1400000US36005017902","Census Tract 179.02; Bronx County; New York","42870","6144",
"1400000US36005018101","Census Tract 181.01; Bronx County; New York","55664","19213",
"1400000US36005018102","Census Tract 181.02; Bronx County; New York","31618","20231",
"1400000US36005018301","Census Tract 183.01; Bronx County; New York","46389","9602",
"1400000US36005018302","Census Tract 183.02; Bronx County; New York","68627","14227",
"1400000US36005018400","Census Tract 184; Bronx County; New York","92273","30241",
"1400000US36005018501","Census Tract 185.01; Bronx County; New York","49444","23662",
"1400000US36005018502","Census Tract 185.02; Bronx County; New York","28963","9300",
"1400000US36005018900","Census Tract 189; Bronx County; New York","54056","9014",
"1400000US36005019300","Census Tract 193; Bronx County; New York","46794","16310",
"1400000US36005019400","Census Tract 194; Bronx County; New York","100950","14442",
"1400000US36005019500","Census Tract 195; Bronx County; New York","45661","12286",
"1400000US36005019700","Census Tract 197; Bronx County; New York","25439","10377",
"1400000US36005019900","Census Tract 199; Bronx County; New York","34311","15661",
"1400000US36005020000","Census Tract 200; Bronx County; New York","46622","5815",
"1400000US36005020100","Census Tract 201; Bronx County; New York","32692","7401",
"1400000US36005020200","Census Tract 202; Bronx County; New York","53491","8069",
"1400000US36005020400","Census Tract 204; Bronx County; New York","55947","13083",
"1400000US36005020501","Census Tract 205.01; Bronx County; New York","27349","21168",
"1400000US36005020502","Census Tract 205.02; Bronx County; New York","39688","14556",
"1400000US36005020601","Census Tract 206.01; Bronx County; New York","86701","34172",
"1400000US36005020900","Census Tract 209; Bronx County; New York","38333","11833",
"1400000US36005021001","Census Tract 210.01; Bronx County; New York","52629","20965",
"1400000US36005021002","Census Tract 210.02; Bronx County; New York","73188","24694",
"1400000US36005021100","Census Tract 211; Bronx County; New York","52128","13508",
"1400000US36005021200","Census Tract 212; Bronx County; New York","68926","30784",
"1400000US36005021301","Census Tract 213.01; Bronx County; New York","37171","22538",
"1400000US36005021302","Census Tract 213.02; Bronx County; New York","37049","7284",
"1400000US36005021501","Census Tract 215.01; Bronx County; New York","37171","9289",
"1400000US36005021502","Census Tract 215.02; Bronx County; New York","20415","11310",
"1400000US36005021601","Census Tract 216.01; Bronx County; New York","33990","11900",
"1400000US36005021602","Census Tract 216.02; Bronx County; New York","58569","5322",
"1400000US36005021700","Census Tract 217; Bronx County; New York","36195","8977",
"1400000US36005021800","Census Tract 218; Bronx County; New York","60108","22550",
"1400000US36005021900","Census Tract 219; Bronx County; New York","48444","15844",
"1400000US36005022000","Census Tract 220; Bronx County; New York","23910","17288",
"1400000US36005022101","Census Tract 221.01; Bronx County; New York","52176","13475",
"1400000US36005022102","Census Tract 221.02; Bronx County; New York","33614","9812",
"1400000US36005022200","Census Tract 222; Bronx County; New York","48110","11457",
"1400000US36005022300","Census Tract 223; Bronx County; New York","45257","14165",
"1400000US36005022401","Census Tract 224.01; Bronx County; New York","53398","10458",
"1400000US36005022403","Census Tract 224.03; Bronx County; New York","72143","21255",
"1400000US36005022404","Census Tract 224.04; Bronx County; New York","61760","13225",
"1400000US36005022500","Census Tract 225; Bronx County; New York","50243","11939",
"1400000US36005022701","Census Tract 227.01; Bronx County; New York","37828","10254",
"1400000US36005022702","Census Tract 227.02; Bronx County; New York","34145","15960",
"1400000US36005022703","Census Tract 227.03; Bronx County; New York","60694","29032",
"1400000US36005022800","Census Tract 228; Bronx County; New York","83859","30656",
"1400000US36005022901","Census Tract 229.01; Bronx County; New York","52222","19295",
"1400000US36005022902","Census Tract 229.02; Bronx County; New York","47833","14401",
"1400000US36005023000","Census Tract 230; Bronx County; New York","53826","12623",
"1400000US36005023100","Census Tract 231; Bronx County; New York","-","**",
"1400000US36005023200","Census Tract 232; Bronx County; New York","50893","21691",
"1400000US36005023301","Census Tract 233.01; Bronx County; New York","37936","15651",
"1400000US36005023302","Census Tract 233.02; Bronx County; New York","69030","27225",
"1400000US36005023501","Census Tract 235.01; Bronx County; New York","19940","16137",
"1400000US36005023502","Census Tract 235.02; Bronx County; New York","41780","24061",
"1400000US36005023600","Census Tract 236; Bronx County; New York","52368","38608",
"1400000US36005023702","Census Tract 237.02; Bronx County; New York","34922","22957",
"1400000US36005023703","Census Tract 237.03; Bronx County; New York","32892","19804",
"1400000US36005023704","Census Tract 237.04; Bronx County; New York","32228","8934",
"1400000US36005023800","Census Tract 238; Bronx County; New York","64408","17539",
"1400000US36005023900","Census Tract 239; Bronx County; New York","37543","21661",
"1400000US36005024000","Census Tract 240; Bronx County; New York","68832","29377",
"1400000US36005024100","Census Tract 241; Bronx County; New York","22361","19412",
"1400000US36005024300","Census Tract 243; Bronx County; New York","30446","11340",
"1400000US36005024400","Census Tract 244; Bronx County; New York","82083","22258",
"1400000US36005024501","Census Tract 245.01; Bronx County; New York","45900","9779",
"1400000US36005024502","Census Tract 245.02; Bronx County; New York","60221","23314",
"1400000US36005024600","Census Tract 246; Bronx County; New York","97115","17244",
"1400000US36005024700","Census Tract 247; Bronx County; New York","48906","19358",
"1400000US36005024800","Census Tract 248; Bronx County; New York","61210","16526",
"1400000US36005024900","Census Tract 249; Bronx County; New York","-","**",
"1400000US36005025000","Census Tract 250; Bronx County; New York","109896","63212",
"1400000US36005025100","Census Tract 251; Bronx County; New York","36845","11386",
"1400000US36005025200","Census Tract 252; Bronx County; New York","83688","25196",
"1400000US36005025300","Census Tract 253; Bronx County; New York","42976","15429",
"1400000US36005025400","Census Tract 254; Bronx County; New York","90108","13890",
"1400000US36005025500","Census Tract 255; Bronx County; New York","49159","31787",
"1400000US36005025600","Census Tract 256; Bronx County; New York","60815","11650",
"1400000US36005025700","Census Tract 257; Bronx County; New York","38667","30661",
"1400000US36005026100","Census Tract 261; Bronx County; New York","59242","30296",
"1400000US36005026300","Census Tract 263; Bronx County; New York","42100","11695",
"1400000US36005026400","Census Tract 264; Bronx County; New York","65337","29075",
"1400000US36005026500","Census Tract 265; Bronx County; New York","71688","11270",
"1400000US36005026601","Census Tract 266.01; Bronx County; New York","51042","13575",
"1400000US36005026602","Census Tract 266.02; Bronx County; New York","53969","11533",
"1400000US36005026701","Census Tract 267.01; Bronx County; New York","52286","9192",
"1400000US36005026702","Census Tract 267.02; Bronx County; New York","75924","36932",
"1400000US36005026900","Census Tract 269; Bronx County; New York","27569","14647",
"1400000US36005027300","Census Tract 273; Bronx County; New York","51730","13590",
"1400000US36005027401","Census Tract 274.01; Bronx County; New York","105346","36772",
"1400000US36005027402","Census Tract 274.02; Bronx County; New York","108235","23859",
"1400000US36005027600","Census Tract 276; Bronx County; New York","-","**",
"1400000US36005027700","Census Tract 277; Bronx County; New York","48750","32539",
"1400000US36005027900","Census Tract 279; Bronx County; New York","72721","9462",
"1400000US36005028100","Census Tract 281; Bronx County; New York","65982","22571",
"1400000US36005028300","Census Tract 283; Bronx County; New York","13796","3491",
"1400000US36005028400","Census Tract 284; Bronx County; New York","-","**",
"1400000US36005028500","Census Tract 285; Bronx County; New York","70659","15837",
"1400000US36005028600","Census Tract 286; Bronx County; New York","72692","46379",
"1400000US36005028700","Census Tract 287; Bronx County; New York","62500","23405",
"1400000US36005028800","Census Tract 288; Bronx County; New York","97969","18828",
"1400000US36005028900","Census Tract 289; Bronx County; New York","61797","11882",
"1400000US36005029301","Census Tract 293.01; Bronx County; New York","145951","18320",
"1400000US36005029302","Census Tract 293.02; Bronx County; New York","133102","24240",
"1400000US36005029500","Census Tract 295; Bronx County; New York","98125","20623",
"1400000US36005029600","Census Tract 296; Bronx County; New York","57474","6042",
"1400000US36005029700","Census Tract 297; Bronx County; New York","100548","27599",
"1400000US36005030000","Census Tract 300; Bronx County; New York","78155","14953",
"1400000US36005030100","Census Tract 301; Bronx County; New York","80357","16560",
"1400000US36005030201","Census Tract 302.01; Bronx County; New York","69500","15761",
"1400000US36005030202","Census Tract 302.02; Bronx County; New York","74044","18374",
"1400000US36005030701","Census Tract 307.01; Bronx County; New York","109890","20470",
"1400000US36005030900","Census Tract 309; Bronx County; New York","117333","49636",
"1400000US36005031000","Census Tract 310; Bronx County; New York","148168","33500",
"1400000US36005031200","Census Tract 312; Bronx County; New York","108056","40504",
"1400000US36005031400","Census Tract 314; Bronx County; New York","111800","22032",
"1400000US36005031600","Census Tract 316; Bronx County; New York","79263","27877",
"1400000US36005031800","Census Tract 318; Bronx County; New York","96000","19711",
"1400000US36005031900","Census Tract 319; Bronx County; New York","-","**",
"1400000US36005032300","Census Tract 323; Bronx County; New York","95556","22034",
"1400000US36005032400","Census Tract 324; Bronx County; New York","31489","11302",
"1400000US36005032600","Census Tract 326; Bronx County; New York","89323","34551",
"1400000US36005032800","Census Tract 328; Bronx County; New York","49720","7440",
"1400000US36005033000","Census Tract 330; Bronx County; New York","40133","19261",
"1400000US36005033201","Census Tract 332.01; Bronx County; New York","35360","12201",
"1400000US36005033202","Census Tract 332.02; Bronx County; New York","50245","13700",
"1400000US36005033400","Census Tract 334; Bronx County; New York","-","**",
"1400000US36005033500","Census Tract 335; Bronx County; New York","109867","9403",
"1400000US36005033601","Census Tract 336.01; Bronx County; New York","20765","8049",
"1400000US36005033602","Census Tract 336.02; Bronx County; New York","70475","26910",
"1400000US36005033700","Census Tract 337; Bronx County; New York","125273","52756",
"1400000US36005033801","Census Tract 338.01; Bronx County; New York","72725","12395",
"1400000US36005033802","Census Tract 338.02; Bronx County; New York","62153","19388",
"1400000US36005034000","Census Tract 340; Bronx County; New York","63500","18670",
"1400000US36005034200","Census Tract 342; Bronx County; New York","73298","6770",
"1400000US36005034300","Census Tract 343; Bronx County; New York","76940","31070",
"1400000US36005034400","Census Tract 344; Bronx County; New York","79167","19210",
"1400000US36005034500","Census Tract 345; Bronx County; New York","100539","12838",
"1400000US36005034800","Census Tract 348; Bronx County; New York","55700","27949",
"1400000US36005035000","Census Tract 350; Bronx County; New York","72778","16690",
"1400000US36005035100","Census Tract 351; Bronx County; New York","94948","44712",
"1400000US36005035600","Census Tract 356; Bronx County; New York","85962","28307",
"1400000US36005035800","Census Tract 358; Bronx County; New York","87553","19553",
"1400000US36005035900","Census Tract 359; Bronx County; New York","34472","12519",
"1400000US36005036000","Census Tract 360; Bronx County; New York","85708","15340",
"1400000US36005036100","Census Tract 361; Bronx County; New York","29250","20424",
"1400000US36005036300","Census Tract 363; Bronx County; New York","27273","10637",
"1400000US36005036400","Census Tract 364; Bronx County; New York","64850","21548",
"1400000US36005036501","Census Tract 365.01; Bronx County; New York","47739","6406",
"1400000US36005036502","Census Tract 365.02; Bronx County; New York","27110","9637",
"1400000US36005036700","Census Tract 367; Bronx County; New York","27465","9457",
"1400000US36005036800","Census Tract 368; Bronx County; New York","65781","28858",
"1400000US36005036901","Census Tract 369.01; Bronx County; New York","16232","7229",
"1400000US36005036902","Census Tract 369.02; Bronx County; New York","36484","12922",
"1400000US36005037000","Census Tract 370; Bronx County; New York","108523","43686",
"1400000US36005037100","Census Tract 371; Bronx County; New York","39932","17019",
"1400000US36005037200","Census Tract 372; Bronx County; New York","75224","9388",
"1400000US36005037300","Census Tract 373; Bronx County; New York","50000","17648",
"1400000US36005037400","Census Tract 374; Bronx County; New York","35785","11843",
"1400000US36005037504","Census Tract 375.04; Bronx County; New York","40219","14692",
"1400000US36005037600","Census Tract 376; Bronx County; New York","60288","11556",
"1400000US36005037800","Census Tract 378; Bronx County; New York","65964","20623",
"1400000US36005037900","Census Tract 379; Bronx County; New York","50250","20573",
"1400000US36005038000","Census Tract 380; Bronx County; New York","48073","9315",
"1400000US36005038100","Census Tract 381; Bronx County; New York","42015","11336",
"1400000US36005038200","Census Tract 382; Bronx County; New York","83125","41013",
"1400000US36005038301","Census Tract 383.01; Bronx County; New York","44040","13828",
"1400000US36005038303","Census Tract 383.03; Bronx County; New York","45258","13001",
"1400000US36005038304","Census Tract 383.04; Bronx County; New York","26842","15741",
"1400000US36005038500","Census Tract 385; Bronx County; New York","13554","4996",
"1400000US36005038600","Census Tract 386; Bronx County; New York","68481","20490",
"1400000US36005038700","Census Tract 387; Bronx County; New York","44982","16942",
"1400000US36005038800","Census Tract 388; Bronx County; New York","61000","12346",
"1400000US36005038900","Census Tract 389; Bronx County; New York","46471","15999",
"1400000US36005039000","Census Tract 390; Bronx County; New York","56563","32850",
"1400000US36005039100","Census Tract 391; Bronx County; New York","34663","16083",
"1400000US36005039200","Census Tract 392; Bronx County; New York","67917","14383",
"1400000US36005039300","Census Tract 393; Bronx County; New York","27776","8262",
"1400000US36005039400","Census Tract 394; Bronx County; New York","60373","20175",
"1400000US36005039500","Census Tract 395; Bronx County; New York","21674","19537",
"1400000US36005039600","Census Tract 396; Bronx County; New York","48798","10847",
"1400000US36005039700","Census Tract 397; Bronx County; New York","31964","22875",
"1400000US36005039800","Census Tract 398; Bronx County; New York","28491","18330",
"1400000US36005039901","Census Tract 399.01; Bronx County; New York","43503","2913",
"1400000US36005039902","Census Tract 399.02; Bronx County; New York","43491","13184",
"1400000US36005040100","Census Tract 401; Bronx County; New York","28649","6075",
"1400000US36005040302","Census Tract 403.02; Bronx County; New York","37756","21201",
"1400000US36005040303","Census Tract 403.03; Bronx County; New York","42750","8465",
"1400000US36005040304","Census Tract 403.04; Bronx County; New York","36913","6312",
"1400000US36005040400","Census Tract 404; Bronx County; New York","65451","22535",
"1400000US36005040501","Census Tract 405.01; Bronx County; New York","42386","12281",
"1400000US36005040502","Census Tract 405.02; Bronx County; New York","38884","8509",
"1400000US36005040600","Census Tract 406; Bronx County; New York","48857","8159",
"1400000US36005040701","Census Tract 407.01; Bronx County; New York","46188","12572",
"1400000US36005040702","Census Tract 407.02; Bronx County; New York","33946","6901",
"1400000US36005040800","Census Tract 408; Bronx County; New York","41555","11228",
"1400000US36005040900","Census Tract 409; Bronx County; New York","67793","20545",
"1400000US36005041100","Census Tract 411; Bronx County; New York","54219","28425",
"1400000US36005041300","Census Tract 413; Bronx County; New York","60254","17231",
"1400000US36005041400","Census Tract 414; Bronx County; New York","125302","68907",
"1400000US36005041500","Census Tract 415; Bronx County; New York","50579","16999",
"1400000US36005041800","Census Tract 418; Bronx County; New York","62567","11750",
"1400000US36005041900","Census Tract 419; Bronx County; New York","57079","14216",
"1400000US36005042000","Census Tract 420; Bronx County; New York","31776","16156",
"1400000US36005042100","Census Tract 421; Bronx County; New York","52824","17933",
"1400000US36005042200","Census Tract 422; Bronx County; New York","75201","35545",
"1400000US36005042300","Census Tract 423; Bronx County; New York","71422","22746",
"1400000US36005042400","Census Tract 424; Bronx County; New York","106468","25008",
"1400000US36005042500","Census Tract 425; Bronx County; New York","48280","15655",
"1400000US36005042600","Census Tract 426; Bronx County; New York","99764","38246",
"1400000US36005042800","Census Tract 428; Bronx County; New York","168646","112521",
"1400000US36005042901","Census Tract 429.01; Bronx County; New York","46779","17578",
"1400000US36005042902","Census Tract 429.02; Bronx County; New York","44663","12493",
"1400000US36005043000","Census Tract 430; Bronx County; New York","85074","22045",
"1400000US36005043101","Census Tract 431.01; Bronx County; New York","40089","18894",
"1400000US36005043102","Census Tract 431.02; Bronx County; New York","50926","18889",
"1400000US36005043400","Census Tract 434; Bronx County; New York","76036","36501",
"1400000US36005043501","Census Tract 435.01; Bronx County; New York","-","**",
"1400000US36005043502","Census Tract 435.02; Bronx County; New York","-","**",
"1400000US36005043503","Census Tract 435.03; Bronx County; New York","-","**",
"1400000US36005043600","Census Tract 436; Bronx County; New York","84735","20551",
"1400000US36005044200","Census Tract 442; Bronx County; New York","56434","55148",
"1400000US36005044400","Census Tract 444; Bronx County; New York","89615","58943",
"1400000US36005044800","Census Tract 448; Bronx County; New York","104094","28957",
"1400000US36005044901","Census Tract 449.01; Bronx County; New York","91419","13990",
"1400000US36005044902","Census Tract 449.02; Bronx County; New York","99297","18508",
"1400000US36005045101","Census Tract 451.01; Bronx County; New York","77246","19280",
"1400000US36005045102","Census Tract 451.02; Bronx County; New York","99395","5864",
"1400000US36005045600","Census Tract 456; Bronx County; New York","79386","12039",
"1400000US36005045800","Census Tract 458; Bronx County; New York","30453","8199",
"1400000US36005046000","Census Tract 460; Bronx County; New York","44355","10595",
"1400000US36005046203","Census Tract 462.03; Bronx County; New York","40755","10732",
"1400000US36005046204","Census Tract 462.04; Bronx County; New York","63652","16895",
"1400000US36005046205","Census Tract 462.05; Bronx County; New York","75679","19132",
"1400000US36005046206","Census Tract 462.06; Bronx County; New York","67234","12525",
"1400000US36005046207","Census Tract 462.07; Bronx County; New York","59838","22544",
"1400000US36005046208","Census Tract 462.08; Bronx County; New York","87061","32217",
"1400000US36005046209","Census Tract 462.09; Bronx County; New York","30185","24453",
"1400000US36005048401","Census Tract 484.01; Bronx County; New York","88862","17745",
"1400000US36005048402","Census Tract 484.02; Bronx County; New York","-","**",
"1400000US36005050400","Census Tract 504; Bronx County; New York","-","**",
"1400000US36005051601","Census Tract 516.01; Bronx County; New York","103125","43009",
"1400000US36005051602","Census Tract 516.02; Bronx County; New York","-","**",
"1400000US36007000100","Census Tract 1; Broome County; New York","53362","6736",
"1400000US36007000200","Census Tract 2; Broome County; New York","41715","13334",
"1400000US36007000300","Census Tract 3; Broome County; New York","52966","22300",
"1400000US36007000400","Census Tract 4; Broome County; New York","36875","12491",
"1400000US36007000500","Census Tract 5; Broome County; New York","31051","5132",
"1400000US36007000600","Census Tract 6; Broome County; New York","55602","19091",
"1400000US36007000700","Census Tract 7; Broome County; New York","50607","7764",
"1400000US36007000900","Census Tract 9; Broome County; New York","-","**",
"1400000US36007001100","Census Tract 11; Broome County; New York","20221","8669",
"1400000US36007001200","Census Tract 12; Broome County; New York","14806","10353",
"1400000US36007001300","Census Tract 13; Broome County; New York","33900","14099",
"1400000US36007001401","Census Tract 14.01; Broome County; New York","37273","9471",
"1400000US36007001402","Census Tract 14.02; Broome County; New York","38750","21259",
"1400000US36007001500","Census Tract 15; Broome County; New York","86277","17593",
"1400000US36007001600","Census Tract 16; Broome County; New York","75000","24218",
"1400000US36007001700","Census Tract 17; Broome County; New York","56128","12250",
"1400000US36007001800","Census Tract 18; Broome County; New York","62832","10427",
"1400000US36007010200","Census Tract 102; Broome County; New York","69115","18577",
"1400000US36007011901","Census Tract 119.01; Broome County; New York","71875","15661",
"1400000US36007011902","Census Tract 119.02; Broome County; New York","64348","9784",
"1400000US36007011903","Census Tract 119.03; Broome County; New York","69375","8762",
"1400000US36007012000","Census Tract 120; Broome County; New York","69432","13318",
"1400000US36007012101","Census Tract 121.01; Broome County; New York","90234","23325",
"1400000US36007012102","Census Tract 121.02; Broome County; New York","88555","16298",
"1400000US36007012103","Census Tract 121.03; Broome County; New York","72083","16032",
"1400000US36007012201","Census Tract 122.01; Broome County; New York","89769","5558",
"1400000US36007012202","Census Tract 122.02; Broome County; New York","61359","4659",
"1400000US36007012300","Census Tract 123; Broome County; New York","61317","13855",
"1400000US36007012400","Census Tract 124; Broome County; New York","76724","6456",
"1400000US36007012501","Census Tract 125.01; Broome County; New York","61549","10155",
"1400000US36007012502","Census Tract 125.02; Broome County; New York","85000","15033",
"1400000US36007012600","Census Tract 126; Broome County; New York","58588","5240",
"1400000US36007012701","Census Tract 127.01; Broome County; New York","66356","15370",
"1400000US36007012702","Census Tract 127.02; Broome County; New York","105345","11088",
"1400000US36007012800","Census Tract 128; Broome County; New York","77864","14052",
"1400000US36007012900","Census Tract 129; Broome County; New York","83144","14620",
"1400000US36007013000","Census Tract 130; Broome County; New York","92782","12071",
"1400000US36007013100","Census Tract 131; Broome County; New York","44059","6234",
"1400000US36007013201","Census Tract 132.01; Broome County; New York","86369","11382",
"1400000US36007013202","Census Tract 132.02; Broome County; New York","89718","9715",
"1400000US36007013301","Census Tract 133.01; Broome County; New York","61397","8352",
"1400000US36007013303","Census Tract 133.03; Broome County; New York","85128","10356",
"1400000US36007013304","Census Tract 133.04; Broome County; New York","95903","34150",
"1400000US36007013400","Census Tract 134; Broome County; New York","56544","15119",
"1400000US36007013500","Census Tract 135; Broome County; New York","31250","6155",
"1400000US36007013600","Census Tract 136; Broome County; New York","37304","14507",
"1400000US36007013700","Census Tract 137; Broome County; New York","56455","12714",
"1400000US36007013800","Census Tract 138; Broome County; New York","52796","18629",
"1400000US36007013900","Census Tract 139; Broome County; New York","32533","16122",
"1400000US36007014000","Census Tract 140; Broome County; New York","39583","12170",
"1400000US36007014100","Census Tract 141; Broome County; New York","66250","11441",
"1400000US36007014200","Census Tract 142; Broome County; New York","74209","9557",
"1400000US36007014301","Census Tract 143.01; Broome County; New York","77725","19544",
"1400000US36007014302","Census Tract 143.02; Broome County; New York","51987","19252",
"1400000US36007014400","Census Tract 144; Broome County; New York","85057","12915",
"1400000US36007014500","Census Tract 145; Broome County; New York","86629","13535",
"1400000US36007014600","Census Tract 146; Broome County; New York","103068","26280",
"1400000US36009940000","Census Tract 9400; Cattaraugus County; New York","90417","59559",
"1400000US36009940200","Census Tract 9402; Cattaraugus County; New York","-","**",
"1400000US36009940301","Census Tract 9403.01; Cattaraugus County; New York","34602","7414",
"1400000US36009940302","Census Tract 9403.02; Cattaraugus County; New York","48056","7790",
"1400000US36009960100","Census Tract 9601; Cattaraugus County; New York","60451","9963",
"1400000US36009960200","Census Tract 9602; Cattaraugus County; New York","49672","16991",
"1400000US36009960300","Census Tract 9603; Cattaraugus County; New York","70517","6499",
"1400000US36009960400","Census Tract 9604; Cattaraugus County; New York","61020","3151",
"1400000US36009960500","Census Tract 9605; Cattaraugus County; New York","58902","6729",
"1400000US36009960600","Census Tract 9606; Cattaraugus County; New York","59630","13462",
"1400000US36009960703","Census Tract 9607.03; Cattaraugus County; New York","65114","11603",
"1400000US36009960704","Census Tract 9607.04; Cattaraugus County; New York","71350","19398",
"1400000US36009960800","Census Tract 9608; Cattaraugus County; New York","62027","8158",
"1400000US36009961000","Census Tract 9610; Cattaraugus County; New York","81351","7500",
"1400000US36009961100","Census Tract 9611; Cattaraugus County; New York","74728","16056",
"1400000US36009961200","Census Tract 9612; Cattaraugus County; New York","55607","8293",
"1400000US36009961301","Census Tract 9613.01; Cattaraugus County; New York","57206","12534",
"1400000US36009961302","Census Tract 9613.02; Cattaraugus County; New York","39549","11465",
"1400000US36009961400","Census Tract 9614; Cattaraugus County; New York","75647","7176",
"1400000US36009961500","Census Tract 9615; Cattaraugus County; New York","64402","17856",
"1400000US36009961600","Census Tract 9616; Cattaraugus County; New York","50000","6828",
"1400000US36009961700","Census Tract 9617; Cattaraugus County; New York","32870","11518",
"1400000US36009961800","Census Tract 9618; Cattaraugus County; New York","59053","10532",
"1400000US36009962200","Census Tract 9622; Cattaraugus County; New York","59563","12103",
"1400000US36011040101","Census Tract 401.01; Cayuga County; New York","71071","5037",
"1400000US36011040102","Census Tract 401.02; Cayuga County; New York","59750","9288",
"1400000US36011040201","Census Tract 402.01; Cayuga County; New York","79760","11398",
"1400000US36011040202","Census Tract 402.02; Cayuga County; New York","97019","11055",
"1400000US36011040300","Census Tract 403; Cayuga County; New York","61311","5186",
"1400000US36011040400","Census Tract 404; Cayuga County; New York","77031","10117",
"1400000US36011040500","Census Tract 405; Cayuga County; New York","82292","10999",
"1400000US36011040600","Census Tract 406; Cayuga County; New York","101585","18361",
"1400000US36011040700","Census Tract 407; Cayuga County; New York","102245","10082",
"1400000US36011040800","Census Tract 408; Cayuga County; New York","64366","7165",
"1400000US36011040900","Census Tract 409; Cayuga County; New York","69011","2932",
"1400000US36011041001","Census Tract 410.01; Cayuga County; New York","92667","11187",
"1400000US36011041002","Census Tract 410.02; Cayuga County; New York","86731","12442",
"1400000US36011041101","Census Tract 411.01; Cayuga County; New York","92216","6624",
"1400000US36011041102","Census Tract 411.02; Cayuga County; New York","76618","7409",
"1400000US36011041201","Census Tract 412.01; Cayuga County; New York","86042","25616",
"1400000US36011041202","Census Tract 412.02; Cayuga County; New York","94079","15640",
"1400000US36011041300","Census Tract 413; Cayuga County; New York","50503","10974",
"1400000US36011041400","Census Tract 414; Cayuga County; New York","42383","20890",
"1400000US36011041500","Census Tract 415; Cayuga County; New York","56786","3766",
"1400000US36011041600","Census Tract 416; Cayuga County; New York","64664","16353",
"1400000US36011041700","Census Tract 417; Cayuga County; New York","58283","12950",
"1400000US36011041800","Census Tract 418; Cayuga County; New York","53069","13189",
"1400000US36011042100","Census Tract 421; Cayuga County; New York","31356","2929",
"1400000US36011990200","Census Tract 9902; Cayuga County; New York","-","**",
"1400000US36013030100","Census Tract 301; Chautauqua County; New York","35327","5940",
"1400000US36013030200","Census Tract 302; Chautauqua County; New York","47696","7568",
"1400000US36013030300","Census Tract 303; Chautauqua County; New York","31950","20157",
"1400000US36013030400","Census Tract 304; Chautauqua County; New York","54830","18661",
"1400000US36013030500","Census Tract 305; Chautauqua County; New York","25587","11972",
"1400000US36013030600","Census Tract 306; Chautauqua County; New York","36250","13672",
"1400000US36013030700","Census Tract 307; Chautauqua County; New York","42167","10185",
"1400000US36013030800","Census Tract 308; Chautauqua County; New York","51650","2994",
"1400000US36013035100","Census Tract 351; Chautauqua County; New York","67446","13130",
"1400000US36013035300","Census Tract 353; Chautauqua County; New York","87083","13379",
"1400000US36013035400","Census Tract 354; Chautauqua County; New York","45819","8812",
"1400000US36013035500","Census Tract 355; Chautauqua County; New York","40994","10582",
"1400000US36013035600","Census Tract 356; Chautauqua County; New York","64757","9955",
"1400000US36013035700","Census Tract 357; Chautauqua County; New York","60500","8593",
"1400000US36013035800","Census Tract 358; Chautauqua County; New York","48708","9679",
"1400000US36013035901","Census Tract 359.01; Chautauqua County; New York","70938","24039",
"1400000US36013035902","Census Tract 359.02; Chautauqua County; New York","26250","23805",
"1400000US36013036000","Census Tract 360; Chautauqua County; New York","62692","12331",
"1400000US36013036100","Census Tract 361; Chautauqua County; New York","62114","4096",
"1400000US36013036300","Census Tract 363; Chautauqua County; New York","66333","9902",
"1400000US36013036401","Census Tract 364.01; Chautauqua County; New York","73333","24682",
"1400000US36013036402","Census Tract 364.02; Chautauqua County; New York","68917","14488",
"1400000US36013036500","Census Tract 365; Chautauqua County; New York","50921","10146",
"1400000US36013036600","Census Tract 366; Chautauqua County; New York","55250","6560",
"1400000US36013036700","Census Tract 367; Chautauqua County; New York","71795","9289",
"1400000US36013036801","Census Tract 368.01; Chautauqua County; New York","68816","6639",
"1400000US36013036802","Census Tract 368.02; Chautauqua County; New York","60167","12714",
"1400000US36013036901","Census Tract 369.01; Chautauqua County; New York","68217","11829",
"1400000US36013036902","Census Tract 369.02; Chautauqua County; New York","96298","45506",
"1400000US36013037000","Census Tract 370; Chautauqua County; New York","80385","19305",
"1400000US36013037100","Census Tract 371; Chautauqua County; New York","61648","12228",
"1400000US36013037200","Census Tract 372; Chautauqua County; New York","53214","11688",
"1400000US36013037300","Census Tract 373; Chautauqua County; New York","66750","17546",
"1400000US36013037400","Census Tract 374; Chautauqua County; New York","69464","9642",
"1400000US36013037500","Census Tract 375; Chautauqua County; New York","80000","9470",
"1400000US36013037600","Census Tract 376; Chautauqua County; New York","77607","16463",
"1400000US36013990000","Census Tract 9900; Chautauqua County; New York","-","**",
"1400000US36015000100","Census Tract 1; Chemung County; New York","43271","4429",
"1400000US36015000200","Census Tract 2; Chemung County; New York","53221","8005",
"1400000US36015000300","Census Tract 3; Chemung County; New York","-","**",
"1400000US36015000400","Census Tract 4; Chemung County; New York","57917","8395",
"1400000US36015000500","Census Tract 5; Chemung County; New York","54345","21328",
"1400000US36015000600","Census Tract 6; Chemung County; New York","25829","9031",
"1400000US36015000700","Census Tract 7; Chemung County; New York","14841","5152",
"1400000US36015000900","Census Tract 9; Chemung County; New York","40813","8965",
"1400000US36015001000","Census Tract 10; Chemung County; New York","37813","11107",
"1400000US36015001100","Census Tract 11; Chemung County; New York","58316","21360",
"1400000US36015010100","Census Tract 101; Chemung County; New York","64194","5283",
"1400000US36015010200","Census Tract 102; Chemung County; New York","74036","14325",
"1400000US36015010301","Census Tract 103.01; Chemung County; New York","92730","11372",
"1400000US36015010302","Census Tract 103.02; Chemung County; New York","80156","10617",
"1400000US36015010400","Census Tract 104; Chemung County; New York","69414","5273",
"1400000US36015010500","Census Tract 105; Chemung County; New York","56860","9518",
"1400000US36015010600","Census Tract 106; Chemung County; New York","66835","8972",
"1400000US36015010701","Census Tract 107.01; Chemung County; New York","87656","34338",
"1400000US36015010702","Census Tract 107.02; Chemung County; New York","91555","15009",
"1400000US36015010800","Census Tract 108; Chemung County; New York","55881","11963",
"1400000US36015010900","Census Tract 109; Chemung County; New York","111083","18775",
"1400000US36015011000","Census Tract 110; Chemung County; New York","67836","4454",
"1400000US36015011101","Census Tract 111.01; Chemung County; New York","56362","8324",
"1400000US36015011102","Census Tract 111.02; Chemung County; New York","70091","10197",
"1400000US36015011200","Census Tract 112; Chemung County; New York","60000","7373",
"1400000US36017970101","Census Tract 9701.01; Chenango County; New York","72241","8077",
"1400000US36017970102","Census Tract 9701.02; Chenango County; New York","54850","8041",
"1400000US36017970201","Census Tract 9702.01; Chenango County; New York","69594","5372",
"1400000US36017970202","Census Tract 9702.02; Chenango County; New York","61579","6124",
"1400000US36017970300","Census Tract 9703; Chenango County; New York","61837","13516",
"1400000US36017970400","Census Tract 9704; Chenango County; New York","41627","8941",
"1400000US36017970501","Census Tract 9705.01; Chenango County; New York","56089","10514",
"1400000US36017970502","Census Tract 9705.02; Chenango County; New York","66500","22591",
"1400000US36017970601","Census Tract 9706.01; Chenango County; New York","73640","5762",
"1400000US36017970602","Census Tract 9706.02; Chenango County; New York","63500","9159",
"1400000US36017970700","Census Tract 9707; Chenango County; New York","60536","15529",
"1400000US36017970801","Census Tract 9708.01; Chenango County; New York","74461","8466",
"1400000US36017970802","Census Tract 9708.02; Chenango County; New York","75521","11759",
"1400000US36017970901","Census Tract 9709.01; Chenango County; New York","47473","11940",
"1400000US36017970902","Census Tract 9709.02; Chenango County; New York","60744","10926",
"1400000US36017971000","Census Tract 9710; Chenango County; New York","66202","9069",
"1400000US36019100101","Census Tract 1001.01; Clinton County; New York","83654","22978",
"1400000US36019100102","Census Tract 1001.02; Clinton County; New York","49063","10610",
"1400000US36019100200","Census Tract 1002; Clinton County; New York","95648","12881",
"1400000US36019100600","Census Tract 1006; Clinton County; New York","87162","11182",
"1400000US36019100700","Census Tract 1007; Clinton County; New York","80208","14419",
"1400000US36019100800","Census Tract 1008; Clinton County; New York","72273","17488",
"1400000US36019100901","Census Tract 1009.01; Clinton County; New York","54440","12929",
"1400000US36019100902","Census Tract 1009.02; Clinton County; New York","60253","11816",
"1400000US36019101000","Census Tract 1010; Clinton County; New York","85754","8136",
"1400000US36019101600","Census Tract 1016; Clinton County; New York","47578","12358",
"1400000US36019101901","Census Tract 1019.01; Clinton County; New York","109896","41940",
"1400000US36019101902","Census Tract 1019.02; Clinton County; New York","98942","16841",
"1400000US36019102100","Census Tract 1021; Clinton County; New York","83667","21881",
"1400000US36019102200","Census Tract 1022; Clinton County; New York","40759","11852",
"1400000US36019102800","Census Tract 1028; Clinton County; New York","97685","25464",
"1400000US36019103000","Census Tract 1030; Clinton County; New York","-","**",
"1400000US36019103100","Census Tract 1031; Clinton County; New York","26526","9925",
"1400000US36019103200","Census Tract 1032; Clinton County; New York","65481","7974",
"1400000US36019103512","Census Tract 1035.12; Clinton County; New York","69500","8957",
"1400000US36019103800","Census Tract 1038; Clinton County; New York","76103","3712",
"1400000US36019103900","Census Tract 1039; Clinton County; New York","105370","24029",
"1400000US36019104200","Census Tract 1042; Clinton County; New York","58081","11322",
"1400000US36021000100","Census Tract 1; Columbia County; New York","75662","13426",
"1400000US36021000200","Census Tract 2; Columbia County; New York","107313","23382",
"1400000US36021000300","Census Tract 3; Columbia County; New York","107270","8524",
"1400000US36021000401","Census Tract 4.01; Columbia County; New York","77083","17623",
"1400000US36021000402","Census Tract 4.02; Columbia County; New York","88333","29392",
"1400000US36021000500","Census Tract 5; Columbia County; New York","66000","15350",
"1400000US36021000600","Census Tract 6; Columbia County; New York","98958","19630",
"1400000US36021000700","Census Tract 7; Columbia County; New York","82092","30274",
"1400000US36021000800","Census Tract 8; Columbia County; New York","113021","40898",
"1400000US36021000900","Census Tract 9; Columbia County; New York","76700","12507",
"1400000US36021001000","Census Tract 10; Columbia County; New York","74111","11263",
"1400000US36021001100","Census Tract 11; Columbia County; New York","-","**",
"1400000US36021001200","Census Tract 12; Columbia County; New York","54122","14682",
"1400000US36021001300","Census Tract 13; Columbia County; New York","55089","24482",
"1400000US36021001400","Census Tract 14; Columbia County; New York","54024","13580",
"1400000US36021001500","Census Tract 15; Columbia County; New York","86250","16089",
"1400000US36021001600","Census Tract 16; Columbia County; New York","113611","40041",
"1400000US36021001700","Census Tract 17; Columbia County; New York","99773","22252",
"1400000US36021001800","Census Tract 18; Columbia County; New York","89412","13741",
"1400000US36021001900","Census Tract 19; Columbia County; New York","95104","15935",
"1400000US36021002000","Census Tract 20; Columbia County; New York","97564","12211",
"1400000US36023970100","Census Tract 9701; Cortland County; New York","79063","13483",
"1400000US36023970201","Census Tract 9702.01; Cortland County; New York","88750","11046",
"1400000US36023970202","Census Tract 9702.02; Cortland County; New York","74043","4655",
"1400000US36023970300","Census Tract 9703; Cortland County; New York","73958","10380",
"1400000US36023970400","Census Tract 9704; Cortland County; New York","66875","11509",
"1400000US36023970500","Census Tract 9705; Cortland County; New York","60952","16896",
"1400000US36023970600","Census Tract 9706; Cortland County; New York","45813","18463",
"1400000US36023970700","Census Tract 9707; Cortland County; New York","89229","10902",
"1400000US36023970800","Census Tract 9708; Cortland County; New York","-","**",
"1400000US36023970900","Census Tract 9709; Cortland County; New York","48009","8044",
"1400000US36023971000","Census Tract 9710; Cortland County; New York","83993","18895",
"1400000US36023971100","Census Tract 9711; Cortland County; New York","67258","5592",
"1400000US36023971200","Census Tract 9712; Cortland County; New York","78655","4927",
"1400000US36025970101","Census Tract 9701.01; Delaware County; New York","52118","8676",
"1400000US36025970102","Census Tract 9701.02; Delaware County; New York","79539","20230",
"1400000US36025970200","Census Tract 9702; Delaware County; New York","82925","8817",
"1400000US36025970300","Census Tract 9703; Delaware County; New York","64323","5929",
"1400000US36025970401","Census Tract 9704.01; Delaware County; New York","54030","4692",
"1400000US36025970402","Census Tract 9704.02; Delaware County; New York","50208","14459",
"1400000US36025970501","Census Tract 9705.01; Delaware County; New York","48427","6797",
"1400000US36025970502","Census Tract 9705.02; Delaware County; New York","61350","6937",
"1400000US36025970601","Census Tract 9706.01; Delaware County; New York","48413","21051",
"1400000US36025970602","Census Tract 9706.02; Delaware County; New York","49567","22966",
"1400000US36025970700","Census Tract 9707; Delaware County; New York","69722","14372",
"1400000US36025970800","Census Tract 9708; Delaware County; New York","63043","6131",
"1400000US36025970900","Census Tract 9709; Delaware County; New York","-","**",
"1400000US36025971000","Census Tract 9710; Delaware County; New York","69907","8599",
"1400000US36025971100","Census Tract 9711; Delaware County; New York","58042","7036",
"1400000US36025971200","Census Tract 9712; Delaware County; New York","78021","7449",
"1400000US36025971300","Census Tract 9713; Delaware County; New York","67222","14724",
"1400000US36025971400","Census Tract 9714; Delaware County; New York","62243","11429",
"1400000US36027010000","Census Tract 100; Dutchess County; New York","76426","14922",
"1400000US36027020003","Census Tract 200.03; Dutchess County; New York","118404","12022",
"1400000US36027020004","Census Tract 200.04; Dutchess County; New York","141830","29633",
"1400000US36027020005","Census Tract 200.05; Dutchess County; New York","140219","28650",
"1400000US36027030000","Census Tract 300; Dutchess County; New York","125685","16710",
"1400000US36027040001","Census Tract 400.01; Dutchess County; New York","85833","38797",
"1400000US36027040003","Census Tract 400.03; Dutchess County; New York","99934","35555",
"1400000US36027050102","Census Tract 501.02; Dutchess County; New York","138047","29632",
"1400000US36027050103","Census Tract 501.03; Dutchess County; New York","116196","22145",
"1400000US36027050104","Census Tract 501.04; Dutchess County; New York","170833","42429",
"1400000US36027050203","Census Tract 502.03; Dutchess County; New York","127333","24100",
"1400000US36027050204","Census Tract 502.04; Dutchess County; New York","161667","16623",
"1400000US36027050205","Census Tract 502.05; Dutchess County; New York","117732","18285",
"1400000US36027060100","Census Tract 601; Dutchess County; New York","102045","22020",
"1400000US36027060201","Census Tract 602.01; Dutchess County; New York","108412","15785",
"1400000US36027060202","Census Tract 602.02; Dutchess County; New York","86921","19448",
"1400000US36027060301","Census Tract 603.01; Dutchess County; New York","123456","28253",
"1400000US36027060302","Census Tract 603.02; Dutchess County; New York","96591","7885",
"1400000US36027060400","Census Tract 604; Dutchess County; New York","97045","13456",
"1400000US36027070101","Census Tract 701.01; Dutchess County; New York","109000","21420",
"1400000US36027070102","Census Tract 701.02; Dutchess County; New York","90084","29748",
"1400000US36027070201","Census Tract 702.01; Dutchess County; New York","59688","15202",
"1400000US36027070301","Census Tract 703.01; Dutchess County; New York","88355","18289",
"1400000US36027070401","Census Tract 704.01; Dutchess County; New York","71750","31040",
"1400000US36027080103","Census Tract 801.03; Dutchess County; New York","126375","33849",
"1400000US36027080104","Census Tract 801.04; Dutchess County; New York","109542","17692",
"1400000US36027080201","Census Tract 802.01; Dutchess County; New York","138246","13624",
"1400000US36027080202","Census Tract 802.02; Dutchess County; New York","125708","24236",
"1400000US36027090000","Census Tract 900; Dutchess County; New York","104318","24883",
"1400000US36027100000","Census Tract 1000; Dutchess County; New York","84757","24956",
"1400000US36027110003","Census Tract 1100.03; Dutchess County; New York","154079","23298",
"1400000US36027110004","Census Tract 1100.04; Dutchess County; New York","111250","23199",
"1400000US36027110005","Census Tract 1100.05; Dutchess County; New York","86792","5100",
"1400000US36027120000","Census Tract 1200; Dutchess County; New York","102109","17822",
"1400000US36027130003","Census Tract 1300.03; Dutchess County; New York","82340","22728",
"1400000US36027130004","Census Tract 1300.04; Dutchess County; New York","151667","11963",
"1400000US36027130005","Census Tract 1300.05; Dutchess County; New York","105833","22061",
"1400000US36027140101","Census Tract 1401.01; Dutchess County; New York","64515","12905",
"1400000US36027140201","Census Tract 1402.01; Dutchess County; New York","74545","27567",
"1400000US36027140202","Census Tract 1402.02; Dutchess County; New York","98947","13427",
"1400000US36027140301","Census Tract 1403.01; Dutchess County; New York","66316","13870",
"1400000US36027140302","Census Tract 1403.02; Dutchess County; New York","78633","12653",
"1400000US36027140400","Census Tract 1404; Dutchess County; New York","142602","20498",
"1400000US36027140500","Census Tract 1405; Dutchess County; New York","73875","22485",
"1400000US36027140602","Census Tract 1406.02; Dutchess County; New York","109848","28697",
"1400000US36027140700","Census Tract 1407; Dutchess County; New York","150785","1783",
"1400000US36027140801","Census Tract 1408.01; Dutchess County; New York","106205","18043",
"1400000US36027150003","Census Tract 1500.03; Dutchess County; New York","83060","14744",
"1400000US36027150004","Census Tract 1500.04; Dutchess County; New York","115257","11665",
"1400000US36027150005","Census Tract 1500.05; Dutchess County; New York","142266","28498",
"1400000US36027150006","Census Tract 1500.06; Dutchess County; New York","107411","23750",
"1400000US36027160003","Census Tract 1600.03; Dutchess County; New York","116447","27096",
"1400000US36027160004","Census Tract 1600.04; Dutchess County; New York","138750","37845",
"1400000US36027160005","Census Tract 1600.05; Dutchess County; New York","70496","10298",
"1400000US36027170000","Census Tract 1700; Dutchess County; New York","88578","17666",
"1400000US36027180001","Census Tract 1800.01; Dutchess County; New York","102888","22001",
"1400000US36027190101","Census Tract 1901.01; Dutchess County; New York","138194","53239",
"1400000US36027190102","Census Tract 1901.02; Dutchess County; New York","98544","9682",
"1400000US36027190203","Census Tract 1902.03; Dutchess County; New York","100833","17242",
"1400000US36027190204","Census Tract 1902.04; Dutchess County; New York","124313","15961",
"1400000US36027190301","Census Tract 1903.01; Dutchess County; New York","82137","11032",
"1400000US36027190401","Census Tract 1904.01; Dutchess County; New York","125856","10329",
"1400000US36027190402","Census Tract 1904.02; Dutchess County; New York","79330","14959",
"1400000US36027200001","Census Tract 2000.01; Dutchess County; New York","122431","36861",
"1400000US36027200002","Census Tract 2000.02; Dutchess County; New York","74265","39057",
"1400000US36027210101","Census Tract 2101.01; Dutchess County; New York","120561","45813",
"1400000US36027210201","Census Tract 2102.01; Dutchess County; New York","74953","17397",
"1400000US36027210301","Census Tract 2103.01; Dutchess County; New York","113931","11654",
"1400000US36027220101","Census Tract 2201.01; Dutchess County; New York","39097","16348",
"1400000US36027220102","Census Tract 2201.02; Dutchess County; New York","48449","4244",
"1400000US36027220201","Census Tract 2202.01; Dutchess County; New York","73523","33085",
"1400000US36027220300","Census Tract 2203; Dutchess County; New York","40060","12668",
"1400000US36027220700","Census Tract 2207; Dutchess County; New York","68476","18032",
"1400000US36027220801","Census Tract 2208.01; Dutchess County; New York","62119","29125",
"1400000US36027220901","Census Tract 2209.01; Dutchess County; New York","60500","25205",
"1400000US36027221001","Census Tract 2210.01; Dutchess County; New York","115052","14917",
"1400000US36027221100","Census Tract 2211; Dutchess County; New York","62646","13078",
"1400000US36027300000","Census Tract 3000; Dutchess County; New York","65040","29226",
"1400000US36027410000","Census Tract 4100; Dutchess County; New York","86856","29168",
"1400000US36027610000","Census Tract 6100; Dutchess County; New York","-","**",
"1400000US36027640001","Census Tract 6400.01; Dutchess County; New York","-","**",
"1400000US36027640002","Census Tract 6400.02; Dutchess County; New York","-","**",
"1400000US36029000110","Census Tract 1.10; Erie County; New York","45698","14626",
"1400000US36029000200","Census Tract 2; Erie County; New York","59365","8183",
"1400000US36029000500","Census Tract 5; Erie County; New York","37074","14473",
"1400000US36029000600","Census Tract 6; Erie County; New York","87992","26608",
"1400000US36029000700","Census Tract 7; Erie County; New York","87500","29960",
"1400000US36029000800","Census Tract 8; Erie County; New York","69407","16013",
"1400000US36029000900","Census Tract 9; Erie County; New York","74655","13316",
"1400000US36029001000","Census Tract 10; Erie County; New York","60436","12802",
"1400000US36029001100","Census Tract 11; Erie County; New York","43092","13690",
"1400000US36029001403","Census Tract 14.03; Erie County; New York","23929","11272",
"1400000US36029001404","Census Tract 14.04; Erie County; New York","20974","6687",
"1400000US36029001500","Census Tract 15; Erie County; New York","35913","9312",
"1400000US36029001601","Census Tract 16.01; Erie County; New York","36250","5702",
"1400000US36029001602","Census Tract 16.02; Erie County; New York","41500","38374",
"1400000US36029001700","Census Tract 17; Erie County; New York","29236","27899",
"1400000US36029001900","Census Tract 19; Erie County; New York","51935","8759",
"1400000US36029002300","Census Tract 23; Erie County; New York","41250","17692",
"1400000US36029002400","Census Tract 24; Erie County; New York","44164","5947",
"1400000US36029002502","Census Tract 25.02; Erie County; New York","28241","7286",
"1400000US36029002703","Census Tract 27.03; Erie County; New York","-","**",
"1400000US36029002704","Census Tract 27.04; Erie County; New York","36944","22533",
"1400000US36029002801","Census Tract 28.01; Erie County; New York","38750","19935",
"1400000US36029002802","Census Tract 28.02; Erie County; New York","37694","11361",
"1400000US36029002900","Census Tract 29; Erie County; New York","33438","23992",
"1400000US36029003000","Census Tract 30; Erie County; New York","34952","18120",
"1400000US36029003100","Census Tract 31; Erie County; New York","26716","10832",
"1400000US36029003301","Census Tract 33.01; Erie County; New York","59209","15661",
"1400000US36029003302","Census Tract 33.02; Erie County; New York","35127","7816",
"1400000US36029003400","Census Tract 34; Erie County; New York","46789","17712",
"1400000US36029003501","Census Tract 35.01; Erie County; New York","19947","14440",
"1400000US36029003502","Census Tract 35.02; Erie County; New York","29899","12919",
"1400000US36029003600","Census Tract 36; Erie County; New York","38477","12345",
"1400000US36029003700","Census Tract 37; Erie County; New York","47708","24740",
"1400000US36029003800","Census Tract 38; Erie County; New York","33455","6546",
"1400000US36029003901","Census Tract 39.01; Erie County; New York","-","**",
"1400000US36029004002","Census Tract 40.02; Erie County; New York","37794","25582",
"1400000US36029004003","Census Tract 40.03; Erie County; New York","41392","11934",
"1400000US36029004100","Census Tract 41; Erie County; New York","39205","7907",
"1400000US36029004200","Census Tract 42; Erie County; New York","51250","15636",
"1400000US36029004300","Census Tract 43; Erie County; New York","47427","21955",
"1400000US36029004401","Census Tract 44.01; Erie County; New York","53338","11892",
"1400000US36029004402","Census Tract 44.02; Erie County; New York","30529","12029",
"1400000US36029004500","Census Tract 45; Erie County; New York","91652","26127",
"1400000US36029004601","Census Tract 46.01; Erie County; New York","67153","8267",
"1400000US36029004701","Census Tract 47.01; Erie County; New York","40990","12949",
"1400000US36029004702","Census Tract 47.02; Erie County; New York","41617","7293",
"1400000US36029004800","Census Tract 48; Erie County; New York","100521","25810",
"1400000US36029004901","Census Tract 49.01; Erie County; New York","60474","22670",
"1400000US36029004902","Census Tract 49.02; Erie County; New York","76471","18287",
"1400000US36029005000","Census Tract 50; Erie County; New York","62000","27777",
"1400000US36029005100","Census Tract 51; Erie County; New York","64352","14800",
"1400000US36029005201","Census Tract 52.01; Erie County; New York","105673","30643",
"1400000US36029005202","Census Tract 52.02; Erie County; New York","47115","20196",
"1400000US36029005300","Census Tract 53; Erie County; New York","65208","4482",
"1400000US36029005400","Census Tract 54; Erie County; New York","64870","11284",
"1400000US36029005500","Census Tract 55; Erie County; New York","26250","7528",
"1400000US36029005600","Census Tract 56; Erie County; New York","45750","8462",
"1400000US36029005700","Census Tract 57; Erie County; New York","41694","18925",
"1400000US36029005801","Census Tract 58.01; Erie County; New York","41274","2271",
"1400000US36029005802","Census Tract 58.02; Erie County; New York","47775","15558",
"1400000US36029005900","Census Tract 59; Erie County; New York","38845","8590",
"1400000US36029006100","Census Tract 61; Erie County; New York","50222","14841",
"1400000US36029006301","Census Tract 63.01; Erie County; New York","82019","18035",
"1400000US36029006302","Census Tract 63.02; Erie County; New York","92459","14618",
"1400000US36029006501","Census Tract 65.01; Erie County; New York","70380","12269",
"1400000US36029006601","Census Tract 66.01; Erie County; New York","74437","8526",
"1400000US36029006602","Census Tract 66.02; Erie County; New York","73250","30088",
"1400000US36029006701","Census Tract 67.01; Erie County; New York","53190","22937",
"1400000US36029006702","Census Tract 67.02; Erie County; New York","-","**",
"1400000US36029006801","Census Tract 68.01; Erie County; New York","73827","10302",
"1400000US36029006802","Census Tract 68.02; Erie County; New York","50728","12590",
"1400000US36029006901","Census Tract 69.01; Erie County; New York","58311","22617",
"1400000US36029006903","Census Tract 69.03; Erie County; New York","91042","26516",
"1400000US36029006904","Census Tract 69.04; Erie County; New York","59659","22023",
"1400000US36029007000","Census Tract 70; Erie County; New York","44960","16224",
"1400000US36029007102","Census Tract 71.02; Erie County; New York","53259","22304",
"1400000US36029007103","Census Tract 71.03; Erie County; New York","37230","14185",
"1400000US36029007104","Census Tract 71.04; Erie County; New York","22686","9161",
"1400000US36029007202","Census Tract 72.02; Erie County; New York","43879","10729",
"1400000US36029007303","Census Tract 73.03; Erie County; New York","97656","18537",
"1400000US36029007304","Census Tract 73.04; Erie County; New York","129661","26327",
"1400000US36029007305","Census Tract 73.05; Erie County; New York","112026","12107",
"1400000US36029007306","Census Tract 73.06; Erie County; New York","120258","10083",
"1400000US36029007600","Census Tract 76; Erie County; New York","51087","9549",
"1400000US36029007700","Census Tract 77; Erie County; New York","64805","10043",
"1400000US36029007800","Census Tract 78; Erie County; New York","55781","16922",
"1400000US36029007901","Census Tract 79.01; Erie County; New York","92125","31660",
"1400000US36029007902","Census Tract 79.02; Erie County; New York","98313","7122",
"1400000US36029007903","Census Tract 79.03; Erie County; New York","85250","13499",
"1400000US36029007904","Census Tract 79.04; Erie County; New York","72083","10635",
"1400000US36029007905","Census Tract 79.05; Erie County; New York","79250","5973",
"1400000US36029008001","Census Tract 80.01; Erie County; New York","84688","27868",
"1400000US36029008002","Census Tract 80.02; Erie County; New York","85816","6487",
"1400000US36029008003","Census Tract 80.03; Erie County; New York","70050","25876",
"1400000US36029008101","Census Tract 81.01; Erie County; New York","69335","9010",
"1400000US36029008102","Census Tract 81.02; Erie County; New York","90682","12673",
"1400000US36029008201","Census Tract 82.01; Erie County; New York","60938","14798",
"1400000US36029008202","Census Tract 82.02; Erie County; New York","55613","10879",
"1400000US36029008300","Census Tract 83; Erie County; New York","37875","13041",
"1400000US36029008400","Census Tract 84; Erie County; New York","68025","17039",
"1400000US36029008500","Census Tract 85; Erie County; New York","90321","7152",
"1400000US36029008600","Census Tract 86; Erie County; New York","87684","26150",
"1400000US36029008700","Census Tract 87; Erie County; New York","74006","8000",
"1400000US36029008800","Census Tract 88; Erie County; New York","78550","28804",
"1400000US36029008900","Census Tract 89; Erie County; New York","102300","18476",
"1400000US36029009004","Census Tract 90.04; Erie County; New York","111548","25232",
"1400000US36029009007","Census Tract 90.07; Erie County; New York","185848","19560",
"1400000US36029009008","Census Tract 90.08; Erie County; New York","72793","15683",
"1400000US36029009009","Census Tract 90.09; Erie County; New York","137188","11417",
"1400000US36029009010","Census Tract 90.10; Erie County; New York","123711","12590",
"1400000US36029009011","Census Tract 90.11; Erie County; New York","111897","24142",
"1400000US36029009012","Census Tract 90.12; Erie County; New York","81469","15343",
"1400000US36029009104","Census Tract 91.04; Erie County; New York","131342","12365",
"1400000US36029009106","Census Tract 91.06; Erie County; New York","91144","11170",
"1400000US36029009107","Census Tract 91.07; Erie County; New York","85063","16516",
"1400000US36029009109","Census Tract 91.09; Erie County; New York","72727","29677",
"1400000US36029009110","Census Tract 91.10; Erie County; New York","-","**",
"1400000US36029009112","Census Tract 91.12; Erie County; New York","48233","19802",
"1400000US36029009113","Census Tract 91.13; Erie County; New York","132885","24653",
"1400000US36029009114","Census Tract 91.14; Erie County; New York","102095","7845",
"1400000US36029009115","Census Tract 91.15; Erie County; New York","51373","9740",
"1400000US36029009116","Census Tract 91.16; Erie County; New York","66667","16444",
"1400000US36029009200","Census Tract 92; Erie County; New York","57917","14474",
"1400000US36029009301","Census Tract 93.01; Erie County; New York","48837","6626",
"1400000US36029009302","Census Tract 93.02; Erie County; New York","80997","13756",
"1400000US36029009401","Census Tract 94.01; Erie County; New York","92922","20999",
"1400000US36029009402","Census Tract 94.02; Erie County; New York","116864","6985",
"1400000US36029009501","Census Tract 95.01; Erie County; New York","137455","34049",
"1400000US36029009503","Census Tract 95.03; Erie County; New York","119185","51845",
"1400000US36029009504","Census Tract 95.04; Erie County; New York","83295","14846",
"1400000US36029009601","Census Tract 96.01; Erie County; New York","85625","11490",
"1400000US36029009602","Census Tract 96.02; Erie County; New York","80320","19297",
"1400000US36029009701","Census Tract 97.01; Erie County; New York","67219","26583",
"1400000US36029009702","Census Tract 97.02; Erie County; New York","78696","4052",
"1400000US36029009800","Census Tract 98; Erie County; New York","76750","21542",
"1400000US36029009900","Census Tract 99; Erie County; New York","72214","9726",
"1400000US36029010001","Census Tract 100.01; Erie County; New York","74766","10946",
"1400000US36029010002","Census Tract 100.02; Erie County; New York","53929","15631",
"1400000US36029010003","Census Tract 100.03; Erie County; New York","68011","9552",
"1400000US36029010101","Census Tract 101.01; Erie County; New York","79506","12165",
"1400000US36029010102","Census Tract 101.02; Erie County; New York","45444","8280",
"1400000US36029010103","Census Tract 101.03; Erie County; New York","83524","15978",
"1400000US36029010201","Census Tract 102.01; Erie County; New York","58836","11392",
"1400000US36029010202","Census Tract 102.02; Erie County; New York","62132","20649",
"1400000US36029010300","Census Tract 103; Erie County; New York","60500","31717",
"1400000US36029010400","Census Tract 104; Erie County; New York","54740","18265",
"1400000US36029010500","Census Tract 105; Erie County; New York","59710","13491",
"1400000US36029010600","Census Tract 106; Erie County; New York","77308","11476",
"1400000US36029010700","Census Tract 107; Erie County; New York","62353","10190",
"1400000US36029010803","Census Tract 108.03; Erie County; New York","77041","6817",
"1400000US36029010804","Census Tract 108.04; Erie County; New York","79444","11628",
"1400000US36029010805","Census Tract 108.05; Erie County; New York","85978","3202",
"1400000US36029010807","Census Tract 108.07; Erie County; New York","78889","35693",
"1400000US36029010808","Census Tract 108.08; Erie County; New York","66399","13240",
"1400000US36029010809","Census Tract 108.09; Erie County; New York","91843","6045",
"1400000US36029010901","Census Tract 109.01; Erie County; New York","72875","11866",
"1400000US36029010902","Census Tract 109.02; Erie County; New York","49591","13698",
"1400000US36029011000","Census Tract 110; Erie County; New York","64375","9714",
"1400000US36029011100","Census Tract 111; Erie County; New York","72429","3420",
"1400000US36029011201","Census Tract 112.01; Erie County; New York","118315","31479",
"1400000US36029011202","Census Tract 112.02; Erie County; New York","78472","8469",
"1400000US36029011300","Census Tract 113; Erie County; New York","74701","11393",
"1400000US36029011400","Census Tract 114; Erie County; New York","71060","5029",
"1400000US36029011500","Census Tract 115; Erie County; New York","56736","14511",
"1400000US36029011600","Census Tract 116; Erie County; New York","66362","2484",
"1400000US36029011700","Census Tract 117; Erie County; New York","64922","12045",
"1400000US36029011800","Census Tract 118; Erie County; New York","78125","17944",
"1400000US36029012001","Census Tract 120.01; Erie County; New York","87313","15384",
"1400000US36029012002","Census Tract 120.02; Erie County; New York","100556","20909",
"1400000US36029012003","Census Tract 120.03; Erie County; New York","117656","22262",
"1400000US36029012300","Census Tract 123; Erie County; New York","43733","10700",
"1400000US36029012400","Census Tract 124; Erie County; New York","36940","14189",
"1400000US36029012501","Census Tract 125.01; Erie County; New York","59945","7743",
"1400000US36029012502","Census Tract 125.02; Erie County; New York","70093","13235",
"1400000US36029012800","Census Tract 128; Erie County; New York","69856","14803",
"1400000US36029012902","Census Tract 129.02; Erie County; New York","71708","7115",
"1400000US36029012903","Census Tract 129.03; Erie County; New York","74301","12291",
"1400000US36029012904","Census Tract 129.04; Erie County; New York","80407","21024",
"1400000US36029013001","Census Tract 130.01; Erie County; New York","70410","11062",
"1400000US36029013002","Census Tract 130.02; Erie County; New York","77731","13178",
"1400000US36029013101","Census Tract 131.01; Erie County; New York","83528","11147",
"1400000US36029013103","Census Tract 131.03; Erie County; New York","150773","17169",
"1400000US36029013104","Census Tract 131.04; Erie County; New York","114087","18030",
"1400000US36029013201","Census Tract 132.01; Erie County; New York","89276","10338",
"1400000US36029013202","Census Tract 132.02; Erie County; New York","98199","26020",
"1400000US36029013300","Census Tract 133; Erie County; New York","87212","24431",
"1400000US36029013400","Census Tract 134; Erie County; New York","122500","25347",
"1400000US36029013501","Census Tract 135.01; Erie County; New York","100262","18271",
"1400000US36029013502","Census Tract 135.02; Erie County; New York","173411","28953",
"1400000US36029013600","Census Tract 136; Erie County; New York","103158","12228",
"1400000US36029013701","Census Tract 137.01; Erie County; New York","98395","14210",
"1400000US36029013702","Census Tract 137.02; Erie County; New York","137708","53736",
"1400000US36029013801","Census Tract 138.01; Erie County; New York","101107","20478",
"1400000US36029013802","Census Tract 138.02; Erie County; New York","93190","26195",
"1400000US36029013900","Census Tract 139; Erie County; New York","96600","12697",
"1400000US36029014000","Census Tract 140; Erie County; New York","121917","21818",
"1400000US36029014101","Census Tract 141.01; Erie County; New York","104913","20592",
"1400000US36029014102","Census Tract 141.02; Erie County; New York","130385","25171",
"1400000US36029014204","Census Tract 142.04; Erie County; New York","68542","5415",
"1400000US36029014206","Census Tract 142.06; Erie County; New York","153264","21072",
"1400000US36029014207","Census Tract 142.07; Erie County; New York","100542","31304",
"1400000US36029014208","Census Tract 142.08; Erie County; New York","107746","15853",
"1400000US36029014209","Census Tract 142.09; Erie County; New York","113704","13696",
"1400000US36029014300","Census Tract 143; Erie County; New York","78686","16889",
"1400000US36029014400","Census Tract 144; Erie County; New York","61946","7402",
"1400000US36029014501","Census Tract 145.01; Erie County; New York","85938","22976",
"1400000US36029014502","Census Tract 145.02; Erie County; New York","60404","13202",
"1400000US36029014601","Census Tract 146.01; Erie County; New York","90438","14930",
"1400000US36029014603","Census Tract 146.03; Erie County; New York","139881","29946",
"1400000US36029014605","Census Tract 146.05; Erie County; New York","138269","61206",
"1400000US36029014606","Census Tract 146.06; Erie County; New York","185536","21130",
"1400000US36029014701","Census Tract 147.01; Erie County; New York","147808","22180",
"1400000US36029014703","Census Tract 147.03; Erie County; New York","144220","18593",
"1400000US36029014704","Census Tract 147.04; Erie County; New York","70435","12315",
"1400000US36029014801","Census Tract 148.01; Erie County; New York","45823","9364",
"1400000US36029014804","Census Tract 148.04; Erie County; New York","83832","10382",
"1400000US36029014805","Census Tract 148.05; Erie County; New York","110319","24916",
"1400000US36029014901","Census Tract 149.01; Erie County; New York","70541","11681",
"1400000US36029014903","Census Tract 149.03; Erie County; New York","95915","12309",
"1400000US36029015001","Census Tract 150.01; Erie County; New York","92787","22688",
"1400000US36029015002","Census Tract 150.02; Erie County; New York","88590","18770",
"1400000US36029015003","Census Tract 150.03; Erie County; New York","66198","18404",
"1400000US36029015101","Census Tract 151.01; Erie County; New York","97935","14822",
"1400000US36029015102","Census Tract 151.02; Erie County; New York","84583","33949",
"1400000US36029015201","Census Tract 152.01; Erie County; New York","81103","32849",
"1400000US36029015202","Census Tract 152.02; Erie County; New York","95889","18378",
"1400000US36029015301","Census Tract 153.01; Erie County; New York","86711","6217",
"1400000US36029015302","Census Tract 153.02; Erie County; New York","106250","15888",
"1400000US36029015401","Census Tract 154.01; Erie County; New York","87572","11832",
"1400000US36029015402","Census Tract 154.02; Erie County; New York","65897","8524",
"1400000US36029015501","Census Tract 155.01; Erie County; New York","81108","6350",
"1400000US36029015503","Census Tract 155.03; Erie County; New York","68667","17160",
"1400000US36029015504","Census Tract 155.04; Erie County; New York","59968","6168",
"1400000US36029015600","Census Tract 156; Erie County; New York","89531","23880",
"1400000US36029015700","Census Tract 157; Erie County; New York","100270","22348",
"1400000US36029015800","Census Tract 158; Erie County; New York","84000","29894",
"1400000US36029015900","Census Tract 159; Erie County; New York","71996","20592",
"1400000US36029016200","Census Tract 162; Erie County; New York","56827","14784",
"1400000US36029016300","Census Tract 163; Erie County; New York","30313","6374",
"1400000US36029016400","Census Tract 164; Erie County; New York","46291","22621",
"1400000US36029016500","Census Tract 165; Erie County; New York","66231","9191",
"1400000US36029016600","Census Tract 166; Erie County; New York","28320","12845",
"1400000US36029016700","Census Tract 167; Erie County; New York","40441","7759",
"1400000US36029016801","Census Tract 168.01; Erie County; New York","28250","13521",
"1400000US36029016802","Census Tract 168.02; Erie County; New York","53811","11494",
"1400000US36029016900","Census Tract 169; Erie County; New York","108426","18024",
"1400000US36029017000","Census Tract 170; Erie County; New York","43043","12605",
"1400000US36029017100","Census Tract 171; Erie County; New York","39763","13038",
"1400000US36029017200","Census Tract 172; Erie County; New York","48887","8787",
"1400000US36029017301","Census Tract 173.01; Erie County; New York","113019","9438",
"1400000US36029017302","Census Tract 173.02; Erie County; New York","76250","24670",
"1400000US36029017400","Census Tract 174; Erie County; New York","48299","9528",
"1400000US36029017501","Census Tract 175.01; Erie County; New York","50843","2655",
"1400000US36029017502","Census Tract 175.02; Erie County; New York","71250","11936",
"1400000US36029940000","Census Tract 9400; Erie County; New York","47530","9409",
"1400000US36029940100","Census Tract 9401; Erie County; New York","-","**",
"1400000US36029980000","Census Tract 9800; Erie County; New York","-","**",
"1400000US36029980300","Census Tract 9803; Erie County; New York","-","**",
"1400000US36029980400","Census Tract 9804; Erie County; New York","-","**",
"1400000US36029980500","Census Tract 9805; Erie County; New York","-","**",
"1400000US36029990000","Census Tract 9900; Erie County; New York","-","**",
"1400000US36031960100","Census Tract 9601; Essex County; New York","65278","23723",
"1400000US36031960200","Census Tract 9602; Essex County; New York","72380","18595",
"1400000US36031960300","Census Tract 9603; Essex County; New York","81525","8326",
"1400000US36031960401","Census Tract 9604.01; Essex County; New York","50500","13429",
"1400000US36031960402","Census Tract 9604.02; Essex County; New York","52277","30623",
"1400000US36031960501","Census Tract 9605.01; Essex County; New York","76830","27932",
"1400000US36031960502","Census Tract 9605.02; Essex County; New York","106395","42730",
"1400000US36031960700","Census Tract 9607; Essex County; New York","80000","11630",
"1400000US36031960800","Census Tract 9608; Essex County; New York","69766","25620",
"1400000US36031960901","Census Tract 9609.01; Essex County; New York","53250","13329",
"1400000US36031960902","Census Tract 9609.02; Essex County; New York","84286","16818",
"1400000US36031961001","Census Tract 9610.01; Essex County; New York","64116","13332",
"1400000US36031961002","Census Tract 9610.02; Essex County; New York","58640","14981",
"1400000US36031961100","Census Tract 9611; Essex County; New York","82813","25451",
"1400000US36031961201","Census Tract 9612.01; Essex County; New York","79250","19086",
"1400000US36031961202","Census Tract 9612.02; Essex County; New York","54814","11090",
"1400000US36031961300","Census Tract 9613; Essex County; New York","69955","9767",
"1400000US36031961400","Census Tract 9614; Essex County; New York","76500","5808",
"1400000US36033940000","Census Tract 9400; Franklin County; New York","52191","11576",
"1400000US36033950200","Census Tract 9502; Franklin County; New York","52038","4773",
"1400000US36033950301","Census Tract 9503.01; Franklin County; New York","64517","8499",
"1400000US36033950501","Census Tract 9505.01; Franklin County; New York","56304","19284",
"1400000US36033950502","Census Tract 9505.02; Franklin County; New York","94038","31524",
"1400000US36033950601","Census Tract 9506.01; Franklin County; New York","78125","13160",
"1400000US36033950701","Census Tract 9507.01; Franklin County; New York","74063","13021",
"1400000US36033950800","Census Tract 9508; Franklin County; New York","77404","12634",
"1400000US36033950900","Census Tract 9509; Franklin County; New York","70379","17406",
"1400000US36033951000","Census Tract 9510; Franklin County; New York","66343","4191",
"1400000US36033951100","Census Tract 9511; Franklin County; New York","59241","15078",
"1400000US36033951200","Census Tract 9512; Franklin County; New York","70601","9940",
"1400000US36033951300","Census Tract 9513; Franklin County; New York","68644","3072",
"1400000US36033951400","Census Tract 9514; Franklin County; New York","74196","12780",
"1400000US36033952000","Census Tract 9520; Franklin County; New York","69074","9183",
"1400000US36035970100","Census Tract 9701; Fulton County; New York","72065","12901",
"1400000US36035970200","Census Tract 9702; Fulton County; New York","67500","22953",
"1400000US36035970300","Census Tract 9703; Fulton County; New York","75893","18452",
"1400000US36035970400","Census Tract 9704; Fulton County; New York","69750","10027",
"1400000US36035970500","Census Tract 9705; Fulton County; New York","71691","9918",
"1400000US36035970601","Census Tract 9706.01; Fulton County; New York","90000","28259",
"1400000US36035970602","Census Tract 9706.02; Fulton County; New York","100625","26034",
"1400000US36035970700","Census Tract 9707; Fulton County; New York","46595","14882",
"1400000US36035970800","Census Tract 9708; Fulton County; New York","46875","22953",
"1400000US36035970900","Census Tract 9709; Fulton County; New York","49406","3952",
"1400000US36035971000","Census Tract 9710; Fulton County; New York","69250","17029",
"1400000US36035971100","Census Tract 9711; Fulton County; New York","52887","8323",
"1400000US36035971200","Census Tract 9712; Fulton County; New York","53281","19783",
"1400000US36035971300","Census Tract 9713; Fulton County; New York","69364","12059",
"1400000US36035971400","Census Tract 9714; Fulton County; New York","91914","18338",
"1400000US36035971501","Census Tract 9715.01; Fulton County; New York","101283","7442",
"1400000US36035971502","Census Tract 9715.02; Fulton County; New York","63167","26127",
"1400000US36037940100","Census Tract 9401; Genesee County; New York","44545","22703",
"1400000US36037950100","Census Tract 9501; Genesee County; New York","80325","8543",
"1400000US36037950200","Census Tract 9502; Genesee County; New York","75350","8008",
"1400000US36037950301","Census Tract 9503.01; Genesee County; New York","95893","20430",
"1400000US36037950302","Census Tract 9503.02; Genesee County; New York","82500","9694",
"1400000US36037950401","Census Tract 9504.01; Genesee County; New York","63365","13409",
"1400000US36037950402","Census Tract 9504.02; Genesee County; New York","69453","21611",
"1400000US36037950501","Census Tract 9505.01; Genesee County; New York","56848","22596",
"1400000US36037950502","Census Tract 9505.02; Genesee County; New York","63403","11742",
"1400000US36037950600","Census Tract 9506; Genesee County; New York","64028","47623",
"1400000US36037950700","Census Tract 9507; Genesee County; New York","58170","29791",
"1400000US36037950800","Census Tract 9508; Genesee County; New York","58733","2889",
"1400000US36037950900","Census Tract 9509; Genesee County; New York","74889","23670",
"1400000US36037951000","Census Tract 9510; Genesee County; New York","55710","8350",
"1400000US36037951100","Census Tract 9511; Genesee County; New York","82889","3066",
"1400000US36037951200","Census Tract 9512; Genesee County; New York","62008","21612",
"1400000US36037951300","Census Tract 9513; Genesee County; New York","84219","8696",
"1400000US36037951400","Census Tract 9514; Genesee County; New York","84583","13458",
"1400000US36039080100","Census Tract 801; Greene County; New York","100182","20942",
"1400000US36039080201","Census Tract 802.01; Greene County; New York","81406","19891",
"1400000US36039080202","Census Tract 802.02; Greene County; New York","81471","15174",
"1400000US36039080301","Census Tract 803.01; Greene County; New York","76477","17040",
"1400000US36039080302","Census Tract 803.02; Greene County; New York","60000","16716",
"1400000US36039080402","Census Tract 804.02; Greene County; New York","75982","17215",
"1400000US36039080403","Census Tract 804.03; Greene County; New York","91591","67024",
"1400000US36039080404","Census Tract 804.04; Greene County; New York","65577","9764",
"1400000US36039080501","Census Tract 805.01; Greene County; New York","61361","10675",
"1400000US36039080502","Census Tract 805.02; Greene County; New York","85121","10328",
"1400000US36039080600","Census Tract 806; Greene County; New York","97067","18684",
"1400000US36039080700","Census Tract 807; Greene County; New York","64911","29146",
"1400000US36039080800","Census Tract 808; Greene County; New York","-","**",
"1400000US36039080900","Census Tract 809; Greene County; New York","84896","13989",
"1400000US36039081001","Census Tract 810.01; Greene County; New York","58205","30728",
"1400000US36039081002","Census Tract 810.02; Greene County; New York","81270","11032",
"1400000US36039081101","Census Tract 811.01; Greene County; New York","73287","20018",
"1400000US36039081102","Census Tract 811.02; Greene County; New York","67632","8825",
"1400000US36041950100","Census Tract 9501; Hamilton County; New York","73036","4265",
"1400000US36041950300","Census Tract 9503; Hamilton County; New York","62824","16666",
"1400000US36041950400","Census Tract 9504; Hamilton County; New York","72143","10558",
"1400000US36041950500","Census Tract 9505; Hamilton County; New York","63846","8310",
"1400000US36043010100","Census Tract 101; Herkimer County; New York","79321","5195",
"1400000US36043010201","Census Tract 102.01; Herkimer County; New York","57500","5647",
"1400000US36043010202","Census Tract 102.02; Herkimer County; New York","71703","10085",
"1400000US36043010300","Census Tract 103; Herkimer County; New York","75497","17356",
"1400000US36043010400","Census Tract 104; Herkimer County; New York","50227","17838",
"1400000US36043010501","Census Tract 105.01; Herkimer County; New York","72813","19395",
"1400000US36043010502","Census Tract 105.02; Herkimer County; New York","71174","8105",
"1400000US36043010701","Census Tract 107.01; Herkimer County; New York","68438","27041",
"1400000US36043010702","Census Tract 107.02; Herkimer County; New York","41293","12572",
"1400000US36043010900","Census Tract 109; Herkimer County; New York","68795","8617",
"1400000US36043011001","Census Tract 110.01; Herkimer County; New York","67548","23079",
"1400000US36043011002","Census Tract 110.02; Herkimer County; New York","78365","18549",
"1400000US36043011100","Census Tract 111; Herkimer County; New York","36016","9633",
"1400000US36043011200","Census Tract 112; Herkimer County; New York","61563","24906",
"1400000US36043011301","Census Tract 113.01; Herkimer County; New York","84000","18137",
"1400000US36043011302","Census Tract 113.02; Herkimer County; New York","65469","17175",
"1400000US36043011400","Census Tract 114; Herkimer County; New York","83792","7088",
"1400000US36043011502","Census Tract 115.02; Herkimer County; New York","79821","33937",
"1400000US36043011503","Census Tract 115.03; Herkimer County; New York","100921","19556",
"1400000US36043011504","Census Tract 115.04; Herkimer County; New York","81705","15087",
"1400000US36045060101","Census Tract 601.01; Jefferson County; New York","99450","18933",
"1400000US36045060102","Census Tract 601.02; Jefferson County; New York","57171","15904",
"1400000US36045060201","Census Tract 602.01; Jefferson County; New York","99500","10298",
"1400000US36045060202","Census Tract 602.02; Jefferson County; New York","59265","11921",
"1400000US36045060203","Census Tract 602.03; Jefferson County; New York","84375","12696",
"1400000US36045060301","Census Tract 603.01; Jefferson County; New York","60976","9732",
"1400000US36045060302","Census Tract 603.02; Jefferson County; New York","81659","5767",
"1400000US36045060401","Census Tract 604.01; Jefferson County; New York","80270","15174",
"1400000US36045060402","Census Tract 604.02; Jefferson County; New York","87699","14123",
"1400000US36045060500","Census Tract 605; Jefferson County; New York","67625","23473",
"1400000US36045060601","Census Tract 606.01; Jefferson County; New York","86316","3054",
"1400000US36045060602","Census Tract 606.02; Jefferson County; New York","50661","8373",
"1400000US36045060700","Census Tract 607; Jefferson County; New York","74049","7238",
"1400000US36045060803","Census Tract 608.03; Jefferson County; New York","51091","18987",
"1400000US36045060805","Census Tract 608.05; Jefferson County; New York","72979","23511",
"1400000US36045060806","Census Tract 608.06; Jefferson County; New York","79801","11275",
"1400000US36045060901","Census Tract 609.01; Jefferson County; New York","64643","18792",
"1400000US36045060902","Census Tract 609.02; Jefferson County; New York","54699","6132",
"1400000US36045061000","Census Tract 610; Jefferson County; New York","57868","12142",
"1400000US36045061101","Census Tract 611.01; Jefferson County; New York","82188","25139",
"1400000US36045061102","Census Tract 611.02; Jefferson County; New York","79167","22249",
"1400000US36045061200","Census Tract 612; Jefferson County; New York","46354","25775",
"1400000US36045061300","Census Tract 613; Jefferson County; New York","47844","18343",
"1400000US36045061400","Census Tract 614; Jefferson County; New York","48290","12865",
"1400000US36045061500","Census Tract 615; Jefferson County; New York","49974","8262",
"1400000US36045061600","Census Tract 616; Jefferson County; New York","80861","8084",
"1400000US36045061700","Census Tract 617; Jefferson County; New York","84375","14513",
"1400000US36045061801","Census Tract 618.01; Jefferson County; New York","72064","11159",
"1400000US36045061802","Census Tract 618.02; Jefferson County; New York","63611","26185",
"1400000US36045061900","Census Tract 619; Jefferson County; New York","80000","14083",
"1400000US36045062100","Census Tract 621; Jefferson County; New York","48954","17854",
"1400000US36045062200","Census Tract 622; Jefferson County; New York","71174","20280",
"1400000US36045062400","Census Tract 624; Jefferson County; New York","85607","6559",
"1400000US36045062500","Census Tract 625; Jefferson County; New York","81503","4018",
"1400000US36045980000","Census Tract 9800; Jefferson County; New York","-","**",
"1400000US36045990001","Census Tract 9900.01; Jefferson County; New York","-","**",
"1400000US36047000100","Census Tract 1; Kings County; New York","178162","26387",
"1400000US36047000200","Census Tract 2; Kings County; New York","79375","19147",
"1400000US36047000301","Census Tract 3.01; Kings County; New York","185128","49511",
"1400000US36047000501","Census Tract 5.01; Kings County; New York","141364","44488",
"1400000US36047000502","Census Tract 5.02; Kings County; New York","168013","22843",
"1400000US36047000700","Census Tract 7; Kings County; New York","201827","72667",
"1400000US36047000900","Census Tract 9; Kings County; New York","205500","39244",
"1400000US36047001100","Census Tract 11; Kings County; New York","203958","64291",
"1400000US36047001300","Census Tract 13; Kings County; New York","139866","39564",
"1400000US36047001501","Census Tract 15.01; Kings County; New York","142560","37986",
"1400000US36047001502","Census Tract 15.02; Kings County; New York","138179","17075",
"1400000US36047001801","Census Tract 18.01; Kings County; New York","-","**",
"1400000US36047001802","Census Tract 18.02; Kings County; New York","-","**",
"1400000US36047001803","Census Tract 18.03; Kings County; New York","-","**",
"1400000US36047001804","Census Tract 18.04; Kings County; New York","-","**",
"1400000US36047002000","Census Tract 20; Kings County; New York","81458","16547",
"1400000US36047002100","Census Tract 21; Kings County; New York","250,000+","***",
"1400000US36047002200","Census Tract 22; Kings County; New York","41852","14340",
"1400000US36047002300","Census Tract 23; Kings County; New York","34977","18244",
"1400000US36047002901","Census Tract 29.01; Kings County; New York","22855","8873",
"1400000US36047003000","Census Tract 30; Kings County; New York","130473","16352",
"1400000US36047003101","Census Tract 31.01; Kings County; New York","158500","38103",
"1400000US36047003102","Census Tract 31.02; Kings County; New York","-","**",
"1400000US36047003300","Census Tract 33; Kings County; New York","136217","53315",
"1400000US36047003400","Census Tract 34; Kings County; New York","113143","20523",
"1400000US36047003500","Census Tract 35; Kings County; New York","123417","24195",
"1400000US36047003600","Census Tract 36; Kings County; New York","91583","11681",
"1400000US36047003700","Census Tract 37; Kings County; New York","181404","24545",
"1400000US36047003800","Census Tract 38; Kings County; New York","135313","24462",
"1400000US36047003900","Census Tract 39; Kings County; New York","187273","62103",
"1400000US36047004100","Census Tract 41; Kings County; New York","229002","5146",
"1400000US36047004300","Census Tract 43; Kings County; New York","161875","29859",
"1400000US36047004400","Census Tract 44; Kings County; New York","142143","21896",
"1400000US36047004500","Census Tract 45; Kings County; New York","189833","51460",
"1400000US36047004600","Census Tract 46; Kings County; New York","134773","122253",
"1400000US36047004700","Census Tract 47; Kings County; New York","145341","35057",
"1400000US36047004900","Census Tract 49; Kings County; New York","166667","27430",
"1400000US36047005000","Census Tract 50; Kings County; New York","134013","39125",
"1400000US36047005100","Census Tract 51; Kings County; New York","178913","40021",
"1400000US36047005201","Census Tract 52.01; Kings County; New York","40789","38693",
"1400000US36047005202","Census Tract 52.02; Kings County; New York","107143","6810",
"1400000US36047005301","Census Tract 53.01; Kings County; New York","126071","24385",
"1400000US36047005302","Census Tract 53.02; Kings County; New York","139609","24715",
"1400000US36047005303","Census Tract 53.03; Kings County; New York","203750","64651",
"1400000US36047005400","Census Tract 54; Kings County; New York","85342","13116",
"1400000US36047005601","Census Tract 56.01; Kings County; New York","104598","33386",
"1400000US36047005602","Census Tract 56.02; Kings County; New York","96397","18376",
"1400000US36047005800","Census Tract 58; Kings County; New York","77648","12807",
"1400000US36047005900","Census Tract 59; Kings County; New York","110288","24838",
"1400000US36047006000","Census Tract 60; Kings County; New York","88542","23522",
"1400000US36047006200","Census Tract 62; Kings County; New York","83500","33005",
"1400000US36047006300","Census Tract 63; Kings County; New York","188519","14129",
"1400000US36047006400","Census Tract 64; Kings County; New York","98846","39488",
"1400000US36047006500","Census Tract 65; Kings County; New York","202355","59968",
"1400000US36047006600","Census Tract 66; Kings County; New York","98158","21376",
"1400000US36047006700","Census Tract 67; Kings County; New York","214931","78953",
"1400000US36047006800","Census Tract 68; Kings County; New York","80938","19431",
"1400000US36047006901","Census Tract 69.01; Kings County; New York","149936","54573",
"1400000US36047006902","Census Tract 69.02; Kings County; New York","226136","39133",
"1400000US36047007000","Census Tract 70; Kings County; New York","87198","29538",
"1400000US36047007100","Census Tract 71; Kings County; New York","53786","21948",
"1400000US36047007200","Census Tract 72; Kings County; New York","64000","30104",
"1400000US36047007400","Census Tract 74; Kings County; New York","73454","6404",
"1400000US36047007500","Census Tract 75; Kings County; New York","169375","65500",
"1400000US36047007600","Census Tract 76; Kings County; New York","73681","23693",
"1400000US36047007700","Census Tract 77; Kings County; New York","212827","26089",
"1400000US36047007800","Census Tract 78; Kings County; New York","79981","22078",
"1400000US36047008000","Census Tract 80; Kings County; New York","71250","24113",
"1400000US36047008200","Census Tract 82; Kings County; New York","53500","29580",
"1400000US36047008400","Census Tract 84; Kings County; New York","116100","29413",
"1400000US36047008500","Census Tract 85; Kings County; New York","27854","6610",
"1400000US36047008600","Census Tract 86; Kings County; New York","-","**",
"1400000US36047008800","Census Tract 88; Kings County; New York","95707","2994",
"1400000US36047009001","Census Tract 90.01; Kings County; New York","45945","8195",
"1400000US36047009002","Census Tract 90.02; Kings County; New York","62225","13957",
"1400000US36047009201","Census Tract 92.01; Kings County; New York","83824","51513",
"1400000US36047009202","Census Tract 92.02; Kings County; New York","53641","15556",
"1400000US36047009401","Census Tract 94.01; Kings County; New York","49620","12061",
"1400000US36047009402","Census Tract 94.02; Kings County; New York","85929","32583",
"1400000US36047009600","Census Tract 96; Kings County; New York","83664","4762",
"1400000US36047009800","Census Tract 98; Kings County; New York","60679","16626",
"1400000US36047010000","Census Tract 100; Kings County; New York","57881","30346",
"1400000US36047010100","Census Tract 101; Kings County; New York","136705","68668",
"1400000US36047010200","Census Tract 102; Kings County; New York","65668","21882",
"1400000US36047010401","Census Tract 104.01; Kings County; New York","56875","26642",
"1400000US36047010402","Census Tract 104.02; Kings County; New York","40255","16814",
"1400000US36047010601","Census Tract 106.01; Kings County; New York","45106","13178",
"1400000US36047010602","Census Tract 106.02; Kings County; New York","65372","14022",
"1400000US36047010801","Census Tract 108.01; Kings County; New York","66143","22126",
"1400000US36047010802","Census Tract 108.02; Kings County; New York","69479","26892",
"1400000US36047011000","Census Tract 110; Kings County; New York","86932","26783",
"1400000US36047011200","Census Tract 112; Kings County; New York","60348","14732",
"1400000US36047011400","Census Tract 114; Kings County; New York","74063","21586",
"1400000US36047011600","Census Tract 116; Kings County; New York","65551","26815",
"1400000US36047011700","Census Tract 117; Kings County; New York","153348","47763",
"1400000US36047011800","Census Tract 118; Kings County; New York","62273","29905",
"1400000US36047011901","Census Tract 119.01; Kings County; New York","165179","52158",
"1400000US36047011902","Census Tract 119.02; Kings County; New York","-","**",
"1400000US36047012000","Census Tract 120; Kings County; New York","72987","17856",
"1400000US36047012100","Census Tract 121; Kings County; New York","130357","21190",
"1400000US36047012200","Census Tract 122; Kings County; New York","54071","20110",
"1400000US36047012600","Census Tract 126; Kings County; New York","81477","21073",
"1400000US36047012700","Census Tract 127; Kings County; New York","63750","63662",
"1400000US36047012801","Census Tract 128.01; Kings County; New York","74306","21203",
"1400000US36047012901","Census Tract 129.01; Kings County; New York","250,000+","***",
"1400000US36047012902","Census Tract 129.02; Kings County; New York","183510","25044",
"1400000US36047013000","Census Tract 130; Kings County; New York","78942","6643",
"1400000US36047013100","Census Tract 131; Kings County; New York","107083","47253",
"1400000US36047013200","Census Tract 132; Kings County; New York","81429","20011",
"1400000US36047013300","Census Tract 133; Kings County; New York","201298","30118",
"1400000US36047013400","Census Tract 134; Kings County; New York","99886","16046",
"1400000US36047013500","Census Tract 135; Kings County; New York","221920","36519",
"1400000US36047013600","Census Tract 136; Kings County; New York","88182","27626",
"1400000US36047013700","Census Tract 137; Kings County; New York","170600","14995",
"1400000US36047013800","Census Tract 138; Kings County; New York","112703","26001",
"1400000US36047013900","Census Tract 139; Kings County; New York","173378","22971",
"1400000US36047014000","Census Tract 140; Kings County; New York","61111","20894",
"1400000US36047014101","Census Tract 141.01; Kings County; New York","215104","44099",
"1400000US36047014102","Census Tract 141.02; Kings County; New York","113750","66538",
"1400000US36047014200","Census Tract 142; Kings County; New York","81250","21345",
"1400000US36047014300","Census Tract 143; Kings County; New York","119594","16020",
"1400000US36047014500","Census Tract 145; Kings County; New York","117800","32145",
"1400000US36047014700","Census Tract 147; Kings County; New York","162847","43648",
"1400000US36047014800","Census Tract 148; Kings County; New York","88787","16595",
"1400000US36047014901","Census Tract 149.01; Kings County; New York","166161","58665",
"1400000US36047014902","Census Tract 149.02; Kings County; New York","171346","80757",
"1400000US36047015000","Census Tract 150; Kings County; New York","63594","33774",
"1400000US36047015100","Census Tract 151; Kings County; New York","188866","27179",
"1400000US36047015200","Census Tract 152; Kings County; New York","92454","25640",
"1400000US36047015300","Census Tract 153; Kings County; New York","154286","36974",
"1400000US36047015400","Census Tract 154; Kings County; New York","-","**",
"1400000US36047015500","Census Tract 155; Kings County; New York","206176","48512",
"1400000US36047015700","Census Tract 157; Kings County; New York","209940","95646",
"1400000US36047015900","Census Tract 159; Kings County; New York","201858","31556",
"1400000US36047016000","Census Tract 160; Kings County; New York","83920","16836",
"1400000US36047016100","Census Tract 161; Kings County; New York","172234","33911",
"1400000US36047016200","Census Tract 162; Kings County; New York","100278","39022",
"1400000US36047016300","Census Tract 163; Kings County; New York","196630","32325",
"1400000US36047016400","Census Tract 164; Kings County; New York","106875","51825",
"1400000US36047016500","Census Tract 165; Kings County; New York","250,000+","***",
"1400000US36047016600","Census Tract 166; Kings County; New York","114635","28523",
"1400000US36047016700","Census Tract 167; Kings County; New York","190125","65232",
"1400000US36047016800","Census Tract 168; Kings County; New York","118341","14336",
"1400000US36047016900","Census Tract 169; Kings County; New York","140727","53313",
"1400000US36047017000","Census Tract 170; Kings County; New York","102417","15251",
"1400000US36047017100","Census Tract 171; Kings County; New York","174646","53490",
"1400000US36047017200","Census Tract 172; Kings County; New York","136096","83997",
"1400000US36047017400","Census Tract 174; Kings County; New York","103594","41686",
"1400000US36047017500","Census Tract 175; Kings County; New York","-","**",
"1400000US36047017600","Census Tract 176; Kings County; New York","90833","23233",
"1400000US36047017700","Census Tract 177; Kings County; New York","-","**",
"1400000US36047017800","Census Tract 178; Kings County; New York","91923","19734",
"1400000US36047017900","Census Tract 179; Kings County; New York","103836","22143",
"1400000US36047018000","Census Tract 180; Kings County; New York","59936","15441",
"1400000US36047018100","Census Tract 181; Kings County; New York","175294","45767",
"1400000US36047018200","Census Tract 182; Kings County; New York","78750","18073",
"1400000US36047018300","Census Tract 183; Kings County; New York","194519","42232",
"1400000US36047018400","Census Tract 184; Kings County; New York","81467","22028",
"1400000US36047018501","Census Tract 185.01; Kings County; New York","44877","28847",
"1400000US36047018600","Census Tract 186; Kings County; New York","76667","15482",
"1400000US36047018700","Census Tract 187; Kings County; New York","139231","47319",
"1400000US36047018800","Census Tract 188; Kings County; New York","38227","28521",
"1400000US36047019000","Census Tract 190; Kings County; New York","48824","21926",
"1400000US36047019100","Census Tract 191; Kings County; New York","148929","37762",
"1400000US36047019200","Census Tract 192; Kings County; New York","72303","15169",
"1400000US36047019300","Census Tract 193; Kings County; New York","79505","6148",
"1400000US36047019400","Census Tract 194; Kings County; New York","66080","41601",
"1400000US36047019500","Census Tract 195; Kings County; New York","139329","27299",
"1400000US36047019600","Census Tract 196; Kings County; New York","74292","39134",
"1400000US36047019700","Census Tract 197; Kings County; New York","121235","15362",
"1400000US36047019800","Census Tract 198; Kings County; New York","78673","27430",
"1400000US36047019900","Census Tract 199; Kings County; New York","130688","11869",
"1400000US36047020000","Census Tract 200; Kings County; New York","98214","43631",
"1400000US36047020100","Census Tract 201; Kings County; New York","150978","40428",
"1400000US36047020200","Census Tract 202; Kings County; New York","79643","30566",
"1400000US36047020300","Census Tract 203; Kings County; New York","160795","30670",
"1400000US36047020400","Census Tract 204; Kings County; New York","143162","59985",
"1400000US36047020500","Census Tract 205; Kings County; New York","164926","24844",
"1400000US36047020600","Census Tract 206; Kings County; New York","87446","15684",
"1400000US36047020700","Census Tract 207; Kings County; New York","190843","41143",
"1400000US36047020800","Census Tract 208; Kings County; New York","65491","46583",
"1400000US36047021000","Census Tract 210; Kings County; New York","69970","17378",
"1400000US36047021100","Census Tract 211; Kings County; New York","85225","15184",
"1400000US36047021200","Census Tract 212; Kings County; New York","56250","16937",
"1400000US36047021300","Census Tract 213; Kings County; New York","82426","30728",
"1400000US36047021400","Census Tract 214; Kings County; New York","78214","23247",
"1400000US36047021500","Census Tract 215; Kings County; New York","151154","31466",
"1400000US36047021600","Census Tract 216; Kings County; New York","47950","18422",
"1400000US36047021700","Census Tract 217; Kings County; New York","112957","27684",
"1400000US36047021800","Census Tract 218; Kings County; New York","69291","42392",
"1400000US36047021900","Census Tract 219; Kings County; New York","122589","29249",
"1400000US36047022000","Census Tract 220; Kings County; New York","59395","25079",
"1400000US36047022100","Census Tract 221; Kings County; New York","87021","38653",
"1400000US36047022200","Census Tract 222; Kings County; New York","52361","14834",
"1400000US36047022400","Census Tract 224; Kings County; New York","56105","13604",
"1400000US36047022600","Census Tract 226; Kings County; New York","86655","24842",
"1400000US36047022700","Census Tract 227; Kings County; New York","119148","40698",
"1400000US36047022800","Census Tract 228; Kings County; New York","55898","40710",
"1400000US36047022900","Census Tract 229; Kings County; New York","139609","25289",
"1400000US36047023000","Census Tract 230; Kings County; New York","32725","8126",
"1400000US36047023100","Census Tract 231; Kings County; New York","160199","49685",
"1400000US36047023200","Census Tract 232; Kings County; New York","63094","9480",
"1400000US36047023300","Census Tract 233; Kings County; New York","78177","56953",
"1400000US36047023400","Census Tract 234; Kings County; New York","37587","14497",
"1400000US36047023500","Census Tract 235; Kings County; New York","111917","42334",
"1400000US36047023600","Census Tract 236; Kings County; New York","39479","13291",
"1400000US36047023800","Census Tract 238; Kings County; New York","43843","10683",
"1400000US36047024000","Census Tract 240; Kings County; New York","37833","23513",
"1400000US36047024100","Census Tract 241; Kings County; New York","141717","16938",
"1400000US36047024200","Census Tract 242; Kings County; New York","59276","10092",
"1400000US36047024300","Census Tract 243; Kings County; New York","122203","18685",
"1400000US36047024400","Census Tract 244; Kings County; New York","76417","32584",
"1400000US36047024500","Census Tract 245; Kings County; New York","103194","27630",
"1400000US36047024600","Census Tract 246; Kings County; New York","71711","14230",
"1400000US36047024700","Census Tract 247; Kings County; New York","57106","31214",
"1400000US36047024800","Census Tract 248; Kings County; New York","79340","19470",
"1400000US36047024900","Census Tract 249; Kings County; New York","84746","17416",
"1400000US36047025000","Census Tract 250; Kings County; New York","51250","36981",
"1400000US36047025100","Census Tract 251; Kings County; New York","58856","16251",
"1400000US36047025200","Census Tract 252; Kings County; New York","54012","7947",
"1400000US36047025300","Census Tract 253; Kings County; New York","115700","40667",
"1400000US36047025400","Census Tract 254; Kings County; New York","89021","13089",
"1400000US36047025500","Census Tract 255; Kings County; New York","26906","9855",
"1400000US36047025600","Census Tract 256; Kings County; New York","71250","20848",
"1400000US36047025700","Census Tract 257; Kings County; New York","88750","27465",
"1400000US36047025800","Census Tract 258; Kings County; New York","67167","20792",
"1400000US36047025901","Census Tract 259.01; Kings County; New York","90000","27178",
"1400000US36047025902","Census Tract 259.02; Kings County; New York","-","**",
"1400000US36047026000","Census Tract 260; Kings County; New York","68043","21464",
"1400000US36047026100","Census Tract 261; Kings County; New York","103274","37370",
"1400000US36047026200","Census Tract 262; Kings County; New York","99750","45534",
"1400000US36047026300","Census Tract 263; Kings County; New York","85546","15674",
"1400000US36047026400","Census Tract 264; Kings County; New York","69808","9565",
"1400000US36047026500","Census Tract 265; Kings County; New York","82088","25908",
"1400000US36047026600","Census Tract 266; Kings County; New York","47544","22699",
"1400000US36047026700","Census Tract 267; Kings County; New York","150386","18152",
"1400000US36047026800","Census Tract 268; Kings County; New York","90442","9105",
"1400000US36047026900","Census Tract 269; Kings County; New York","96006","12665",
"1400000US36047027000","Census Tract 270; Kings County; New York","62083","11783",
"1400000US36047027100","Census Tract 271; Kings County; New York","84412","33996",
"1400000US36047027200","Census Tract 272; Kings County; New York","59802","34359",
"1400000US36047027300","Census Tract 273; Kings County; New York","122093","36355",
"1400000US36047027400","Census Tract 274; Kings County; New York","49800","17306",
"1400000US36047027500","Census Tract 275; Kings County; New York","84756","14169",
"1400000US36047027600","Census Tract 276; Kings County; New York","63447","13801",
"1400000US36047027700","Census Tract 277; Kings County; New York","61042","45942",
"1400000US36047027800","Census Tract 278; Kings County; New York","68792","8828",
"1400000US36047027900","Census Tract 279; Kings County; New York","91771","59336",
"1400000US36047028000","Census Tract 280; Kings County; New York","95208","42428",
"1400000US36047028100","Census Tract 281; Kings County; New York","45850","13446",
"1400000US36047028200","Census Tract 282; Kings County; New York","52926","7676",
"1400000US36047028300","Census Tract 283; Kings County; New York","53040","11251",
"1400000US36047028400","Census Tract 284; Kings County; New York","59954","10236",
"1400000US36047028501","Census Tract 285.01; Kings County; New York","57969","37889",
"1400000US36047028502","Census Tract 285.02; Kings County; New York","14944","11887",
"1400000US36047028600","Census Tract 286; Kings County; New York","47923","9814",
"1400000US36047028700","Census Tract 287; Kings County; New York","106462","29722",
"1400000US36047028800","Census Tract 288; Kings County; New York","77042","30276",
"1400000US36047028900","Census Tract 289; Kings County; New York","50152","38187",
"1400000US36047029000","Census Tract 290; Kings County; New York","62731","27900",
"1400000US36047029100","Census Tract 291; Kings County; New York","88153","28002",
"1400000US36047029200","Census Tract 292; Kings County; New York","55653","7464",
"1400000US36047029300","Census Tract 293; Kings County; New York","36833","20886",
"1400000US36047029400","Census Tract 294; Kings County; New York","91544","43358",
"1400000US36047029500","Census Tract 295; Kings County; New York","94227","16130",
"1400000US36047029600","Census Tract 296; Kings County; New York","66349","20325",
"1400000US36047029700","Census Tract 297; Kings County; New York","70536","28116",
"1400000US36047029800","Census Tract 298; Kings County; New York","61059","12077",
"1400000US36047029900","Census Tract 299; Kings County; New York","65433","37415",
"1400000US36047030000","Census Tract 300; Kings County; New York","73981","25971",
"1400000US36047030100","Census Tract 301; Kings County; New York","98438","38590",
"1400000US36047030200","Census Tract 302; Kings County; New York","76005","15422",
"1400000US36047030300","Census Tract 303; Kings County; New York","43275","9387",
"1400000US36047030400","Census Tract 304; Kings County; New York","68581","21651",
"1400000US36047030500","Census Tract 305; Kings County; New York","122353","19073",
"1400000US36047030600","Census Tract 306; Kings County; New York","65985","20098",
"1400000US36047030700","Census Tract 307; Kings County; New York","50049","16467",
"1400000US36047030800","Census Tract 308; Kings County; New York","50865","17574",
"1400000US36047030900","Census Tract 309; Kings County; New York","66889","11637",
"1400000US36047031100","Census Tract 311; Kings County; New York","106845","35925",
"1400000US36047031300","Census Tract 313; Kings County; New York","105407","24289",
"1400000US36047031401","Census Tract 314.01; Kings County; New York","101193","19833",
"1400000US36047031402","Census Tract 314.02; Kings County; New York","-","**",
"1400000US36047031500","Census Tract 315; Kings County; New York","100899","18841",
"1400000US36047031701","Census Tract 317.01; Kings County; New York","101806","31840",
"1400000US36047031702","Census Tract 317.02; Kings County; New York","115512","12001",
"1400000US36047031900","Census Tract 319; Kings County; New York","90357","16637",
"1400000US36047032100","Census Tract 321; Kings County; New York","86685","18055",
"1400000US36047032300","Census Tract 323; Kings County; New York","83815","32848",
"1400000US36047032500","Census Tract 325; Kings County; New York","94328","9456",
"1400000US36047032600","Census Tract 326; Kings County; New York","49911","12578",
"1400000US36047032700","Census Tract 327; Kings County; New York","82554","11096",
"1400000US36047032800","Census Tract 328; Kings County; New York","53526","25609",
"1400000US36047032900","Census Tract 329; Kings County; New York","92193","30835",
"1400000US36047033000","Census Tract 330; Kings County; New York","23583","9381",
"1400000US36047033100","Census Tract 331; Kings County; New York","44347","18383",
"1400000US36047033300","Census Tract 333; Kings County; New York","103333","46582",
"1400000US36047033500","Census Tract 335; Kings County; New York","102188","20715",
"1400000US36047033600","Census Tract 336; Kings County; New York","76719","26942",
"1400000US36047033701","Census Tract 337.01; Kings County; New York","93620","32348",
"1400000US36047033702","Census Tract 337.02; Kings County; New York","87165","13993",
"1400000US36047033900","Census Tract 339; Kings County; New York","61979","19728",
"1400000US36047034000","Census Tract 340; Kings County; New York","32983","16295",
"1400000US36047034100","Census Tract 341; Kings County; New York","95300","50952",
"1400000US36047034200","Census Tract 342; Kings County; New York","22872","8653",
"1400000US36047034300","Census Tract 343; Kings County; New York","28750","20200",
"1400000US36047034500","Census Tract 345; Kings County; New York","81850","13167",
"1400000US36047034700","Census Tract 347; Kings County; New York","42457","30797",
"1400000US36047034800","Census Tract 348; Kings County; New York","53710","21912",
"1400000US36047034901","Census Tract 349.01; Kings County; New York","82521","46972",
"1400000US36047034902","Census Tract 349.02; Kings County; New York","34381","16541",
"1400000US36047035000","Census Tract 350; Kings County; New York","56891","10113",
"1400000US36047035101","Census Tract 351.01; Kings County; New York","53626","10476",
"1400000US36047035102","Census Tract 351.02; Kings County; New York","70030","23894",
"1400000US36047035200","Census Tract 352; Kings County; New York","13240","3112",
"1400000US36047035301","Census Tract 353.01; Kings County; New York","46789","27681",
"1400000US36047035302","Census Tract 353.02; Kings County; New York","85234","28697",
"1400000US36047035400","Census Tract 354; Kings County; New York","63382","34159",
"1400000US36047035500","Census Tract 355; Kings County; New York","75139","12600",
"1400000US36047035601","Census Tract 356.01; Kings County; New York","28750","9711",
"1400000US36047035602","Census Tract 356.02; Kings County; New York","50456","15920",
"1400000US36047035701","Census Tract 357.01; Kings County; New York","45313","21166",
"1400000US36047035702","Census Tract 357.02; Kings County; New York","-","**",
"1400000US36047035900","Census Tract 359; Kings County; New York","62774","9014",
"1400000US36047036001","Census Tract 360.01; Kings County; New York","30877","11025",
"1400000US36047036002","Census Tract 360.02; Kings County; New York","30176","12154",
"1400000US36047036100","Census Tract 361; Kings County; New York","37035","14095",
"1400000US36047036200","Census Tract 362; Kings County; New York","52023","25775",
"1400000US36047036300","Census Tract 363; Kings County; New York","58091","15487",
"1400000US36047036400","Census Tract 364; Kings County; New York","63480","12506",
"1400000US36047036501","Census Tract 365.01; Kings County; New York","67165","15079",
"1400000US36047036502","Census Tract 365.02; Kings County; New York","67038","32705",
"1400000US36047036600","Census Tract 366; Kings County; New York","52385","3826",
"1400000US36047036700","Census Tract 367; Kings County; New York","70426","36731",
"1400000US36047036900","Census Tract 369; Kings County; New York","48583","11340",
"1400000US36047037000","Census Tract 370; Kings County; New York","69493","20543",
"1400000US36047037100","Census Tract 371; Kings County; New York","87679","32078",
"1400000US36047037300","Census Tract 373; Kings County; New York","71786","23286",
"1400000US36047037401","Census Tract 374.01; Kings County; New York","59004","15194",
"1400000US36047037402","Census Tract 374.02; Kings County; New York","57118","15126",
"1400000US36047037500","Census Tract 375; Kings County; New York","91985","19403",
"1400000US36047037700","Census Tract 377; Kings County; New York","71786","44868",
"1400000US36047037900","Census Tract 379; Kings County; New York","67949","23263",
"1400000US36047038100","Census Tract 381; Kings County; New York","70867","10491",
"1400000US36047038200","Census Tract 382; Kings County; New York","22332","8807",
"1400000US36047038300","Census Tract 383; Kings County; New York","87786","21406",
"1400000US36047038500","Census Tract 385; Kings County; New York","114375","35035",
"1400000US36047038600","Census Tract 386; Kings County; New York","91857","17615",
"1400000US36047038700","Census Tract 387; Kings County; New York","93221","40120",
"1400000US36047038800","Census Tract 388; Kings County; New York","83558","28907",
"1400000US36047038900","Census Tract 389; Kings County; New York","98819","11432",
"1400000US36047039000","Census Tract 390; Kings County; New York","72143","16399",
"1400000US36047039100","Census Tract 391; Kings County; New York","103796","7283",
"1400000US36047039200","Census Tract 392; Kings County; New York","54483","10755",
"1400000US36047039300","Census Tract 393; Kings County; New York","112566","36989",
"1400000US36047039400","Census Tract 394; Kings County; New York","62875","37227",
"1400000US36047039500","Census Tract 395; Kings County; New York","84219","43010",
"1400000US36047039600","Census Tract 396; Kings County; New York","69563","33295",
"1400000US36047039700","Census Tract 397; Kings County; New York","74291","18355",
"1400000US36047039800","Census Tract 398; Kings County; New York","89750","25740",
"1400000US36047039900","Census Tract 399; Kings County; New York","50329","28169",
"1400000US36047040000","Census Tract 400; Kings County; New York","58941","12096",
"1400000US36047040100","Census Tract 401; Kings County; New York","69616","20760",
"1400000US36047040200","Census Tract 402; Kings County; New York","76250","39787",
"1400000US36047040300","Census Tract 403; Kings County; New York","103792","37307",
"1400000US36047040400","Census Tract 404; Kings County; New York","106442","36010",
"1400000US36047040500","Census Tract 405; Kings County; New York","69437","15214",
"1400000US36047040600","Census Tract 406; Kings County; New York","79941","12660",
"1400000US36047040700","Census Tract 407; Kings County; New York","-","**",
"1400000US36047040800","Census Tract 408; Kings County; New York","78750","33567",
"1400000US36047040900","Census Tract 409; Kings County; New York","78220","31732",
"1400000US36047041000","Census Tract 410; Kings County; New York","60694","31665",
"1400000US36047041100","Census Tract 411; Kings County; New York","63125","28139",
"1400000US36047041200","Census Tract 412; Kings County; New York","95152","15285",
"1400000US36047041300","Census Tract 413; Kings County; New York","110996","17879",
"1400000US36047041401","Census Tract 414.01; Kings County; New York","71944","66762",
"1400000US36047041402","Census Tract 414.02; Kings County; New York","39048","31000",
"1400000US36047041500","Census Tract 415; Kings County; New York","96110","4227",
"1400000US36047041600","Census Tract 416; Kings County; New York","63425","15456",
"1400000US36047041700","Census Tract 417; Kings County; New York","32028","9718",
"1400000US36047041800","Census Tract 418; Kings County; New York","46607","39011",
"1400000US36047041900","Census Tract 419; Kings County; New York","73958","39056",
"1400000US36047042000","Census Tract 420; Kings County; New York","88700","2916",
"1400000US36047042100","Census Tract 421; Kings County; New York","94209","13257",
"1400000US36047042200","Census Tract 422; Kings County; New York","73033","23644",
"1400000US36047042300","Census Tract 423; Kings County; New York","123750","45731",
"1400000US36047042400","Census Tract 424; Kings County; New York","70060","9011",
"1400000US36047042500","Census Tract 425; Kings County; New York","86316","21540",
"1400000US36047042600","Census Tract 426; Kings County; New York","71840","21705",
"1400000US36047042700","Census Tract 427; Kings County; New York","92250","24415",
"1400000US36047042800","Census Tract 428; Kings County; New York","88656","11811",
"1400000US36047042900","Census Tract 429; Kings County; New York","65000","24166",
"1400000US36047043000","Census Tract 430; Kings County; New York","75417","36172",
"1400000US36047043100","Census Tract 431; Kings County; New York","90745","17582",
"1400000US36047043200","Census Tract 432; Kings County; New York","79667","23521",
"1400000US36047043300","Census Tract 433; Kings County; New York","59551","32798",
"1400000US36047043400","Census Tract 434; Kings County; New York","66763","17360",
"1400000US36047043500","Census Tract 435; Kings County; New York","67778","32039",
"1400000US36047043600","Census Tract 436; Kings County; New York","83284","32688",
"1400000US36047043700","Census Tract 437; Kings County; New York","77904","29393",
"1400000US36047043800","Census Tract 438; Kings County; New York","70066","33712",
"1400000US36047043900","Census Tract 439; Kings County; New York","114318","30075",
"1400000US36047044000","Census Tract 440; Kings County; New York","88344","16189",
"1400000US36047044100","Census Tract 441; Kings County; New York","78526","24094",
"1400000US36047044200","Census Tract 442; Kings County; New York","62708","29178",
"1400000US36047044300","Census Tract 443; Kings County; New York","94517","17788",
"1400000US36047044400","Census Tract 444; Kings County; New York","67554","27401",
"1400000US36047044500","Census Tract 445; Kings County; New York","86717","7822",
"1400000US36047044600","Census Tract 446; Kings County; New York","69099","8164",
"1400000US36047044700","Census Tract 447; Kings County; New York","89511","28960",
"1400000US36047044800","Census Tract 448; Kings County; New York","96639","11470",
"1400000US36047044901","Census Tract 449.01; Kings County; New York","78774","40522",
"1400000US36047044902","Census Tract 449.02; Kings County; New York","-","**",
"1400000US36047045000","Census Tract 450; Kings County; New York","90893","34551",
"1400000US36047045200","Census Tract 452; Kings County; New York","74250","23419",
"1400000US36047045300","Census Tract 453; Kings County; New York","70598","25391",
"1400000US36047045400","Census Tract 454; Kings County; New York","94607","15102",
"1400000US36047045600","Census Tract 456; Kings County; New York","70329","18769",
"1400000US36047045800","Census Tract 458; Kings County; New York","58958","41489",
"1400000US36047046000","Census Tract 460; Kings County; New York","97188","31741",
"1400000US36047046201","Census Tract 462.01; Kings County; New York","63375","35151",
"1400000US36047046202","Census Tract 462.02; Kings County; New York","85536","28808",
"1400000US36047046400","Census Tract 464; Kings County; New York","72422","42710",
"1400000US36047046800","Census Tract 468; Kings County; New York","41343","7860",
"1400000US36047047000","Census Tract 470; Kings County; New York","75069","21975",
"1400000US36047047200","Census Tract 472; Kings County; New York","71635","49809",
"1400000US36047047400","Census Tract 474; Kings County; New York","99769","31527",
"1400000US36047047600","Census Tract 476; Kings County; New York","61250","31992",
"1400000US36047047700","Census Tract 477; Kings County; New York","179175","20869",
"1400000US36047047800","Census Tract 478; Kings County; New York","60590","30088",
"1400000US36047048000","Census Tract 480; Kings County; New York","52940","19482",
"1400000US36047048100","Census Tract 481; Kings County; New York","94896","38234",
"1400000US36047048200","Census Tract 482; Kings County; New York","58234","15516",
"1400000US36047048400","Census Tract 484; Kings County; New York","96964","19326",
"1400000US36047048500","Census Tract 485; Kings County; New York","130278","40128",
"1400000US36047048600","Census Tract 486; Kings County; New York","65714","26129",
"1400000US36047048800","Census Tract 488; Kings County; New York","76110","13854",
"1400000US36047048900","Census Tract 489; Kings County; New York","26070","16672",
"1400000US36047049000","Census Tract 490; Kings County; New York","77917","13847",
"1400000US36047049100","Census Tract 491; Kings County; New York","46137","8583",
"1400000US36047049200","Census Tract 492; Kings County; New York","103269","36752",
"1400000US36047049301","Census Tract 493.01; Kings County; New York","19440","7848",
"1400000US36047049302","Census Tract 493.02; Kings County; New York","82423","36931",
"1400000US36047049400","Census Tract 494; Kings County; New York","97625","17919",
"1400000US36047049500","Census Tract 495; Kings County; New York","141250","53631",
"1400000US36047049600","Census Tract 496; Kings County; New York","66920","22950",
"1400000US36047049700","Census Tract 497; Kings County; New York","144872","24099",
"1400000US36047049800","Census Tract 498; Kings County; New York","77692","21862",
"1400000US36047049900","Census Tract 499; Kings County; New York","146106","58400",
"1400000US36047050001","Census Tract 500.01; Kings County; New York","124177","35651",
"1400000US36047050002","Census Tract 500.02; Kings County; New York","124107","46601",
"1400000US36047050100","Census Tract 501; Kings County; New York","126696","52005",
"1400000US36047050202","Census Tract 502.02; Kings County; New York","132670","78424",
"1400000US36047050300","Census Tract 503; Kings County; New York","173548","16256",
"1400000US36047050401","Census Tract 504.01; Kings County; New York","156033","24707",
"1400000US36047050402","Census Tract 504.02; Kings County; New York","166100","81718",
"1400000US36047050500","Census Tract 505; Kings County; New York","57500","40769",
"1400000US36047050600","Census Tract 506; Kings County; New York","69276","12659",
"1400000US36047050700","Census Tract 507; Kings County; New York","59158","6741",
"1400000US36047050801","Census Tract 508.01; Kings County; New York","74333","16156",
"1400000US36047050803","Census Tract 508.03; Kings County; New York","68496","17186",
"1400000US36047050804","Census Tract 508.04; Kings County; New York","110317","10848",
"1400000US36047050900","Census Tract 509; Kings County; New York","42361","24516",
"1400000US36047051001","Census Tract 510.01; Kings County; New York","59583","11831",
"1400000US36047051002","Census Tract 510.02; Kings County; New York","71007","16580",
"1400000US36047051100","Census Tract 511; Kings County; New York","88457","17534",
"1400000US36047051200","Census Tract 512; Kings County; New York","96719","35800",
"1400000US36047051300","Census Tract 513; Kings County; New York","136207","24253",
"1400000US36047051400","Census Tract 514; Kings County; New York","100000","23781",
"1400000US36047051500","Census Tract 515; Kings County; New York","246707","42642",
"1400000US36047051601","Census Tract 516.01; Kings County; New York","72304","10793",
"1400000US36047051602","Census Tract 516.02; Kings County; New York","77801","19198",
"1400000US36047051700","Census Tract 517; Kings County; New York","234444","26212",
"1400000US36047051800","Census Tract 518; Kings County; New York","112589","29063",
"1400000US36047051900","Census Tract 519; Kings County; New York","221375","13250",
"1400000US36047052000","Census Tract 520; Kings County; New York","126102","4061",
"1400000US36047052300","Census Tract 523; Kings County; New York","74454","67563",
"1400000US36047052500","Census Tract 525; Kings County; New York","70625","26567",
"1400000US36047052600","Census Tract 526; Kings County; New York","91500","17538",
"1400000US36047052700","Census Tract 527; Kings County; New York","59632","15655",
"1400000US36047052800","Census Tract 528; Kings County; New York","121000","21924",
"1400000US36047052900","Census Tract 529; Kings County; New York","39549","12316",
"1400000US36047053000","Census Tract 530; Kings County; New York","78621","27263",
"1400000US36047053101","Census Tract 531.01; Kings County; New York","-","**",
"1400000US36047053102","Census Tract 531.02; Kings County; New York","76635","26782",
"1400000US36047053200","Census Tract 532; Kings County; New York","72500","25665",
"1400000US36047053300","Census Tract 533; Kings County; New York","34519","11332",
"1400000US36047053400","Census Tract 534; Kings County; New York","83421","29280",
"1400000US36047053500","Census Tract 535; Kings County; New York","49244","38815",
"1400000US36047053700","Census Tract 537; Kings County; New York","44085","15720",
"1400000US36047053800","Census Tract 538; Kings County; New York","65556","16974",
"1400000US36047053900","Census Tract 539; Kings County; New York","46914","19063",
"1400000US36047054200","Census Tract 542; Kings County; New York","56481","19055",
"1400000US36047054300","Census Tract 543; Kings County; New York","-","**",
"1400000US36047054400","Census Tract 544; Kings County; New York","55938","18973",
"1400000US36047054500","Census Tract 545; Kings County; New York","42071","16863",
"1400000US36047054600","Census Tract 546; Kings County; New York","74651","16130",
"1400000US36047054700","Census Tract 547; Kings County; New York","87047","14897",
"1400000US36047054800","Census Tract 548; Kings County; New York","83500","43903",
"1400000US36047054900","Census Tract 549; Kings County; New York","183091","51138",
"1400000US36047055000","Census Tract 550; Kings County; New York","59955","13103",
"1400000US36047055100","Census Tract 551; Kings County; New York","171952","54439",
"1400000US36047055200","Census Tract 552; Kings County; New York","69861","47708",
"1400000US36047055300","Census Tract 553; Kings County; New York","144083","46353",
"1400000US36047055400","Census Tract 554; Kings County; New York","64894","13615",
"1400000US36047055500","Census Tract 555; Kings County; New York","205860","11955",
"1400000US36047055600","Census Tract 556; Kings County; New York","69485","18429",
"1400000US36047055700","Census Tract 557; Kings County; New York","136250","46280",
"1400000US36047055800","Census Tract 558; Kings County; New York","61786","33305",
"1400000US36047056000","Census Tract 560; Kings County; New York","74104","36159",
"1400000US36047056100","Census Tract 561; Kings County; New York","151875","29736",
"1400000US36047056200","Census Tract 562; Kings County; New York","102083","71813",
"1400000US36047056301","Census Tract 563.01; Kings County; New York","133636","28345",
"1400000US36047056302","Census Tract 563.02; Kings County; New York","76351","24613",
"1400000US36047056400","Census Tract 564; Kings County; New York","86392","27876",
"1400000US36047056500","Census Tract 565; Kings County; New York","115329","19869",
"1400000US36047056600","Census Tract 566; Kings County; New York","69286","21257",
"1400000US36047056800","Census Tract 568; Kings County; New York","75521","9764",
"1400000US36047056900","Census Tract 569; Kings County; New York","159286","60732",
"1400000US36047057000","Census Tract 570; Kings County; New York","80216","9252",
"1400000US36047057100","Census Tract 571; Kings County; New York","125272","31828",
"1400000US36047057200","Census Tract 572; Kings County; New York","31864","10536",
"1400000US36047057300","Census Tract 573; Kings County; New York","150885","57264",
"1400000US36047057400","Census Tract 574; Kings County; New York","92813","18056",
"1400000US36047057500","Census Tract 575; Kings County; New York","128804","37907",
"1400000US36047057600","Census Tract 576; Kings County; New York","98750","65995",
"1400000US36047057800","Census Tract 578; Kings County; New York","61919","19616",
"1400000US36047057901","Census Tract 579.01; Kings County; New York","141754","20547",
"1400000US36047057902","Census Tract 579.02; Kings County; New York","-","**",
"1400000US36047058000","Census Tract 580; Kings County; New York","38945","12580",
"1400000US36047058200","Census Tract 582; Kings County; New York","60811","20195",
"1400000US36047058400","Census Tract 584; Kings County; New York","70870","8651",
"1400000US36047058600","Census Tract 586; Kings County; New York","70167","21262",
"1400000US36047058800","Census Tract 588; Kings County; New York","96838","32202",
"1400000US36047058901","Census Tract 589.01; Kings County; New York","114659","32462",
"1400000US36047058902","Census Tract 589.02; Kings County; New York","-","**",
"1400000US36047059000","Census Tract 590; Kings County; New York","103619","11054",
"1400000US36047059100","Census Tract 591; Kings County; New York","133795","19989",
"1400000US36047059200","Census Tract 592; Kings County; New York","61944","36933",
"1400000US36047059300","Census Tract 593; Kings County; New York","110625","21013",
"1400000US36047059402","Census Tract 594.02; Kings County; New York","68625","31369",
"1400000US36047059403","Census Tract 594.03; Kings County; New York","67232","57602",
"1400000US36047059404","Census Tract 594.04; Kings County; New York","65520","17755",
"1400000US36047059600","Census Tract 596; Kings County; New York","56757","26035",
"1400000US36047059800","Census Tract 598; Kings County; New York","81051","15218",
"1400000US36047060000","Census Tract 600; Kings County; New York","75671","29011",
"1400000US36047060600","Census Tract 606; Kings County; New York","76080","28724",
"1400000US36047060800","Census Tract 608; Kings County; New York","73546","21908",
"1400000US36047061002","Census Tract 610.02; Kings County; New York","71944","27741",
"1400000US36047061003","Census Tract 610.03; Kings County; New York","51054","4490",
"1400000US36047061004","Census Tract 610.04; Kings County; New York","40931","6113",
"1400000US36047061200","Census Tract 612; Kings County; New York","141094","64831",
"1400000US36047061600","Census Tract 616; Kings County; New York","183095","44066",
"1400000US36047062000","Census Tract 620; Kings County; New York","111932","45688",
"1400000US36047062200","Census Tract 622; Kings County; New York","68821","33140",
"1400000US36047062600","Census Tract 626; Kings County; New York","67218","15277",
"1400000US36047062800","Census Tract 628; Kings County; New York","110377","7952",
"1400000US36047063200","Census Tract 632; Kings County; New York","82941","29761",
"1400000US36047063600","Census Tract 636; Kings County; New York","148056","22392",
"1400000US36047063800","Census Tract 638; Kings County; New York","82188","46661",
"1400000US36047064000","Census Tract 640; Kings County; New York","143214","31134",
"1400000US36047064200","Census Tract 642; Kings County; New York","75735","17800",
"1400000US36047064400","Census Tract 644; Kings County; New York","79259","43945",
"1400000US36047064600","Census Tract 646; Kings County; New York","99067","37490",
"1400000US36047064800","Census Tract 648; Kings County; New York","111406","33136",
"1400000US36047065000","Census Tract 650; Kings County; New York","92673","21381",
"1400000US36047065200","Census Tract 652; Kings County; New York","94000","39349",
"1400000US36047065400","Census Tract 654; Kings County; New York","118000","24747",
"1400000US36047065600","Census Tract 656; Kings County; New York","126607","20681",
"1400000US36047065800","Census Tract 658; Kings County; New York","92014","22077",
"1400000US36047066000","Census Tract 660; Kings County; New York","151719","15128",
"1400000US36047066200","Census Tract 662; Kings County; New York","61083","24347",
"1400000US36047066600","Census Tract 666; Kings County; New York","-","**",
"1400000US36047067000","Census Tract 670; Kings County; New York","91979","12053",
"1400000US36047067200","Census Tract 672; Kings County; New York","84280","38232",
"1400000US36047067400","Census Tract 674; Kings County; New York","126705","21122",
"1400000US36047067600","Census Tract 676; Kings County; New York","97750","45743",
"1400000US36047067800","Census Tract 678; Kings County; New York","84612","21241",
"1400000US36047068000","Census Tract 680; Kings County; New York","114904","44254",
"1400000US36047068200","Census Tract 682; Kings County; New York","102000","19939",
"1400000US36047068600","Census Tract 686; Kings County; New York","112646","22252",
"1400000US36047068800","Census Tract 688; Kings County; New York","98750","35683",
"1400000US36047069000","Census Tract 690; Kings County; New York","137650","39393",
"1400000US36047069200","Census Tract 692; Kings County; New York","104712","23983",
"1400000US36047069601","Census Tract 696.01; Kings County; New York","101760","13472",
"1400000US36047069602","Census Tract 696.02; Kings County; New York","119451","29380",
"1400000US36047069800","Census Tract 698; Kings County; New York","128194","39138",
"1400000US36047070000","Census Tract 700; Kings County; New York","95331","24486",
"1400000US36047070201","Census Tract 702.01; Kings County; New York","130174","29110",
"1400000US36047070202","Census Tract 702.02; Kings County; New York","-","**",
"1400000US36047070203","Census Tract 702.03; Kings County; New York","-","**",
"1400000US36047070601","Census Tract 706.01; Kings County; New York","148214","34408",
"1400000US36047070602","Census Tract 706.02; Kings County; New York","-","**",
"1400000US36047072000","Census Tract 720; Kings County; New York","76912","53494",
"1400000US36047072200","Census Tract 722; Kings County; New York","-","**",
"1400000US36047072400","Census Tract 724; Kings County; New York","69263","30826",
"1400000US36047072600","Census Tract 726; Kings County; New York","97292","57966",
"1400000US36047072800","Census Tract 728; Kings County; New York","62333","18355",
"1400000US36047073000","Census Tract 730; Kings County; New York","132227","22491",
"1400000US36047073200","Census Tract 732; Kings County; New York","85846","16698",
"1400000US36047073400","Census Tract 734; Kings County; New York","138750","58377",
"1400000US36047073600","Census Tract 736; Kings County; New York","82358","19791",
"1400000US36047073800","Census Tract 738; Kings County; New York","73125","29759",
"1400000US36047074000","Census Tract 740; Kings County; New York","68125","44753",
"1400000US36047074200","Census Tract 742; Kings County; New York","80240","22416",
"1400000US36047074400","Census Tract 744; Kings County; New York","140391","73444",
"1400000US36047074600","Census Tract 746; Kings County; New York","113750","49051",
"1400000US36047074800","Census Tract 748; Kings County; New York","82266","37015",
"1400000US36047075000","Census Tract 750; Kings County; New York","103125","33448",
"1400000US36047075200","Census Tract 752; Kings County; New York","141250","38329",
"1400000US36047075400","Census Tract 754; Kings County; New York","115851","77282",
"1400000US36047075600","Census Tract 756; Kings County; New York","77273","42746",
"1400000US36047075800","Census Tract 758; Kings County; New York","69662","24153",
"1400000US36047076000","Census Tract 760; Kings County; New York","75174","11158",
"1400000US36047076200","Census Tract 762; Kings County; New York","54725","23488",
"1400000US36047076400","Census Tract 764; Kings County; New York","81813","15270",
"1400000US36047076600","Census Tract 766; Kings County; New York","95563","23092",
"1400000US36047076800","Census Tract 768; Kings County; New York","73125","33382",
"1400000US36047077000","Census Tract 770; Kings County; New York","76921","65690",
"1400000US36047077200","Census Tract 772; Kings County; New York","80855","32302",
"1400000US36047077400","Census Tract 774; Kings County; New York","72488","10661",
"1400000US36047077600","Census Tract 776; Kings County; New York","71983","23444",
"1400000US36047078000","Census Tract 780; Kings County; New York","138611","35979",
"1400000US36047078200","Census Tract 782; Kings County; New York","69558","12299",
"1400000US36047078400","Census Tract 784; Kings County; New York","99653","28139",
"1400000US36047078601","Census Tract 786.01; Kings County; New York","87614","22381",
"1400000US36047078602","Census Tract 786.02; Kings County; New York","69615","18041",
"1400000US36047078801","Census Tract 788.01; Kings County; New York","55984","7585",
"1400000US36047078802","Census Tract 788.02; Kings County; New York","55179","31530",
"1400000US36047079001","Census Tract 790.01; Kings County; New York","67857","56730",
"1400000US36047079002","Census Tract 790.02; Kings County; New York","57672","16577",
"1400000US36047079201","Census Tract 792.01; Kings County; New York","88162","73778",
"1400000US36047079202","Census Tract 792.02; Kings County; New York","85833","38280",
"1400000US36047079400","Census Tract 794; Kings County; New York","128295","89182",
"1400000US36047079601","Census Tract 796.01; Kings County; New York","81629","15503",
"1400000US36047079602","Census Tract 796.02; Kings County; New York","77370","12766",
"1400000US36047079801","Census Tract 798.01; Kings County; New York","94375","33336",
"1400000US36047079802","Census Tract 798.02; Kings County; New York","100438","18839",
"1400000US36047080000","Census Tract 800; Kings County; New York","95769","34996",
"1400000US36047080200","Census Tract 802; Kings County; New York","98942","17664",
"1400000US36047080400","Census Tract 804; Kings County; New York","58413","20170",
"1400000US36047080600","Census Tract 806; Kings County; New York","66632","13904",
"1400000US36047080800","Census Tract 808; Kings County; New York","13337","1677",
"1400000US36047081000","Census Tract 810; Kings County; New York","88490","31929",
"1400000US36047081400","Census Tract 814; Kings County; New York","86705","60919",
"1400000US36047081600","Census Tract 816; Kings County; New York","92784","31998",
"1400000US36047081800","Census Tract 818; Kings County; New York","76607","14756",
"1400000US36047082000","Census Tract 820; Kings County; New York","56250","26295",
"1400000US36047082200","Census Tract 822; Kings County; New York","85645","14368",
"1400000US36047082400","Census Tract 824; Kings County; New York","57204","13330",
"1400000US36047082600","Census Tract 826; Kings County; New York","72543","15062",
"1400000US36047082800","Census Tract 828; Kings County; New York","61313","18459",
"1400000US36047083000","Census Tract 830; Kings County; New York","83690","26956",
"1400000US36047083200","Census Tract 832; Kings County; New York","100161","17339",
"1400000US36047083400","Census Tract 834; Kings County; New York","121000","25325",
"1400000US36047083600","Census Tract 836; Kings County; New York","96094","21627",
"1400000US36047083800","Census Tract 838; Kings County; New York","62950","18573",
"1400000US36047084000","Census Tract 840; Kings County; New York","81058","23698",
"1400000US36047084600","Census Tract 846; Kings County; New York","78304","16591",
"1400000US36047084800","Census Tract 848; Kings County; New York","86012","42419",
"1400000US36047085000","Census Tract 850; Kings County; New York","124219","34241",
"1400000US36047085200","Census Tract 852; Kings County; New York","-","**",
"1400000US36047085400","Census Tract 854; Kings County; New York","78828","28881",
"1400000US36047085600","Census Tract 856; Kings County; New York","79107","17374",
"1400000US36047085800","Census Tract 858; Kings County; New York","83640","34962",
"1400000US36047086000","Census Tract 860; Kings County; New York","77955","9063",
"1400000US36047086200","Census Tract 862; Kings County; New York","50438","14046",
"1400000US36047086400","Census Tract 864; Kings County; New York","71016","12323",
"1400000US36047086600","Census Tract 866; Kings County; New York","79508","16664",
"1400000US36047086800","Census Tract 868; Kings County; New York","45764","12578",
"1400000US36047087000","Census Tract 870; Kings County; New York","61136","24228",
"1400000US36047087200","Census Tract 872; Kings County; New York","67650","20090",
"1400000US36047087401","Census Tract 874.01; Kings County; New York","37207","8810",
"1400000US36047087600","Census Tract 876; Kings County; New York","48125","2463",
"1400000US36047087800","Census Tract 878; Kings County; New York","56633","8241",
"1400000US36047088001","Census Tract 880.01; Kings County; New York","42351","20407",
"1400000US36047088002","Census Tract 880.02; Kings County; New York","73750","39217",
"1400000US36047088200","Census Tract 882; Kings County; New York","50754","8428",
"1400000US36047088400","Census Tract 884; Kings County; New York","38594","30375",
"1400000US36047088600","Census Tract 886; Kings County; New York","57674","9622",
"1400000US36047088800","Census Tract 888; Kings County; New York","55053","18239",
"1400000US36047089000","Census Tract 890; Kings County; New York","72535","24346",
"1400000US36047089200","Census Tract 892; Kings County; New York","-","**",
"1400000US36047089400","Census Tract 894; Kings County; New York","63125","39460",
"1400000US36047089600","Census Tract 896; Kings County; New York","-","**",
"1400000US36047089800","Census Tract 898; Kings County; New York","66976","31521",
"1400000US36047090000","Census Tract 900; Kings County; New York","20500","15385",
"1400000US36047090200","Census Tract 902; Kings County; New York","42612","13192",
"1400000US36047090600","Census Tract 906; Kings County; New York","27908","11904",
"1400000US36047090800","Census Tract 908; Kings County; New York","44875","27850",
"1400000US36047091000","Census Tract 910; Kings County; New York","22321","7324",
"1400000US36047091200","Census Tract 912; Kings County; New York","36899","15414",
"1400000US36047091600","Census Tract 916; Kings County; New York","44825","11269",
"1400000US36047091800","Census Tract 918; Kings County; New York","45942","6692",
"1400000US36047092000","Census Tract 920; Kings County; New York","44978","7343",
"1400000US36047092200","Census Tract 922; Kings County; New York","50994","12175",
"1400000US36047092400","Census Tract 924; Kings County; New York","37271","26455",
"1400000US36047092800","Census Tract 928; Kings County; New York","82250","24163",
"1400000US36047093000","Census Tract 930; Kings County; New York","105848","28433",
"1400000US36047093200","Census Tract 932; Kings County; New York","-","**",
"1400000US36047093400","Census Tract 934; Kings County; New York","73321","28403",
"1400000US36047093600","Census Tract 936; Kings County; New York","79773","6093",
"1400000US36047093800","Census Tract 938; Kings County; New York","61827","10526",
"1400000US36047094401","Census Tract 944.01; Kings County; New York","82500","28145",
"1400000US36047094402","Census Tract 944.02; Kings County; New York","24676","7231",
"1400000US36047094600","Census Tract 946; Kings County; New York","93667","24853",
"1400000US36047095000","Census Tract 950; Kings County; New York","90083","45094",
"1400000US36047095400","Census Tract 954; Kings County; New York","108309","27320",
"1400000US36047095600","Census Tract 956; Kings County; New York","85603","36917",
"1400000US36047095800","Census Tract 958; Kings County; New York","66452","23555",
"1400000US36047096000","Census Tract 960; Kings County; New York","-","**",
"1400000US36047096200","Census Tract 962; Kings County; New York","73750","33950",
"1400000US36047096400","Census Tract 964; Kings County; New York","79934","15309",
"1400000US36047096600","Census Tract 966; Kings County; New York","76174","9323",
"1400000US36047096800","Census Tract 968; Kings County; New York","106250","22599",
"1400000US36047097000","Census Tract 970; Kings County; New York","108864","58580",
"1400000US36047097400","Census Tract 974; Kings County; New York","88688","11552",
"1400000US36047098200","Census Tract 982; Kings County; New York","25125","7403",
"1400000US36047098400","Census Tract 984; Kings County; New York","102200","20420",
"1400000US36047098600","Census Tract 986; Kings County; New York","95508","22449",
"1400000US36047098800","Census Tract 988; Kings County; New York","81985","16162",
"1400000US36047099000","Census Tract 990; Kings County; New York","95326","75128",
"1400000US36047099200","Census Tract 992; Kings County; New York","95597","11874",
"1400000US36047099400","Census Tract 994; Kings County; New York","92738","9532",
"1400000US36047099600","Census Tract 996; Kings County; New York","86426","16509",
"1400000US36047099800","Census Tract 998; Kings County; New York","98153","30303",
"1400000US36047100400","Census Tract 1004; Kings County; New York","67063","39844",
"1400000US36047100600","Census Tract 1006; Kings County; New York","120518","31500",
"1400000US36047100800","Census Tract 1008; Kings County; New York","79250","32348",
"1400000US36047101000","Census Tract 1010; Kings County; New York","72115","59106",
"1400000US36047101200","Census Tract 1012; Kings County; New York","96726","22318",
"1400000US36047101400","Census Tract 1014; Kings County; New York","67961","23452",
"1400000US36047101600","Census Tract 1016; Kings County; New York","179803","30081",
"1400000US36047101800","Census Tract 1018; Kings County; New York","101996","13234",
"1400000US36047102000","Census Tract 1020; Kings County; New York","138672","21969",
"1400000US36047102200","Census Tract 1022; Kings County; New York","84063","14316",
"1400000US36047102400","Census Tract 1024; Kings County; New York","72955","28776",
"1400000US36047102600","Census Tract 1026; Kings County; New York","89055","5268",
"1400000US36047102801","Census Tract 1028.01; Kings County; New York","47063","39765",
"1400000US36047102802","Census Tract 1028.02; Kings County; New York","-","**",
"1400000US36047103401","Census Tract 1034.01; Kings County; New York","17853","8367",
"1400000US36047103402","Census Tract 1034.02; Kings County; New York","-","**",
"1400000US36047105801","Census Tract 1058.01; Kings County; New York","20988","6136",
"1400000US36047105804","Census Tract 1058.04; Kings County; New York","38380","14992",
"1400000US36047107001","Census Tract 1070.01; Kings County; New York","62028","13311",
"1400000US36047107002","Census Tract 1070.02; Kings County; New York","-","**",
"1400000US36047107003","Census Tract 1070.03; Kings County; New York","-","**",
"1400000US36047107800","Census Tract 1078; Kings County; New York","85947","17940",
"1400000US36047109800","Census Tract 1098; Kings County; New York","71635","23749",
"1400000US36047110400","Census Tract 1104; Kings County; New York","72229","27804",
"1400000US36047110600","Census Tract 1106; Kings County; New York","26536","10602",
"1400000US36047111000","Census Tract 1110; Kings County; New York","35174","7467",
"1400000US36047111600","Census Tract 1116; Kings County; New York","71021","27690",
"1400000US36047111800","Census Tract 1118; Kings County; New York","66838","48570",
"1400000US36047112000","Census Tract 1120; Kings County; New York","72167","21964",
"1400000US36047112200","Census Tract 1122; Kings County; New York","44188","22793",
"1400000US36047112400","Census Tract 1124; Kings County; New York","65472","23230",
"1400000US36047112600","Census Tract 1126; Kings County; New York","52039","36461",
"1400000US36047112800","Census Tract 1128; Kings County; New York","50426","13181",
"1400000US36047113000","Census Tract 1130; Kings County; New York","51938","7724",
"1400000US36047113200","Census Tract 1132; Kings County; New York","46812","4313",
"1400000US36047113400","Census Tract 1134; Kings County; New York","47994","22463",
"1400000US36047114201","Census Tract 1142.01; Kings County; New York","39531","23202",
"1400000US36047114202","Census Tract 1142.02; Kings County; New York","57826","29925",
"1400000US36047114400","Census Tract 1144; Kings County; New York","82422","11909",
"1400000US36047114600","Census Tract 1146; Kings County; New York","82228","37534",
"1400000US36047115000","Census Tract 1150; Kings County; New York","71044","23419",
"1400000US36047115200","Census Tract 1152; Kings County; New York","58542","36067",
"1400000US36047115600","Census Tract 1156; Kings County; New York","-","**",
"1400000US36047115800","Census Tract 1158; Kings County; New York","80091","11082",
"1400000US36047116000","Census Tract 1160; Kings County; New York","63839","18719",
"1400000US36047116200","Census Tract 1162; Kings County; New York","72614","21911",
"1400000US36047116400","Census Tract 1164; Kings County; New York","76713","17211",
"1400000US36047116600","Census Tract 1166; Kings County; New York","42158","31181",
"1400000US36047116800","Census Tract 1168; Kings County; New York","86563","46471",
"1400000US36047117000","Census Tract 1170; Kings County; New York","27840","17356",
"1400000US36047117201","Census Tract 1172.01; Kings County; New York","73214","28941",
"1400000US36047117202","Census Tract 1172.02; Kings County; New York","78190","36943",
"1400000US36047117400","Census Tract 1174; Kings County; New York","46583","10768",
"1400000US36047117601","Census Tract 1176.01; Kings County; New York","80882","23148",
"1400000US36047117602","Census Tract 1176.02; Kings County; New York","86848","23811",
"1400000US36047117800","Census Tract 1178; Kings County; New York","59034","7388",
"1400000US36047118000","Census Tract 1180; Kings County; New York","-","**",
"1400000US36047118201","Census Tract 1182.01; Kings County; New York","82976","34731",
"1400000US36047118202","Census Tract 1182.02; Kings County; New York","91802","25490",
"1400000US36047118400","Census Tract 1184; Kings County; New York","68093","14346",
"1400000US36047118600","Census Tract 1186; Kings County; New York","78971","13962",
"1400000US36047118800","Census Tract 1188; Kings County; New York","75394","32798",
"1400000US36047119000","Census Tract 1190; Kings County; New York","39733","3162",
"1400000US36047119200","Census Tract 1192; Kings County; New York","89286","33500",
"1400000US36047119400","Census Tract 1194; Kings County; New York","84332","21897",
"1400000US36047119600","Census Tract 1196; Kings County; New York","56513","7507",
"1400000US36047119800","Census Tract 1198; Kings County; New York","60289","43626",
"1400000US36047120000","Census Tract 1200; Kings County; New York","47031","22729",
"1400000US36047120200","Census Tract 1202; Kings County; New York","100559","33986",
"1400000US36047120801","Census Tract 1208.01; Kings County; New York","109091","45998",
"1400000US36047120802","Census Tract 1208.02; Kings County; New York","30853","5611",
"1400000US36047120803","Census Tract 1208.03; Kings County; New York","45125","33416",
"1400000US36047121000","Census Tract 1210; Kings County; New York","23136","8660",
"1400000US36047121400","Census Tract 1214; Kings County; New York","38094","9304",
"1400000US36047122000","Census Tract 1220; Kings County; New York","83594","10504",
"1400000US36047123700","Census Tract 1237; Kings County; New York","55861","26278",
"1400000US36047150200","Census Tract 1502; Kings County; New York","132727","78931",
"1400000US36047152200","Census Tract 1522; Kings County; New York","215602","106936",
"1400000US36047990100","Census Tract 9901; Kings County; New York","-","**",
"1400000US36049950101","Census Tract 9501.01; Lewis County; New York","66964","4955",
"1400000US36049950200","Census Tract 9502; Lewis County; New York","62050","12928",
"1400000US36049950301","Census Tract 9503.01; Lewis County; New York","68025","8001",
"1400000US36049950302","Census Tract 9503.02; Lewis County; New York","69583","13249",
"1400000US36049950401","Census Tract 9504.01; Lewis County; New York","70515","8911",
"1400000US36049950500","Census Tract 9505; Lewis County; New York","74559","12796",
"1400000US36049950601","Census Tract 9506.01; Lewis County; New York","65278","9644",
"1400000US36049950700","Census Tract 9507; Lewis County; New York","75820","4950",
"1400000US36049950800","Census Tract 9508; Lewis County; New York","49158","6518",
"1400000US36051030100","Census Tract 301; Livingston County; New York","78649","13483",
"1400000US36051030201","Census Tract 302.01; Livingston County; New York","65227","21226",
"1400000US36051030203","Census Tract 302.03; Livingston County; New York","78167","29960",
"1400000US36051030204","Census Tract 302.04; Livingston County; New York","82857","26427",
"1400000US36051030300","Census Tract 303; Livingston County; New York","71771","13327",
"1400000US36051030400","Census Tract 304; Livingston County; New York","79182","25197",
"1400000US36051030500","Census Tract 305; Livingston County; New York","-","**",
"1400000US36051030600","Census Tract 306; Livingston County; New York","87130","5452",
"1400000US36051030701","Census Tract 307.01; Livingston County; New York","107750","9111",
"1400000US36051030702","Census Tract 307.02; Livingston County; New York","77829","16125",
"1400000US36051030800","Census Tract 308; Livingston County; New York","78147","6971",
"1400000US36051030900","Census Tract 309; Livingston County; New York","51125","15832",
"1400000US36051031000","Census Tract 310; Livingston County; New York","-","**",
"1400000US36051031101","Census Tract 311.01; Livingston County; New York","87794","14716",
"1400000US36051031102","Census Tract 311.02; Livingston County; New York","77212","18289",
"1400000US36051031200","Census Tract 312; Livingston County; New York","65750","16956",
"1400000US36051031300","Census Tract 313; Livingston County; New York","73667","7226",
"1400000US36051031400","Census Tract 314; Livingston County; New York","57329","7127",
"1400000US36053030101","Census Tract 301.01; Madison County; New York","53036","20174",
"1400000US36053030102","Census Tract 301.02; Madison County; New York","51610","6909",
"1400000US36053030103","Census Tract 301.03; Madison County; New York","86607","19394",
"1400000US36053030200","Census Tract 302; Madison County; New York","78750","10251",
"1400000US36053030300","Census Tract 303; Madison County; New York","73750","11947",
"1400000US36053030401","Census Tract 304.01; Madison County; New York","71793","11567",
"1400000US36053030402","Census Tract 304.02; Madison County; New York","94194","15021",
"1400000US36053030403","Census Tract 304.03; Madison County; New York","76118","12037",
"1400000US36053030404","Census Tract 304.04; Madison County; New York","91328","13598",
"1400000US36053030501","Census Tract 305.01; Madison County; New York","97375","17626",
"1400000US36053030502","Census Tract 305.02; Madison County; New York","131131","30400",
"1400000US36053030601","Census Tract 306.01; Madison County; New York","78233","8221",
"1400000US36053030602","Census Tract 306.02; Madison County; New York","81700","12502",
"1400000US36053030701","Census Tract 307.01; Madison County; New York","53281","11411",
"1400000US36053030702","Census Tract 307.02; Madison County; New York","82063","18202",
"1400000US36053030800","Census Tract 308; Madison County; New York","65000","5395",
"1400000US36053030900","Census Tract 309; Madison County; New York","69167","24380",
"1400000US36053031000","Census Tract 310; Madison County; New York","76545","13635",
"1400000US36053031100","Census Tract 311; Madison County; New York","69205","8688",
"1400000US36055000200","Census Tract 2; Monroe County; New York","41467","8667",
"1400000US36055000700","Census Tract 7; Monroe County; New York","24866","11192",
"1400000US36055001000","Census Tract 10; Monroe County; New York","65180","12462",
"1400000US36055001300","Census Tract 13; Monroe County; New York","20581","3010",
"1400000US36055001600","Census Tract 16; Monroe County; New York","19970","7910",
"1400000US36055001800","Census Tract 18; Monroe County; New York","48943","18543",
"1400000US36055001900","Census Tract 19; Monroe County; New York","43411","15481",
"1400000US36055002000","Census Tract 20; Monroe County; New York","43922","6987",
"1400000US36055002100","Census Tract 21; Monroe County; New York","50240","15539",
"1400000US36055002200","Census Tract 22; Monroe County; New York","29856","10119",
"1400000US36055002300","Census Tract 23; Monroe County; New York","22010","12220",
"1400000US36055002400","Census Tract 24; Monroe County; New York","28625","6737",
"1400000US36055002700","Census Tract 27; Monroe County; New York","33676","3775",
"1400000US36055002900","Census Tract 29; Monroe County; New York","51703","9929",
"1400000US36055003000","Census Tract 30; Monroe County; New York","68125","17642",
"1400000US36055003101","Census Tract 31.01; Monroe County; New York","99140","9458",
"1400000US36055003102","Census Tract 31.02; Monroe County; New York","53211","27866",
"1400000US36055003200","Census Tract 32; Monroe County; New York","24510","13283",
"1400000US36055003300","Census Tract 33; Monroe County; New York","30305","13990",
"1400000US36055003400","Census Tract 34; Monroe County; New York","70515","21195",
"1400000US36055003500","Census Tract 35; Monroe County; New York","71500","19256",
"1400000US36055003600","Census Tract 36; Monroe County; New York","92935","11718",
"1400000US36055003700","Census Tract 37; Monroe County; New York","83243","22297",
"1400000US36055003806","Census Tract 38.06; Monroe County; New York","42692","16699",
"1400000US36055003807","Census Tract 38.07; Monroe County; New York","64375","38918",
"1400000US36055003900","Census Tract 39; Monroe County; New York","31563","9007",
"1400000US36055004000","Census Tract 40; Monroe County; New York","32468","7989",
"1400000US36055004100","Census Tract 41; Monroe County; New York","29146","12104",
"1400000US36055004602","Census Tract 46.02; Monroe County; New York","27033","5867",
"1400000US36055004701","Census Tract 47.01; Monroe County; New York","26417","11915",
"1400000US36055004702","Census Tract 47.02; Monroe County; New York","47701","5272",
"1400000US36055004800","Census Tract 48; Monroe County; New York","30474","9004",
"1400000US36055004900","Census Tract 49; Monroe County; New York","41719","15674",
"1400000US36055005000","Census Tract 50; Monroe County; New York","31080","15815",
"1400000US36055005100","Census Tract 51; Monroe County; New York","29772","11488",
"1400000US36055005200","Census Tract 52; Monroe County; New York","23897","6488",
"1400000US36055005400","Census Tract 54; Monroe County; New York","80000","10822",
"1400000US36055005500","Census Tract 55; Monroe County; New York","20500","4602",
"1400000US36055005600","Census Tract 56; Monroe County; New York","28031","6181",
"1400000US36055005700","Census Tract 57; Monroe County; New York","62019","22855",
"1400000US36055005800","Census Tract 58; Monroe County; New York","48140","5407",
"1400000US36055005900","Census Tract 59; Monroe County; New York","44917","11647",
"1400000US36055006000","Census Tract 60; Monroe County; New York","53478","15700",
"1400000US36055006100","Census Tract 61; Monroe County; New York","80431","21959",
"1400000US36055006200","Census Tract 62; Monroe County; New York","55769","34112",
"1400000US36055006300","Census Tract 63; Monroe County; New York","42197","23912",
"1400000US36055006400","Census Tract 64; Monroe County; New York","27964","20309",
"1400000US36055006500","Census Tract 65; Monroe County; New York","19031","5267",
"1400000US36055006600","Census Tract 66; Monroe County; New York","48057","7158",
"1400000US36055006700","Census Tract 67; Monroe County; New York","62695","13259",
"1400000US36055006800","Census Tract 68; Monroe County; New York","75703","17021",
"1400000US36055006900","Census Tract 69; Monroe County; New York","35177","18275",
"1400000US36055007000","Census Tract 70; Monroe County; New York","70772","20257",
"1400000US36055007100","Census Tract 71; Monroe County; New York","61366","26837",
"1400000US36055007500","Census Tract 75; Monroe County; New York","29130","4664",
"1400000US36055007600","Census Tract 76; Monroe County; New York","88495","15677",
"1400000US36055007700","Census Tract 77; Monroe County; New York","66852","11586",
"1400000US36055007801","Census Tract 78.01; Monroe County; New York","106898","19940",
"1400000US36055007802","Census Tract 78.02; Monroe County; New York","115688","21855",
"1400000US36055007900","Census Tract 79; Monroe County; New York","41094","14370",
"1400000US36055008000","Census Tract 80; Monroe County; New York","29674","11390",
"1400000US36055008100","Census Tract 81; Monroe County; New York","42045","8242",
"1400000US36055008200","Census Tract 82; Monroe County; New York","40400","11265",
"1400000US36055008301","Census Tract 83.01; Monroe County; New York","48953","6409",
"1400000US36055008400","Census Tract 84; Monroe County; New York","33194","20833",
"1400000US36055008500","Census Tract 85; Monroe County; New York","44507","11561",
"1400000US36055008600","Census Tract 86; Monroe County; New York","58910","5634",
"1400000US36055008702","Census Tract 87.02; Monroe County; New York","45500","33753",
"1400000US36055008801","Census Tract 88.01; Monroe County; New York","39651","7024",
"1400000US36055009200","Census Tract 92; Monroe County; New York","12369","4810",
"1400000US36055009301","Census Tract 93.01; Monroe County; New York","24455","11607",
"1400000US36055009302","Census Tract 93.02; Monroe County; New York","47409","15483",
"1400000US36055009401","Census Tract 94.01; Monroe County; New York","-","**",
"1400000US36055009402","Census Tract 94.02; Monroe County; New York","67366","27059",
"1400000US36055009403","Census Tract 94.03; Monroe County; New York","-","**",
"1400000US36055009404","Census Tract 94.04; Monroe County; New York","68000","25811",
"1400000US36055009500","Census Tract 95; Monroe County; New York","51164","13119",
"1400000US36055009601","Census Tract 96.01; Monroe County; New York","15714","3781",
"1400000US36055009602","Census Tract 96.02; Monroe County; New York","31141","2373",
"1400000US36055009605","Census Tract 96.05; Monroe County; New York","31263","18924",
"1400000US36055010100","Census Tract 101; Monroe County; New York","74750","8300",
"1400000US36055010200","Census Tract 102; Monroe County; New York","140469","11706",
"1400000US36055010300","Census Tract 103; Monroe County; New York","99141","12981",
"1400000US36055010400","Census Tract 104; Monroe County; New York","75208","10429",
"1400000US36055010500","Census Tract 105; Monroe County; New York","96667","15499",
"1400000US36055010601","Census Tract 106.01; Monroe County; New York","53750","25410",
"1400000US36055010602","Census Tract 106.02; Monroe County; New York","69554","11728",
"1400000US36055010700","Census Tract 107; Monroe County; New York","74630","7441",
"1400000US36055010800","Census Tract 108; Monroe County; New York","99125","19031",
"1400000US36055010901","Census Tract 109.01; Monroe County; New York","36602","3265",
"1400000US36055010902","Census Tract 109.02; Monroe County; New York","59291","11250",
"1400000US36055011000","Census Tract 110; Monroe County; New York","90511","10004",
"1400000US36055011100","Census Tract 111; Monroe County; New York","91563","14222",
"1400000US36055011201","Census Tract 112.01; Monroe County; New York","105150","7280",
"1400000US36055011203","Census Tract 112.03; Monroe County; New York","105040","19972",
"1400000US36055011205","Census Tract 112.05; Monroe County; New York","107128","13852",
"1400000US36055011207","Census Tract 112.07; Monroe County; New York","92500","12492",
"1400000US36055011209","Census Tract 112.09; Monroe County; New York","60997","8679",
"1400000US36055011210","Census Tract 112.10; Monroe County; New York","67458","40496",
"1400000US36055011302","Census Tract 113.02; Monroe County; New York","113649","24786",
"1400000US36055011303","Census Tract 113.03; Monroe County; New York","126943","14879",
"1400000US36055011304","Census Tract 113.04; Monroe County; New York","127803","14103",
"1400000US36055011401","Census Tract 114.01; Monroe County; New York","94239","18862",
"1400000US36055011402","Census Tract 114.02; Monroe County; New York","94722","14398",
"1400000US36055011403","Census Tract 114.03; Monroe County; New York","63313","7166",
"1400000US36055011503","Census Tract 115.03; Monroe County; New York","151365","14863",
"1400000US36055011504","Census Tract 115.04; Monroe County; New York","147229","16885",
"1400000US36055011505","Census Tract 115.05; Monroe County; New York","120398","11903",
"1400000US36055011506","Census Tract 115.06; Monroe County; New York","130741","35317",
"1400000US36055011507","Census Tract 115.07; Monroe County; New York","99022","17120",
"1400000US36055011601","Census Tract 116.01; Monroe County; New York","97889","11352",
"1400000US36055011603","Census Tract 116.03; Monroe County; New York","35833","9737",
"1400000US36055011604","Census Tract 116.04; Monroe County; New York","128036","21182",
"1400000US36055011605","Census Tract 116.05; Monroe County; New York","89018","18055",
"1400000US36055011705","Census Tract 117.05; Monroe County; New York","128182","19022",
"1400000US36055011707","Census Tract 117.07; Monroe County; New York","109821","15829",
"1400000US36055011708","Census Tract 117.08; Monroe County; New York","160368","28283",
"1400000US36055011709","Census Tract 117.09; Monroe County; New York","184943","47556",
"1400000US36055011710","Census Tract 117.10; Monroe County; New York","99505","27723",
"1400000US36055011711","Census Tract 117.11; Monroe County; New York","130536","37560",
"1400000US36055011712","Census Tract 117.12; Monroe County; New York","109671","30265",
"1400000US36055011800","Census Tract 118; Monroe County; New York","106786","23374",
"1400000US36055011901","Census Tract 119.01; Monroe County; New York","73222","9188",
"1400000US36055011903","Census Tract 119.03; Monroe County; New York","125000","30235",
"1400000US36055011904","Census Tract 119.04; Monroe County; New York","100457","11701",
"1400000US36055012000","Census Tract 120; Monroe County; New York","76509","19348",
"1400000US36055012100","Census Tract 121; Monroe County; New York","72797","13747",
"1400000US36055012201","Census Tract 122.01; Monroe County; New York","153450","22938",
"1400000US36055012202","Census Tract 122.02; Monroe County; New York","117247","6842",
"1400000US36055012301","Census Tract 123.01; Monroe County; New York","116458","28647",
"1400000US36055012304","Census Tract 123.04; Monroe County; New York","139130","18545",
"1400000US36055012305","Census Tract 123.05; Monroe County; New York","191250","20819",
"1400000US36055012307","Census Tract 123.07; Monroe County; New York","227292","57136",
"1400000US36055012308","Census Tract 123.08; Monroe County; New York","130357","68262",
"1400000US36055012401","Census Tract 124.01; Monroe County; New York","82667","14264",
"1400000US36055012402","Census Tract 124.02; Monroe County; New York","154760","18016",
"1400000US36055012500","Census Tract 125; Monroe County; New York","70524","25934",
"1400000US36055012600","Census Tract 126; Monroe County; New York","103769","24731",
"1400000US36055012700","Census Tract 127; Monroe County; New York","125795","13066",
"1400000US36055012800","Census Tract 128; Monroe County; New York","83832","17183",
"1400000US36055012900","Census Tract 129; Monroe County; New York","129331","25689",
"1400000US36055013003","Census Tract 130.03; Monroe County; New York","134917","29867",
"1400000US36055013004","Census Tract 130.04; Monroe County; New York","75742","11494",
"1400000US36055013005","Census Tract 130.05; Monroe County; New York","53835","7383",
"1400000US36055013006","Census Tract 130.06; Monroe County; New York","68304","18050",
"1400000US36055013101","Census Tract 131.01; Monroe County; New York","81662","9015",
"1400000US36055013103","Census Tract 131.03; Monroe County; New York","66750","11952",
"1400000US36055013104","Census Tract 131.04; Monroe County; New York","57250","9843",
"1400000US36055013203","Census Tract 132.03; Monroe County; New York","94929","13236",
"1400000US36055013205","Census Tract 132.05; Monroe County; New York","77391","11714",
"1400000US36055013206","Census Tract 132.06; Monroe County; New York","123063","21300",
"1400000US36055013207","Census Tract 132.07; Monroe County; New York","108000","22472",
"1400000US36055013208","Census Tract 132.08; Monroe County; New York","72315","26120",
"1400000US36055013300","Census Tract 133; Monroe County; New York","122519","23712",
"1400000US36055013401","Census Tract 134.01; Monroe County; New York","59034","13000",
"1400000US36055013402","Census Tract 134.02; Monroe County; New York","106739","11305",
"1400000US36055013503","Census Tract 135.03; Monroe County; New York","101875","10255",
"1400000US36055013505","Census Tract 135.05; Monroe County; New York","60184","10155",
"1400000US36055013507","Census Tract 135.07; Monroe County; New York","114036","16335",
"1400000US36055013508","Census Tract 135.08; Monroe County; New York","120428","13084",
"1400000US36055013509","Census Tract 135.09; Monroe County; New York","90000","22950",
"1400000US36055013510","Census Tract 135.10; Monroe County; New York","114596","8847",
"1400000US36055013511","Census Tract 135.11; Monroe County; New York","108750","30029",
"1400000US36055013601","Census Tract 136.01; Monroe County; New York","78867","27356",
"1400000US36055013603","Census Tract 136.03; Monroe County; New York","96837","8014",
"1400000US36055013604","Census Tract 136.04; Monroe County; New York","61912","32602",
"1400000US36055013701","Census Tract 137.01; Monroe County; New York","84327","24167",
"1400000US36055013702","Census Tract 137.02; Monroe County; New York","63033","5230",
"1400000US36055013800","Census Tract 138; Monroe County; New York","77816","4852",
"1400000US36055013901","Census Tract 139.01; Monroe County; New York","71778","8230",
"1400000US36055013902","Census Tract 139.02; Monroe County; New York","50979","6770",
"1400000US36055014001","Census Tract 140.01; Monroe County; New York","70653","18229",
"1400000US36055014003","Census Tract 140.03; Monroe County; New York","67604","19531",
"1400000US36055014004","Census Tract 140.04; Monroe County; New York","60972","14800",
"1400000US36055014102","Census Tract 141.02; Monroe County; New York","88750","17720",
"1400000US36055014103","Census Tract 141.03; Monroe County; New York","75078","21278",
"1400000US36055014104","Census Tract 141.04; Monroe County; New York","74632","18497",
"1400000US36055014202","Census Tract 142.02; Monroe County; New York","79548","13895",
"1400000US36055014204","Census Tract 142.04; Monroe County; New York","81750","10493",
"1400000US36055014205","Census Tract 142.05; Monroe County; New York","72083","16071",
"1400000US36055014206","Census Tract 142.06; Monroe County; New York","82635","9819",
"1400000US36055014301","Census Tract 143.01; Monroe County; New York","67581","19903",
"1400000US36055014302","Census Tract 143.02; Monroe County; New York","54647","8046",
"1400000US36055014400","Census Tract 144; Monroe County; New York","87762","13443",
"1400000US36055014501","Census Tract 145.01; Monroe County; New York","77868","18853",
"1400000US36055014503","Census Tract 145.03; Monroe County; New York","99216","10252",
"1400000US36055014504","Census Tract 145.04; Monroe County; New York","110428","6651",
"1400000US36055014505","Census Tract 145.05; Monroe County; New York","74275","8454",
"1400000US36055014601","Census Tract 146.01; Monroe County; New York","91850","18233",
"1400000US36055014602","Census Tract 146.02; Monroe County; New York","71188","24126",
"1400000US36055014700","Census Tract 147; Monroe County; New York","82538","14568",
"1400000US36055014802","Census Tract 148.02; Monroe County; New York","88231","13875",
"1400000US36055014803","Census Tract 148.03; Monroe County; New York","106167","20726",
"1400000US36055014805","Census Tract 148.05; Monroe County; New York","60893","24337",
"1400000US36055014806","Census Tract 148.06; Monroe County; New York","108639","7598",
"1400000US36055014901","Census Tract 149.01; Monroe County; New York","80956","18924",
"1400000US36055014903","Census Tract 149.03; Monroe County; New York","101759","22134",
"1400000US36055014905","Census Tract 149.05; Monroe County; New York","94182","12637",
"1400000US36055014906","Census Tract 149.06; Monroe County; New York","84702","17164",
"1400000US36055015000","Census Tract 150; Monroe County; New York","100750","9533",
"1400000US36055015101","Census Tract 151.01; Monroe County; New York","90134","13378",
"1400000US36055015102","Census Tract 151.02; Monroe County; New York","73482","21788",
"1400000US36055015200","Census Tract 152; Monroe County; New York","83286","14862",
"1400000US36055015301","Census Tract 153.01; Monroe County; New York","87206","28727",
"1400000US36055015303","Census Tract 153.03; Monroe County; New York","62774","9763",
"1400000US36055015304","Census Tract 153.04; Monroe County; New York","68125","16065",
"1400000US36055015400","Census Tract 154; Monroe County; New York","98125","17540",
"1400000US36055980000","Census Tract 9800; Monroe County; New York","-","**",
"1400000US36055980100","Census Tract 9801; Monroe County; New York","65125","39414",
"1400000US36055980200","Census Tract 9802; Monroe County; New York","-","**",
"1400000US36055990000","Census Tract 9900; Monroe County; New York","-","**",
"1400000US36057070200","Census Tract 702; Montgomery County; New York","50377","15172",
"1400000US36057070300","Census Tract 703; Montgomery County; New York","49420","4338",
"1400000US36057070400","Census Tract 704; Montgomery County; New York","71726","15605",
"1400000US36057070500","Census Tract 705; Montgomery County; New York","94844","35184",
"1400000US36057070600","Census Tract 706; Montgomery County; New York","42629","6567",
"1400000US36057070700","Census Tract 707; Montgomery County; New York","83190","18273",
"1400000US36057070800","Census Tract 708; Montgomery County; New York","44289","9299",
"1400000US36057070900","Census Tract 709; Montgomery County; New York","41417","22107",
"1400000US36057072100","Census Tract 721; Montgomery County; New York","83989","17090",
"1400000US36057072200","Census Tract 722; Montgomery County; New York","81473","11054",
"1400000US36057072300","Census Tract 723; Montgomery County; New York","69722","12339",
"1400000US36057072400","Census Tract 724; Montgomery County; New York","54837","7263",
"1400000US36057072500","Census Tract 725; Montgomery County; New York","44195","9564",
"1400000US36057072600","Census Tract 726; Montgomery County; New York","78281","16716",
"1400000US36057072700","Census Tract 727; Montgomery County; New York","77181","6901",
"1400000US36057072800","Census Tract 728; Montgomery County; New York","92712","4720",
"1400000US36059300100","Census Tract 3001; Nassau County; New York","211299","36951",
"1400000US36059300300","Census Tract 3003; Nassau County; New York","109795","21038",
"1400000US36059300400","Census Tract 3004; Nassau County; New York","152714","46603",
"1400000US36059300500","Census Tract 3005; Nassau County; New York","179561","22908",
"1400000US36059300600","Census Tract 3006; Nassau County; New York","173182","26339",
"1400000US36059300700","Census Tract 3007; Nassau County; New York","97721","18226",
"1400000US36059300800","Census Tract 3008; Nassau County; New York","101786","26735",
"1400000US36059300901","Census Tract 3009.01; Nassau County; New York","244079","29496",
"1400000US36059300902","Census Tract 3009.02; Nassau County; New York","173315","23864",
"1400000US36059301000","Census Tract 3010; Nassau County; New York","250,000+","***",
"1400000US36059301101","Census Tract 3011.01; Nassau County; New York","105486","22319",
"1400000US36059301102","Census Tract 3011.02; Nassau County; New York","161818","36812",
"1400000US36059301200","Census Tract 3012; Nassau County; New York","131307","50160",
"1400000US36059301300","Census Tract 3013; Nassau County; New York","139656","35926",
"1400000US36059301400","Census Tract 3014; Nassau County; New York","250,000+","***",
"1400000US36059301500","Census Tract 3015; Nassau County; New York","250,000+","***",
"1400000US36059301600","Census Tract 3016; Nassau County; New York","250,000+","***",
"1400000US36059301700","Census Tract 3017; Nassau County; New York","250,000+","***",
"1400000US36059301800","Census Tract 3018; Nassau County; New York","111419","33625",
"1400000US36059301900","Census Tract 3019; Nassau County; New York","227311","22492",
"1400000US36059302000","Census Tract 3020; Nassau County; New York","154375","55909",
"1400000US36059302101","Census Tract 3021.01; Nassau County; New York","224375","59389",
"1400000US36059302102","Census Tract 3021.02; Nassau County; New York","250,000+","***",
"1400000US36059302200","Census Tract 3022; Nassau County; New York","137137","47379",
"1400000US36059302300","Census Tract 3023; Nassau County; New York","212344","42930",
"1400000US36059302400","Census Tract 3024; Nassau County; New York","132955","38738",
"1400000US36059302501","Census Tract 3025.01; Nassau County; New York","246250","47264",
"1400000US36059302502","Census Tract 3025.02; Nassau County; New York","250,000+","***",
"1400000US36059302600","Census Tract 3026; Nassau County; New York","126974","27313",
"1400000US36059302700","Census Tract 3027; Nassau County; New York","184430","43681",
"1400000US36059302800","Census Tract 3028; Nassau County; New York","153073","10716",
"1400000US36059302900","Census Tract 3029; Nassau County; New York","197000","33935",
"1400000US36059303000","Census Tract 3030; Nassau County; New York","129029","22751",
"1400000US36059303101","Census Tract 3031.01; Nassau County; New York","165536","29606",
"1400000US36059303102","Census Tract 3031.02; Nassau County; New York","135208","21959",
"1400000US36059303203","Census Tract 3032.03; Nassau County; New York","165982","34550",
"1400000US36059303204","Census Tract 3032.04; Nassau County; New York","146406","20995",
"1400000US36059303301","Census Tract 3033.01; Nassau County; New York","145288","32503",
"1400000US36059303302","Census Tract 3033.02; Nassau County; New York","158478","19233",
"1400000US36059303400","Census Tract 3034; Nassau County; New York","214750","36230",
"1400000US36059303500","Census Tract 3035; Nassau County; New York","183663","18903",
"1400000US36059303600","Census Tract 3036; Nassau County; New York","133252","15495",
"1400000US36059303700","Census Tract 3037; Nassau County; New York","122112","33382",
"1400000US36059303800","Census Tract 3038; Nassau County; New York","145500","53851",
"1400000US36059303900","Census Tract 3039; Nassau County; New York","172105","53196",
"1400000US36059304001","Census Tract 3040.01; Nassau County; New York","187813","31168",
"1400000US36059304002","Census Tract 3040.02; Nassau County; New York","132500","26236",
"1400000US36059304100","Census Tract 3041; Nassau County; New York","124792","23787",
"1400000US36059304202","Census Tract 3042.02; Nassau County; New York","148708","16371",
"1400000US36059304203","Census Tract 3042.03; Nassau County; New York","202574","57522",
"1400000US36059304204","Census Tract 3042.04; Nassau County; New York","147440","32577",
"1400000US36059404300","Census Tract 4043; Nassau County; New York","166484","12311",
"1400000US36059404400","Census Tract 4044; Nassau County; New York","165938","25872",
"1400000US36059404500","Census Tract 4045; Nassau County; New York","142292","28365",
"1400000US36059404600","Census Tract 4046; Nassau County; New York","158068","38706",
"1400000US36059404700","Census Tract 4047; Nassau County; New York","160483","29240",
"1400000US36059404800","Census Tract 4048; Nassau County; New York","103614","14002",
"1400000US36059404901","Census Tract 4049.01; Nassau County; New York","129817","57730",
"1400000US36059404902","Census Tract 4049.02; Nassau County; New York","109321","15404",
"1400000US36059405000","Census Tract 4050; Nassau County; New York","115424","19224",
"1400000US36059405100","Census Tract 4051; Nassau County; New York","132626","35831",
"1400000US36059405200","Census Tract 4052; Nassau County; New York","119539","20015",
"1400000US36059405301","Census Tract 4053.01; Nassau County; New York","152083","34523",
"1400000US36059405302","Census Tract 4053.02; Nassau County; New York","112854","10076",
"1400000US36059405400","Census Tract 4054; Nassau County; New York","144265","14584",
"1400000US36059405500","Census Tract 4055; Nassau County; New York","125428","29125",
"1400000US36059405600","Census Tract 4056; Nassau County; New York","149975","18261",
"1400000US36059405700","Census Tract 4057; Nassau County; New York","152188","29722",
"1400000US36059405800","Census Tract 4058; Nassau County; New York","136164","32856",
"1400000US36059405900","Census Tract 4059; Nassau County; New York","176932","38723",
"1400000US36059406001","Census Tract 4060.01; Nassau County; New York","164194","42974",
"1400000US36059406002","Census Tract 4060.02; Nassau County; New York","172656","10378",
"1400000US36059406100","Census Tract 4061; Nassau County; New York","146026","24655",
"1400000US36059406201","Census Tract 4062.01; Nassau County; New York","141384","18244",
"1400000US36059406202","Census Tract 4062.02; Nassau County; New York","118777","19953",
"1400000US36059406300","Census Tract 4063; Nassau County; New York","250,000+","***",
"1400000US36059406400","Census Tract 4064; Nassau County; New York","244002","32238",
"1400000US36059406501","Census Tract 4065.01; Nassau County; New York","235676","16899",
"1400000US36059406600","Census Tract 4066; Nassau County; New York","250,000+","***",
"1400000US36059406701","Census Tract 4067.01; Nassau County; New York","102783","24801",
"1400000US36059406702","Census Tract 4067.02; Nassau County; New York","48209","26455",
"1400000US36059406801","Census Tract 4068.01; Nassau County; New York","54432","15541",
"1400000US36059406802","Census Tract 4068.02; Nassau County; New York","105650","48867",
"1400000US36059406900","Census Tract 4069; Nassau County; New York","106229","25776",
"1400000US36059407000","Census Tract 4070; Nassau County; New York","49038","27288",
"1400000US36059407101","Census Tract 4071.01; Nassau County; New York","83929","52966",
"1400000US36059407102","Census Tract 4071.02; Nassau County; New York","159432","13675",
"1400000US36059407201","Census Tract 4072.01; Nassau County; New York","70142","20771",
"1400000US36059407203","Census Tract 4072.03; Nassau County; New York","110246","41758",
"1400000US36059407204","Census Tract 4072.04; Nassau County; New York","114620","19595",
"1400000US36059407301","Census Tract 4073.01; Nassau County; New York","155446","50899",
"1400000US36059407302","Census Tract 4073.02; Nassau County; New York","110653","15403",
"1400000US36059407401","Census Tract 4074.01; Nassau County; New York","148583","44890",
"1400000US36059407402","Census Tract 4074.02; Nassau County; New York","136571","17002",
"1400000US36059407501","Census Tract 4075.01; Nassau County; New York","110203","29134",
"1400000US36059407502","Census Tract 4075.02; Nassau County; New York","116534","38924",
"1400000US36059407600","Census Tract 4076; Nassau County; New York","197697","55412",
"1400000US36059407700","Census Tract 4077; Nassau County; New York","172727","64215",
"1400000US36059407801","Census Tract 4078.01; Nassau County; New York","151581","42744",
"1400000US36059407802","Census Tract 4078.02; Nassau County; New York","37885","5996",
"1400000US36059407900","Census Tract 4079; Nassau County; New York","95833","15334",
"1400000US36059408000","Census Tract 4080; Nassau County; New York","192778","49105",
"1400000US36059408100","Census Tract 4081; Nassau County; New York","147315","27752",
"1400000US36059408200","Census Tract 4082; Nassau County; New York","125568","18394",
"1400000US36059408300","Census Tract 4083; Nassau County; New York","149258","31070",
"1400000US36059408400","Census Tract 4084; Nassau County; New York","171484","33709",
"1400000US36059408500","Census Tract 4085; Nassau County; New York","196429","27615",
"1400000US36059408600","Census Tract 4086; Nassau County; New York","146806","50926",
"1400000US36059408700","Census Tract 4087; Nassau County; New York","176875","36545",
"1400000US36059408800","Census Tract 4088; Nassau County; New York","120085","20278",
"1400000US36059408900","Census Tract 4089; Nassau County; New York","162375","22974",
"1400000US36059409000","Census Tract 4090; Nassau County; New York","117219","34683",
"1400000US36059409100","Census Tract 4091; Nassau County; New York","141528","40041",
"1400000US36059409200","Census Tract 4092; Nassau County; New York","137426","33273",
"1400000US36059409300","Census Tract 4093; Nassau County; New York","136250","23064",
"1400000US36059409400","Census Tract 4094; Nassau County; New York","173625","17944",
"1400000US36059409500","Census Tract 4095; Nassau County; New York","174536","24681",
"1400000US36059409600","Census Tract 4096; Nassau County; New York","181250","31856",
"1400000US36059409700","Census Tract 4097; Nassau County; New York","128873","17403",
"1400000US36059409800","Census Tract 4098; Nassau County; New York","174667","11334",
"1400000US36059409900","Census Tract 4099; Nassau County; New York","134779","21123",
"1400000US36059410000","Census Tract 4100; Nassau County; New York","118684","25355",
"1400000US36059410100","Census Tract 4101; Nassau County; New York","144809","15286",
"1400000US36059410200","Census Tract 4102; Nassau County; New York","147765","23351",
"1400000US36059410300","Census Tract 4103; Nassau County; New York","160202","26960",
"1400000US36059410400","Census Tract 4104; Nassau County; New York","158977","28185",
"1400000US36059410500","Census Tract 4105; Nassau County; New York","79650","41210",
"1400000US36059410600","Census Tract 4106; Nassau County; New York","161767","13875",
"1400000US36059410700","Census Tract 4107; Nassau County; New York","138182","49013",
"1400000US36059410800","Census Tract 4108; Nassau County; New York","130478","20758",
"1400000US36059410900","Census Tract 4109; Nassau County; New York","145000","24173",
"1400000US36059411000","Census Tract 4110; Nassau County; New York","97301","8966",
"1400000US36059411100","Census Tract 4111; Nassau County; New York","90397","42307",
"1400000US36059411200","Census Tract 4112; Nassau County; New York","101572","34918",
"1400000US36059411301","Census Tract 4113.01; Nassau County; New York","165890","16651",
"1400000US36059411302","Census Tract 4113.02; Nassau County; New York","192658","27509",
"1400000US36059411400","Census Tract 4114; Nassau County; New York","165458","36643",
"1400000US36059411500","Census Tract 4115; Nassau County; New York","250,000+","***",
"1400000US36059411600","Census Tract 4116; Nassau County; New York","170000","53198",
"1400000US36059411700","Census Tract 4117; Nassau County; New York","140765","41353",
"1400000US36059411800","Census Tract 4118; Nassau County; New York","151190","17077",
"1400000US36059411901","Census Tract 4119.01; Nassau County; New York","86563","28699",
"1400000US36059411902","Census Tract 4119.02; Nassau County; New York","155795","18591",
"1400000US36059412000","Census Tract 4120; Nassau County; New York","135293","34373",
"1400000US36059412100","Census Tract 4121; Nassau County; New York","125044","21066",
"1400000US36059412200","Census Tract 4122; Nassau County; New York","114183","32991",
"1400000US36059412301","Census Tract 4123.01; Nassau County; New York","104473","21891",
"1400000US36059412302","Census Tract 4123.02; Nassau County; New York","134816","49793",
"1400000US36059412400","Census Tract 4124; Nassau County; New York","106652","17373",
"1400000US36059412500","Census Tract 4125; Nassau County; New York","209583","23184",
"1400000US36059412600","Census Tract 4126; Nassau County; New York","250,000+","***",
"1400000US36059412700","Census Tract 4127; Nassau County; New York","240642","20942",
"1400000US36059412800","Census Tract 4128; Nassau County; New York","156023","44961",
"1400000US36059412900","Census Tract 4129; Nassau County; New York","156900","16705",
"1400000US36059413001","Census Tract 4130.01; Nassau County; New York","123487","27348",
"1400000US36059413002","Census Tract 4130.02; Nassau County; New York","150323","18730",
"1400000US36059413100","Census Tract 4131; Nassau County; New York","164167","46729",
"1400000US36059413200","Census Tract 4132; Nassau County; New York","112250","31298",
"1400000US36059413300","Census Tract 4133; Nassau County; New York","165903","29603",
"1400000US36059413400","Census Tract 4134; Nassau County; New York","181250","41006",
"1400000US36059413500","Census Tract 4135; Nassau County; New York","142349","19779",
"1400000US36059413600","Census Tract 4136; Nassau County; New York","125598","6967",
"1400000US36059413700","Census Tract 4137; Nassau County; New York","114688","40191",
"1400000US36059413803","Census Tract 4138.03; Nassau County; New York","146573","34566",
"1400000US36059413804","Census Tract 4138.04; Nassau County; New York","183989","7279",
"1400000US36059413900","Census Tract 4139; Nassau County; New York","139342","22815",
"1400000US36059414001","Census Tract 4140.01; Nassau County; New York","88235","50631",
"1400000US36059414002","Census Tract 4140.02; Nassau County; New York","142974","15212",
"1400000US36059414100","Census Tract 4141; Nassau County; New York","138315","33901",
"1400000US36059414201","Census Tract 4142.01; Nassau County; New York","119464","48816",
"1400000US36059414202","Census Tract 4142.02; Nassau County; New York","99942","42517",
"1400000US36059414301","Census Tract 4143.01; Nassau County; New York","78688","29320",
"1400000US36059414303","Census Tract 4143.03; Nassau County; New York","141829","3189",
"1400000US36059414304","Census Tract 4143.04; Nassau County; New York","96250","42168",
"1400000US36059414400","Census Tract 4144; Nassau County; New York","113730","20692",
"1400000US36059414501","Census Tract 4145.01; Nassau County; New York","134252","10701",
"1400000US36059414502","Census Tract 4145.02; Nassau County; New York","83846","12981",
"1400000US36059414600","Census Tract 4146; Nassau County; New York","168182","44168",
"1400000US36059414700","Census Tract 4147; Nassau County; New York","145221","27489",
"1400000US36059414800","Census Tract 4148; Nassau County; New York","130500","41177",
"1400000US36059414900","Census Tract 4149; Nassau County; New York","193438","59148",
"1400000US36059415000","Census Tract 4150; Nassau County; New York","133703","59757",
"1400000US36059415101","Census Tract 4151.01; Nassau County; New York","142644","27826",
"1400000US36059415102","Census Tract 4151.02; Nassau County; New York","247957","16876",
"1400000US36059415201","Census Tract 4152.01; Nassau County; New York","188558","25714",
"1400000US36059415202","Census Tract 4152.02; Nassau County; New York","197250","12872",
"1400000US36059415300","Census Tract 4153; Nassau County; New York","146258","14829",
"1400000US36059415401","Census Tract 4154.01; Nassau County; New York","163453","27814",
"1400000US36059415402","Census Tract 4154.02; Nassau County; New York","190293","19141",
"1400000US36059415500","Census Tract 4155; Nassau County; New York","188796","34854",
"1400000US36059415600","Census Tract 4156; Nassau County; New York","181731","19796",
"1400000US36059415700","Census Tract 4157; Nassau County; New York","158281","42691",
"1400000US36059415802","Census Tract 4158.02; Nassau County; New York","183178","24843",
"1400000US36059416000","Census Tract 4160; Nassau County; New York","185795","36312",
"1400000US36059416100","Census Tract 4161; Nassau County; New York","152750","20918",
"1400000US36059416201","Census Tract 4162.01; Nassau County; New York","120566","13243",
"1400000US36059416202","Census Tract 4162.02; Nassau County; New York","104926","9069",
"1400000US36059416300","Census Tract 4163; Nassau County; New York","165536","16578",
"1400000US36059416401","Census Tract 4164.01; Nassau County; New York","171389","42125",
"1400000US36059416402","Census Tract 4164.02; Nassau County; New York","156852","35878",
"1400000US36059416500","Census Tract 4165; Nassau County; New York","153525","20585",
"1400000US36059416600","Census Tract 4166; Nassau County; New York","133986","21522",
"1400000US36059416701","Census Tract 4167.01; Nassau County; New York","141998","9441",
"1400000US36059416702","Census Tract 4167.02; Nassau County; New York","98735","23712",
"1400000US36059416801","Census Tract 4168.01; Nassau County; New York","154375","25987",
"1400000US36059416802","Census Tract 4168.02; Nassau County; New York","124725","33983",
"1400000US36059416900","Census Tract 4169; Nassau County; New York","147105","58736",
"1400000US36059517000","Census Tract 5170; Nassau County; New York","140599","20791",
"1400000US36059517101","Census Tract 5171.01; Nassau County; New York","90795","18743",
"1400000US36059517102","Census Tract 5171.02; Nassau County; New York","136161","21888",
"1400000US36059517201","Census Tract 5172.01; Nassau County; New York","53298","11906",
"1400000US36059517202","Census Tract 5172.02; Nassau County; New York","81535","24539",
"1400000US36059517301","Census Tract 5173.01; Nassau County; New York","85700","37139",
"1400000US36059517302","Census Tract 5173.02; Nassau County; New York","105043","9054",
"1400000US36059517400","Census Tract 5174; Nassau County; New York","193590","32271",
"1400000US36059517500","Census Tract 5175; Nassau County; New York","131541","17384",
"1400000US36059517600","Census Tract 5176; Nassau County; New York","138465","21610",
"1400000US36059517701","Census Tract 5177.01; Nassau County; New York","246583","19073",
"1400000US36059517705","Census Tract 5177.05; Nassau County; New York","250,000+","***",
"1400000US36059517801","Census Tract 5178.01; Nassau County; New York","250,000+","***",
"1400000US36059517802","Census Tract 5178.02; Nassau County; New York","152472","30984",
"1400000US36059517901","Census Tract 5179.01; Nassau County; New York","157589","24980",
"1400000US36059517902","Census Tract 5179.02; Nassau County; New York","133000","24897",
"1400000US36059518000","Census Tract 5180; Nassau County; New York","111264","9997",
"1400000US36059518100","Census Tract 5181; Nassau County; New York","204071","54133",
"1400000US36059518201","Census Tract 5182.01; Nassau County; New York","250,000+","***",
"1400000US36059518203","Census Tract 5182.03; Nassau County; New York","175512","24208",
"1400000US36059518204","Census Tract 5182.04; Nassau County; New York","206912","46457",
"1400000US36059518300","Census Tract 5183; Nassau County; New York","199621","51863",
"1400000US36059518400","Census Tract 5184; Nassau County; New York","173750","40617",
"1400000US36059518501","Census Tract 5185.01; Nassau County; New York","155682","48530",
"1400000US36059518502","Census Tract 5185.02; Nassau County; New York","125547","40925",
"1400000US36059518600","Census Tract 5186; Nassau County; New York","196250","51103",
"1400000US36059518700","Census Tract 5187; Nassau County; New York","174412","20024",
"1400000US36059518800","Census Tract 5188; Nassau County; New York","249598","28667",
"1400000US36059518900","Census Tract 5189; Nassau County; New York","141199","19031",
"1400000US36059519000","Census Tract 5190; Nassau County; New York","155469","28654",
"1400000US36059519100","Census Tract 5191; Nassau County; New York","128585","55338",
"1400000US36059519200","Census Tract 5192; Nassau County; New York","153750","29398",
"1400000US36059519300","Census Tract 5193; Nassau County; New York","147580","16286",
"1400000US36059519400","Census Tract 5194; Nassau County; New York","128344","21546",
"1400000US36059519500","Census Tract 5195; Nassau County; New York","161042","36170",
"1400000US36059519601","Census Tract 5196.01; Nassau County; New York","184318","29583",
"1400000US36059519602","Census Tract 5196.02; Nassau County; New York","195326","38920",
"1400000US36059519702","Census Tract 5197.02; Nassau County; New York","209859","39916",
"1400000US36059519703","Census Tract 5197.03; Nassau County; New York","151210","11004",
"1400000US36059519704","Census Tract 5197.04; Nassau County; New York","225125","60921",
"1400000US36059519801","Census Tract 5198.01; Nassau County; New York","207877","65185",
"1400000US36059519802","Census Tract 5198.02; Nassau County; New York","166037","31128",
"1400000US36059519900","Census Tract 5199; Nassau County; New York","138860","9399",
"1400000US36059520001","Census Tract 5200.01; Nassau County; New York","112624","10429",
"1400000US36059520002","Census Tract 5200.02; Nassau County; New York","114821","33175",
"1400000US36059520100","Census Tract 5201; Nassau County; New York","195202","47683",
"1400000US36059520200","Census Tract 5202; Nassau County; New York","152650","23350",
"1400000US36059520300","Census Tract 5203; Nassau County; New York","161688","23491",
"1400000US36059520401","Census Tract 5204.01; Nassau County; New York","114886","22146",
"1400000US36059520402","Census Tract 5204.02; Nassau County; New York","125147","29604",
"1400000US36059520501","Census Tract 5205.01; Nassau County; New York","143594","22800",
"1400000US36059520502","Census Tract 5205.02; Nassau County; New York","140625","15389",
"1400000US36059520600","Census Tract 5206; Nassau County; New York","202050","23842",
"1400000US36059520700","Census Tract 5207; Nassau County; New York","141618","26002",
"1400000US36059520800","Census Tract 5208; Nassau County; New York","186964","53604",
"1400000US36059520900","Census Tract 5209; Nassau County; New York","144122","29385",
"1400000US36059521000","Census Tract 5210; Nassau County; New York","137589","25124",
"1400000US36059521100","Census Tract 5211; Nassau County; New York","163750","31061",
"1400000US36059521200","Census Tract 5212; Nassau County; New York","170833","15073",
"1400000US36059521301","Census Tract 5213.01; Nassau County; New York","178929","48936",
"1400000US36059521302","Census Tract 5213.02; Nassau County; New York","187194","18506",
"1400000US36059521400","Census Tract 5214; Nassau County; New York","189194","30042",
"1400000US36059521500","Census Tract 5215; Nassau County; New York","170521","26776",
"1400000US36059521601","Census Tract 5216.01; Nassau County; New York","164536","45891",
"1400000US36059521602","Census Tract 5216.02; Nassau County; New York","164186","36423",
"1400000US36059521700","Census Tract 5217; Nassau County; New York","177500","19862",
"1400000US36059521801","Census Tract 5218.01; Nassau County; New York","160057","24399",
"1400000US36059521802","Census Tract 5218.02; Nassau County; New York","169030","31717",
"1400000US36059521902","Census Tract 5219.02; Nassau County; New York","174924","43011",
"1400000US36059522000","Census Tract 5220; Nassau County; New York","99869","10750",
"1400000US36059522700","Census Tract 5227; Nassau County; New York","191318","33897",
"1400000US36059980100","Census Tract 9801; Nassau County; New York","-","**",
"1400000US36059981100","Census Tract 9811; Nassau County; New York","-","**",
"1400000US36059982100","Census Tract 9821; Nassau County; New York","-","**",
"1400000US36059990100","Census Tract 9901; Nassau County; New York","-","**",
"1400000US36059990200","Census Tract 9902; Nassau County; New York","-","**",
"1400000US36059990301","Census Tract 9903.01; Nassau County; New York","-","**",
"1400000US36059990302","Census Tract 9903.02; Nassau County; New York","-","**",
"1400000US36059990400","Census Tract 9904; Nassau County; New York","-","**",
"1400000US36061000100","Census Tract 1; New York County; New York","-","**",
"1400000US36061000201","Census Tract 2.01; New York County; New York","37353","14485",
"1400000US36061000202","Census Tract 2.02; New York County; New York","36688","8786",
"1400000US36061000500","Census Tract 5; New York County; New York","-","**",
"1400000US36061000600","Census Tract 6; New York County; New York","36893","6442",
"1400000US36061000700","Census Tract 7; New York County; New York","190388","26676",
"1400000US36061000800","Census Tract 8; New York County; New York","31262","12081",
"1400000US36061000900","Census Tract 9; New York County; New York","250,000+","***",
"1400000US36061001001","Census Tract 10.01; New York County; New York","140000","18461",
"1400000US36061001002","Census Tract 10.02; New York County; New York","23796","3050",
"1400000US36061001200","Census Tract 12; New York County; New York","114318","22076",
"1400000US36061001300","Census Tract 13; New York County; New York","171923","43943",
"1400000US36061001401","Census Tract 14.01; New York County; New York","103750","17687",
"1400000US36061001402","Census Tract 14.02; New York County; New York","90469","54483",
"1400000US36061001501","Census Tract 15.01; New York County; New York","125712","41900",
"1400000US36061001502","Census Tract 15.02; New York County; New York","204310","61877",
"1400000US36061001600","Census Tract 16; New York County; New York","35875","33407",
"1400000US36061001800","Census Tract 18; New York County; New York","76726","28369",
"1400000US36061002000","Census Tract 20; New York County; New York","30792","12022",
"1400000US36061002100","Census Tract 21; New York County; New York","250,000+","***",
"1400000US36061002201","Census Tract 22.01; New York County; New York","39961","21329",
"1400000US36061002202","Census Tract 22.02; New York County; New York","151711","41334",
"1400000US36061002400","Census Tract 24; New York County; New York","21092","2902",
"1400000US36061002500","Census Tract 25; New York County; New York","20597","3960",
"1400000US36061002601","Census Tract 26.01; New York County; New York","30350","24933",
"1400000US36061002602","Census Tract 26.02; New York County; New York","89970","28189",
"1400000US36061002700","Census Tract 27; New York County; New York","124063","80897",
"1400000US36061002800","Census Tract 28; New York County; New York","70691","35041",
"1400000US36061002901","Census Tract 29.01; New York County; New York","11094","1783",
"1400000US36061002902","Census Tract 29.02; New York County; New York","-","**",
"1400000US36061003001","Census Tract 30.01; New York County; New York","88889","9585",
"1400000US36061003002","Census Tract 30.02; New York County; New York","74691","20893",
"1400000US36061003100","Census Tract 31; New York County; New York","189250","84096",
"1400000US36061003200","Census Tract 32; New York County; New York","101294","21324",
"1400000US36061003300","Census Tract 33; New York County; New York","250,000+","***",
"1400000US36061003400","Census Tract 34; New York County; New York","121413","35721",
"1400000US36061003601","Census Tract 36.01; New York County; New York","57000","27346",
"1400000US36061003602","Census Tract 36.02; New York County; New York","155000","43778",
"1400000US36061003700","Census Tract 37; New York County; New York","250,000+","***",
"1400000US36061003800","Census Tract 38; New York County; New York","78220","21665",
"1400000US36061003900","Census Tract 39; New York County; New York","202542","140904",
"1400000US36061004001","Census Tract 40.01; New York County; New York","150661","23201",
"1400000US36061004002","Census Tract 40.02; New York County; New York","196833","90450",
"1400000US36061004100","Census Tract 41; New York County; New York","101893","30733",
"1400000US36061004200","Census Tract 42; New York County; New York","131083","81656",
"1400000US36061004300","Census Tract 43; New York County; New York","122730","48504",
"1400000US36061004400","Census Tract 44; New York County; New York","153280","36272",
"1400000US36061004500","Census Tract 45; New York County; New York","170714","58078",
"1400000US36061004700","Census Tract 47; New York County; New York","148750","52480",
"1400000US36061004800","Census Tract 48; New York County; New York","161973","27530",
"1400000US36061004900","Census Tract 49; New York County; New York","146967","24221",
"1400000US36061005000","Census Tract 50; New York County; New York","205250","41717",
"1400000US36061005200","Census Tract 52; New York County; New York","238750","43699",
"1400000US36061005400","Census Tract 54; New York County; New York","124732","34244",
"1400000US36061005501","Census Tract 55.01; New York County; New York","214306","62882",
"1400000US36061005502","Census Tract 55.02; New York County; New York","179844","115466",
"1400000US36061005600","Census Tract 56; New York County; New York","183068","131261",
"1400000US36061005700","Census Tract 57; New York County; New York","201116","59318",
"1400000US36061005800","Census Tract 58; New York County; New York","206827","62119",
"1400000US36061005900","Census Tract 59; New York County; New York","181375","54586",
"1400000US36061006000","Census Tract 60; New York County; New York","202600","52063",
"1400000US36061006100","Census Tract 61; New York County; New York","179167","73442",
"1400000US36061006200","Census Tract 62; New York County; New York","104255","9840",
"1400000US36061006300","Census Tract 63; New York County; New York","173995","62002",
"1400000US36061006400","Census Tract 64; New York County; New York","130385","46651",
"1400000US36061006500","Census Tract 65; New York County; New York","133781","33077",
"1400000US36061006600","Census Tract 66; New York County; New York","101990","22221",
"1400000US36061006700","Census Tract 67; New York County; New York","131304","35398",
"1400000US36061006800","Census Tract 68; New York County; New York","128919","43666",
"1400000US36061006900","Census Tract 69; New York County; New York","238563","59976",
"1400000US36061007001","Census Tract 70.01; New York County; New York","163287","93004",
"1400000US36061007002","Census Tract 70.02; New York County; New York","154965","39282",
"1400000US36061007100","Census Tract 71; New York County; New York","150449","36423",
"1400000US36061007200","Census Tract 72; New York County; New York","136979","31435",
"1400000US36061007300","Census Tract 73; New York County; New York","175590","58176",
"1400000US36061007400","Census Tract 74; New York County; New York","215511","21275",
"1400000US36061007500","Census Tract 75; New York County; New York","187647","94853",
"1400000US36061007600","Census Tract 76; New York County; New York","193644","15300",
"1400000US36061007700","Census Tract 77; New York County; New York","230044","63331",
"1400000US36061007800","Census Tract 78; New York County; New York","134092","58529",
"1400000US36061007900","Census Tract 79; New York County; New York","200079","47036",
"1400000US36061008000","Census Tract 80; New York County; New York","177105","23129",
"1400000US36061008100","Census Tract 81; New York County; New York","134538","28288",
"1400000US36061008200","Census Tract 82; New York County; New York","162143","113796",
"1400000US36061008300","Census Tract 83; New York County; New York","75000","28510",
"1400000US36061008400","Census Tract 84; New York County; New York","231546","36530",
"1400000US36061008601","Census Tract 86.01; New York County; New York","145054","41234",
"1400000US36061008602","Census Tract 86.02; New York County; New York","-","**",
"1400000US36061008603","Census Tract 86.03; New York County; New York","200735","23977",
"1400000US36061008700","Census Tract 87; New York County; New York","150384","16172",
"1400000US36061008800","Census Tract 88; New York County; New York","112782","37605",
"1400000US36061008900","Census Tract 89; New York County; New York","102260","35627",
"1400000US36061009000","Census Tract 90; New York County; New York","156381","24262",
"1400000US36061009100","Census Tract 91; New York County; New York","160866","68641",
"1400000US36061009200","Census Tract 92; New York County; New York","166638","35228",
"1400000US36061009300","Census Tract 93; New York County; New York","122586","52654",
"1400000US36061009400","Census Tract 94; New York County; New York","81875","26703",
"1400000US36061009500","Census Tract 95; New York County; New York","222321","67663",
"1400000US36061009600","Census Tract 96; New York County; New York","-","**",
"1400000US36061009700","Census Tract 97; New York County; New York","71537","13839",
"1400000US36061009800","Census Tract 98; New York County; New York","171745","46415",
"1400000US36061009901","Census Tract 99.01; New York County; New York","250,000+","***",
"1400000US36061009902","Census Tract 99.02; New York County; New York","162845","42365",
"1400000US36061009903","Census Tract 99.03; New York County; New York","187596","105568",
"1400000US36061010000","Census Tract 100; New York County; New York","99875","48199",
"1400000US36061010100","Census Tract 101; New York County; New York","108304","48365",
"1400000US36061010200","Census Tract 102; New York County; New York","-","**",
"1400000US36061010300","Census Tract 103; New York County; New York","180200","70219",
"1400000US36061010400","Census Tract 104; New York County; New York","193026","63232",
"1400000US36061010601","Census Tract 106.01; New York County; New York","249091","40147",
"1400000US36061010602","Census Tract 106.02; New York County; New York","207717","62163",
"1400000US36061010801","Census Tract 108.01; New York County; New York","160719","40696",
"1400000US36061010802","Census Tract 108.02; New York County; New York","134004","63768",
"1400000US36061010803","Census Tract 108.03; New York County; New York","119178","16649",
"1400000US36061010900","Census Tract 109; New York County; New York","163542","21279",
"1400000US36061011000","Census Tract 110; New York County; New York","150164","20582",
"1400000US36061011100","Census Tract 111; New York County; New York","104451","37697",
"1400000US36061011201","Census Tract 112.01; New York County; New York","163750","57434",
"1400000US36061011202","Census Tract 112.02; New York County; New York","211563","79745",
"1400000US36061011203","Census Tract 112.03; New York County; New York","167083","60162",
"1400000US36061011300","Census Tract 113; New York County; New York","93750","53777",
"1400000US36061011401","Census Tract 114.01; New York County; New York","155809","130902",
"1400000US36061011402","Census Tract 114.02; New York County; New York","206818","76138",
"1400000US36061011500","Census Tract 115; New York County; New York","138750","69371",
"1400000US36061011600","Census Tract 116; New York County; New York","90212","50474",
"1400000US36061011700","Census Tract 117; New York County; New York","116048","11703",
"1400000US36061011800","Census Tract 118; New York County; New York","139332","44862",
"1400000US36061011900","Census Tract 119; New York County; New York","18050","6797",
"1400000US36061012000","Census Tract 120; New York County; New York","192644","88500",
"1400000US36061012101","Census Tract 121.01; New York County; New York","63690","14209",
"1400000US36061012102","Census Tract 121.02; New York County; New York","62727","18362",
"1400000US36061012200","Census Tract 122; New York County; New York","222909","57068",
"1400000US36061012400","Census Tract 124; New York County; New York","120709","27428",
"1400000US36061012500","Census Tract 125; New York County; New York","171250","99057",
"1400000US36061012601","Census Tract 126.01; New York County; New York","136781","41238",
"1400000US36061012602","Census Tract 126.02; New York County; New York","232600","41410",
"1400000US36061012700","Census Tract 127; New York County; New York","120214","27548",
"1400000US36061012800","Census Tract 128; New York County; New York","220256","54508",
"1400000US36061012901","Census Tract 129.01; New York County; New York","110917","29012",
"1400000US36061012902","Census Tract 129.02; New York County; New York","128625","30207",
"1400000US36061013000","Census Tract 130; New York County; New York","212414","66386",
"1400000US36061013100","Census Tract 131; New York County; New York","136346","50760",
"1400000US36061013201","Census Tract 132.01; New York County; New York","162054","59169",
"1400000US36061013202","Census Tract 132.02; New York County; New York","101836","15194",
"1400000US36061013203","Census Tract 132.03; New York County; New York","122083","44871",
"1400000US36061013300","Census Tract 133; New York County; New York","156829","56806",
"1400000US36061013400","Census Tract 134; New York County; New York","122163","32888",
"1400000US36061013501","Census Tract 135.01; New York County; New York","99265","31195",
"1400000US36061013502","Census Tract 135.02; New York County; New York","95693","50945",
"1400000US36061013601","Census Tract 136.01; New York County; New York","250,000+","***",
"1400000US36061013602","Census Tract 136.02; New York County; New York","188628","78268",
"1400000US36061013603","Census Tract 136.03; New York County; New York","171912","72184",
"1400000US36061013604","Census Tract 136.04; New York County; New York","168970","39497",
"1400000US36061013700","Census Tract 137; New York County; New York","167929","40349",
"1400000US36061013800","Census Tract 138; New York County; New York","141343","21971",
"1400000US36061013900","Census Tract 139; New York County; New York","108071","24577",
"1400000US36061014000","Census Tract 140; New York County; New York","220066","69262",
"1400000US36061014200","Census Tract 142; New York County; New York","250,000+","***",
"1400000US36061014300","Census Tract 143; New York County; New York","-","**",
"1400000US36061014401","Census Tract 144.01; New York County; New York","202966","59377",
"1400000US36061014402","Census Tract 144.02; New York County; New York","163086","43205",
"1400000US36061014500","Census Tract 145; New York County; New York","186389","36493",
"1400000US36061014601","Census Tract 146.01; New York County; New York","139000","54441",
"1400000US36061014602","Census Tract 146.02; New York County; New York","132457","34131",
"1400000US36061014700","Census Tract 147; New York County; New York","202250","69651",
"1400000US36061014801","Census Tract 148.01; New York County; New York","202670","24514",
"1400000US36061014802","Census Tract 148.02; New York County; New York","179304","25575",
"1400000US36061014900","Census Tract 149; New York County; New York","184896","37443",
"1400000US36061015001","Census Tract 150.01; New York County; New York","194659","65428",
"1400000US36061015002","Census Tract 150.02; New York County; New York","243480","29014",
"1400000US36061015101","Census Tract 151.01; New York County; New York","44107","32122",
"1400000US36061015102","Census Tract 151.02; New York County; New York","163274","88391",
"1400000US36061015200","Census Tract 152; New York County; New York","114940","61612",
"1400000US36061015301","Census Tract 153.01; New York County; New York","186949","62566",
"1400000US36061015302","Census Tract 153.02; New York County; New York","189453","68564",
"1400000US36061015401","Census Tract 154.01; New York County; New York","122860","39236",
"1400000US36061015402","Census Tract 154.02; New York County; New York","147589","72808",
"1400000US36061015403","Census Tract 154.03; New York County; New York","129848","53677",
"1400000US36061015501","Census Tract 155.01; New York County; New York","186563","76594",
"1400000US36061015502","Census Tract 155.02; New York County; New York","177841","79121",
"1400000US36061015601","Census Tract 156.01; New York County; New York","127741","24314",
"1400000US36061015602","Census Tract 156.02; New York County; New York","75147","63782",
"1400000US36061015700","Census Tract 157; New York County; New York","163712","23128",
"1400000US36061015801","Census Tract 158.01; New York County; New York","177750","30899",
"1400000US36061015802","Census Tract 158.02; New York County; New York","95391","31060",
"1400000US36061015900","Census Tract 159; New York County; New York","156830","42943",
"1400000US36061016001","Census Tract 160.01; New York County; New York","250,000+","***",
"1400000US36061016002","Census Tract 160.02; New York County; New York","121216","42393",
"1400000US36061016100","Census Tract 161; New York County; New York","179179","57003",
"1400000US36061016200","Census Tract 162; New York County; New York","21942","10174",
"1400000US36061016300","Census Tract 163; New York County; New York","137829","73463",
"1400000US36061016400","Census Tract 164; New York County; New York","26544","8591",
"1400000US36061016500","Census Tract 165; New York County; New York","213661","49547",
"1400000US36061016600","Census Tract 166; New York County; New York","50231","26708",
"1400000US36061016700","Census Tract 167; New York County; New York","250,000+","***",
"1400000US36061016800","Census Tract 168; New York County; New York","38833","11860",
"1400000US36061016900","Census Tract 169; New York County; New York","184268","39626",
"1400000US36061017000","Census Tract 170; New York County; New York","40027","13586",
"1400000US36061017100","Census Tract 171; New York County; New York","149587","23494",
"1400000US36061017200","Census Tract 172; New York County; New York","34024","11504",
"1400000US36061017300","Census Tract 173; New York County; New York","162625","37676",
"1400000US36061017401","Census Tract 174.01; New York County; New York","37975","9172",
"1400000US36061017402","Census Tract 174.02; New York County; New York","81364","28130",
"1400000US36061017500","Census Tract 175; New York County; New York","154118","44062",
"1400000US36061017700","Census Tract 177; New York County; New York","108429","42228",
"1400000US36061017800","Census Tract 178; New York County; New York","56875","32900",
"1400000US36061017900","Census Tract 179; New York County; New York","168859","73801",
"1400000US36061018000","Census Tract 180; New York County; New York","50560","27785",
"1400000US36061018100","Census Tract 181; New York County; New York","114966","26698",
"1400000US36061018200","Census Tract 182; New York County; New York","38942","21436",
"1400000US36061018300","Census Tract 183; New York County; New York","149367","37019",
"1400000US36061018400","Census Tract 184; New York County; New York","51866","18973",
"1400000US36061018500","Census Tract 185; New York County; New York","162188","63981",
"1400000US36061018600","Census Tract 186; New York County; New York","50862","20209",
"1400000US36061018700","Census Tract 187; New York County; New York","145459","41776",
"1400000US36061018800","Census Tract 188; New York County; New York","27237","12020",
"1400000US36061018900","Census Tract 189; New York County; New York","44263","23407",
"1400000US36061019000","Census Tract 190; New York County; New York","121438","16576",
"1400000US36061019100","Census Tract 191; New York County; New York","142500","30586",
"1400000US36061019200","Census Tract 192; New York County; New York","19525","11954",
"1400000US36061019300","Census Tract 193; New York County; New York","67090","18243",
"1400000US36061019400","Census Tract 194; New York County; New York","45750","9131",
"1400000US36061019500","Census Tract 195; New York County; New York","122103","12984",
"1400000US36061019600","Census Tract 196; New York County; New York","28069","13872",
"1400000US36061019701","Census Tract 197.01; New York County; New York","57292","14267",
"1400000US36061019702","Census Tract 197.02; New York County; New York","111250","36545",
"1400000US36061019800","Census Tract 198; New York County; New York","108250","32869",
"1400000US36061019900","Census Tract 199; New York County; New York","83929","31685",
"1400000US36061020000","Census Tract 200; New York County; New York","57034","41254",
"1400000US36061020101","Census Tract 201.01; New York County; New York","152250","107329",
"1400000US36061020102","Census Tract 201.02; New York County; New York","83375","36894",
"1400000US36061020300","Census Tract 203; New York County; New York","67528","22360",
"1400000US36061020500","Census Tract 205; New York County; New York","196576","43227",
"1400000US36061020600","Census Tract 206; New York County; New York","50864","21944",
"1400000US36061020701","Census Tract 207.01; New York County; New York","92788","17296",
"1400000US36061020800","Census Tract 208; New York County; New York","73197","25877",
"1400000US36061020901","Census Tract 209.01; New York County; New York","25357","12432",
"1400000US36061021000","Census Tract 210; New York County; New York","43645","18045",
"1400000US36061021100","Census Tract 211; New York County; New York","65753","15436",
"1400000US36061021200","Census Tract 212; New York County; New York","69702","42196",
"1400000US36061021303","Census Tract 213.03; New York County; New York","57119","8578",
"1400000US36061021400","Census Tract 214; New York County; New York","51068","13818",
"1400000US36061021500","Census Tract 215; New York County; New York","56884","4997",
"1400000US36061021600","Census Tract 216; New York County; New York","73831","12937",
"1400000US36061021703","Census Tract 217.03; New York County; New York","-","**",
"1400000US36061021800","Census Tract 218; New York County; New York","47193","38071",
"1400000US36061021900","Census Tract 219; New York County; New York","21938","8640",
"1400000US36061022000","Census Tract 220; New York County; New York","74151","39274",
"1400000US36061022102","Census Tract 221.02; New York County; New York","67669","14043",
"1400000US36061022200","Census Tract 222; New York County; New York","84071","40632",
"1400000US36061022301","Census Tract 223.01; New York County; New York","50668","8633",
"1400000US36061022302","Census Tract 223.02; New York County; New York","50238","11965",
"1400000US36061022400","Census Tract 224; New York County; New York","19326","6561",
"1400000US36061022500","Census Tract 225; New York County; New York","53424","29324",
"1400000US36061022600","Census Tract 226; New York County; New York","86559","21376",
"1400000US36061022700","Census Tract 227; New York County; New York","63574","15050",
"1400000US36061022800","Census Tract 228; New York County; New York","63413","36253",
"1400000US36061022900","Census Tract 229; New York County; New York","60346","24459",
"1400000US36061023000","Census Tract 230; New York County; New York","27860","18575",
"1400000US36061023100","Census Tract 231; New York County; New York","69949","18258",
"1400000US36061023200","Census Tract 232; New York County; New York","27967","8680",
"1400000US36061023300","Census Tract 233; New York County; New York","84927","16595",
"1400000US36061023400","Census Tract 234; New York County; New York","62346","21285",
"1400000US36061023501","Census Tract 235.01; New York County; New York","71893","16527",
"1400000US36061023502","Census Tract 235.02; New York County; New York","44491","5101",
"1400000US36061023600","Census Tract 236; New York County; New York","43679","4886",
"1400000US36061023700","Census Tract 237; New York County; New York","60404","21724",
"1400000US36061023802","Census Tract 238.02; New York County; New York","100870","17926",
"1400000US36061023803","Census Tract 238.03; New York County; New York","80724","25144",
"1400000US36061023804","Census Tract 238.04; New York County; New York","183536","60521",
"1400000US36061023900","Census Tract 239; New York County; New York","48816","3523",
"1400000US36061024000","Census Tract 240; New York County; New York","-","**",
"1400000US36061024100","Census Tract 241; New York County; New York","59500","11736",
"1400000US36061024200","Census Tract 242; New York County; New York","42617","6718",
"1400000US36061024301","Census Tract 243.01; New York County; New York","74226","21822",
"1400000US36061024302","Census Tract 243.02; New York County; New York","23574","4829",
"1400000US36061024500","Census Tract 245; New York County; New York","51403","10241",
"1400000US36061024700","Census Tract 247; New York County; New York","83605","43039",
"1400000US36061024900","Census Tract 249; New York County; New York","68000","23640",
"1400000US36061025100","Census Tract 251; New York County; New York","37839","11536",
"1400000US36061025300","Census Tract 253; New York County; New York","72763","3184",
"1400000US36061025500","Census Tract 255; New York County; New York","78315","28163",
"1400000US36061025700","Census Tract 257; New York County; New York","104033","60098",
"1400000US36061025900","Census Tract 259; New York County; New York","79429","25476",
"1400000US36061026100","Census Tract 261; New York County; New York","40352","10553",
"1400000US36061026300","Census Tract 263; New York County; New York","67024","11278",
"1400000US36061026500","Census Tract 265; New York County; New York","92434","32796",
"1400000US36061026700","Census Tract 267; New York County; New York","51250","8833",
"1400000US36061026900","Census Tract 269; New York County; New York","52389","28201",
"1400000US36061027100","Census Tract 271; New York County; New York","71595","15407",
"1400000US36061027300","Census Tract 273; New York County; New York","122654","9390",
"1400000US36061027500","Census Tract 275; New York County; New York","170000","94139",
"1400000US36061027700","Census Tract 277; New York County; New York","58086","32149",
"1400000US36061027900","Census Tract 279; New York County; New York","68596","11526",
"1400000US36061028100","Census Tract 281; New York County; New York","143194","60427",
"1400000US36061028300","Census Tract 283; New York County; New York","64803","18445",
"1400000US36061028500","Census Tract 285; New York County; New York","51026","20758",
"1400000US36061028700","Census Tract 287; New York County; New York","89476","18385",
"1400000US36061029100","Census Tract 291; New York County; New York","62348","6348",
"1400000US36061029300","Census Tract 293; New York County; New York","35987","8499",
"1400000US36061029500","Census Tract 295; New York County; New York","87108","20437",
"1400000US36061029700","Census Tract 297; New York County; New York","-","**",
"1400000US36061029900","Census Tract 299; New York County; New York","34731","14561",
"1400000US36061030300","Census Tract 303; New York County; New York","94208","22205",
"1400000US36061030700","Census Tract 307; New York County; New York","108073","21321",
"1400000US36061030900","Census Tract 309; New York County; New York","40438","17887",
"1400000US36061031100","Census Tract 311; New York County; New York","-","**",
"1400000US36061031703","Census Tract 317.03; New York County; New York","250,000+","***",
"1400000US36061031704","Census Tract 317.04; New York County; New York","218917","89703",
"1400000US36061031900","Census Tract 319; New York County; New York","-","**",
"1400000US36063020100","Census Tract 201; Niagara County; New York","110486","42001",
"1400000US36063020200","Census Tract 202; Niagara County; New York","23688","4326",
"1400000US36063020300","Census Tract 203; Niagara County; New York","53875","9806",
"1400000US36063020400","Census Tract 204; Niagara County; New York","51579","26296",
"1400000US36063020500","Census Tract 205; Niagara County; New York","32703","11079",
"1400000US36063020600","Census Tract 206; Niagara County; New York","42250","8961",
"1400000US36063020700","Census Tract 207; Niagara County; New York","49477","14230",
"1400000US36063020900","Census Tract 209; Niagara County; New York","21275","10750",
"1400000US36063021000","Census Tract 210; Niagara County; New York","53306","14296",
"1400000US36063021100","Census Tract 211; Niagara County; New York","37177","13259",
"1400000US36063021200","Census Tract 212; Niagara County; New York","-","**",
"1400000US36063021300","Census Tract 213; Niagara County; New York","32517","10116",
"1400000US36063021400","Census Tract 214; Niagara County; New York","50833","11778",
"1400000US36063021700","Census Tract 217; Niagara County; New York","45617","8205",
"1400000US36063022000","Census Tract 220; Niagara County; New York","65568","18530",
"1400000US36063022100","Census Tract 221; Niagara County; New York","48603","8312",
"1400000US36063022200","Census Tract 222; Niagara County; New York","77500","11610",
"1400000US36063022300","Census Tract 223; Niagara County; New York","66906","3980",
"1400000US36063022401","Census Tract 224.01; Niagara County; New York","70350","17333",
"1400000US36063022500","Census Tract 225; Niagara County; New York","59150","11465",
"1400000US36063022601","Census Tract 226.01; Niagara County; New York","66656","7534",
"1400000US36063022602","Census Tract 226.02; Niagara County; New York","55231","6087",
"1400000US36063022702","Census Tract 227.02; Niagara County; New York","113750","26809",
"1400000US36063022713","Census Tract 227.13; Niagara County; New York","99639","8294",
"1400000US36063022714","Census Tract 227.14; Niagara County; New York","79929","16913",
"1400000US36063022715","Census Tract 227.15; Niagara County; New York","80972","18120",
"1400000US36063022716","Census Tract 227.16; Niagara County; New York","75893","37770",
"1400000US36063022717","Census Tract 227.17; Niagara County; New York","108646","33997",
"1400000US36063022803","Census Tract 228.03; Niagara County; New York","90370","15020",
"1400000US36063022804","Census Tract 228.04; Niagara County; New York","86454","18439",
"1400000US36063022901","Census Tract 229.01; Niagara County; New York","49432","14000",
"1400000US36063022902","Census Tract 229.02; Niagara County; New York","92250","19285",
"1400000US36063023001","Census Tract 230.01; Niagara County; New York","51961","7278",
"1400000US36063023100","Census Tract 231; Niagara County; New York","59615","23944",
"1400000US36063023200","Census Tract 232; Niagara County; New York","51871","2606",
"1400000US36063023301","Census Tract 233.01; Niagara County; New York","86818","6959",
"1400000US36063023302","Census Tract 233.02; Niagara County; New York","42451","22024",
"1400000US36063023401","Census Tract 234.01; Niagara County; New York","89500","19694",
"1400000US36063023402","Census Tract 234.02; Niagara County; New York","102313","21187",
"1400000US36063023404","Census Tract 234.04; Niagara County; New York","91575","5419",
"1400000US36063023405","Census Tract 234.05; Niagara County; New York","50827","11630",
"1400000US36063023500","Census Tract 235; Niagara County; New York","59028","10978",
"1400000US36063023600","Census Tract 236; Niagara County; New York","60526","11745",
"1400000US36063023700","Census Tract 237; Niagara County; New York","45743","21415",
"1400000US36063023800","Census Tract 238; Niagara County; New York","57625","19710",
"1400000US36063023901","Census Tract 239.01; Niagara County; New York","86250","6668",
"1400000US36063023902","Census Tract 239.02; Niagara County; New York","62218","24818",
"1400000US36063024001","Census Tract 240.01; Niagara County; New York","98899","6084",
"1400000US36063024002","Census Tract 240.02; Niagara County; New York","67375","12789",
"1400000US36063024101","Census Tract 241.01; Niagara County; New York","91743","8309",
"1400000US36063024102","Census Tract 241.02; Niagara County; New York","69167","13523",
"1400000US36063024201","Census Tract 242.01; Niagara County; New York","75841","10405",
"1400000US36063024202","Census Tract 242.02; Niagara County; New York","72500","17812",
"1400000US36063024301","Census Tract 243.01; Niagara County; New York","60639","10462",
"1400000US36063024302","Census Tract 243.02; Niagara County; New York","106179","19313",
"1400000US36063024303","Census Tract 243.03; Niagara County; New York","111563","16984",
"1400000US36063024401","Census Tract 244.01; Niagara County; New York","73821","20531",
"1400000US36063024404","Census Tract 244.04; Niagara County; New York","76109","16975",
"1400000US36063024405","Census Tract 244.05; Niagara County; New York","83793","13594",
"1400000US36063024406","Census Tract 244.06; Niagara County; New York","81406","11361",
"1400000US36063024501","Census Tract 245.01; Niagara County; New York","90625","17048",
"1400000US36063024502","Census Tract 245.02; Niagara County; New York","72115","11899",
"1400000US36063024600","Census Tract 246; Niagara County; New York","71489","4973",
"1400000US36063940001","Census Tract 9400.01; Niagara County; New York","39924","7635",
"1400000US36063940100","Census Tract 9401; Niagara County; New York","-","**",
"1400000US36063990000","Census Tract 9900; Niagara County; New York","-","**",
"1400000US36065020102","Census Tract 201.02; Oneida County; New York","57583","22709",
"1400000US36065020300","Census Tract 203; Oneida County; New York","30469","22633",
"1400000US36065020705","Census Tract 207.05; Oneida County; New York","73711","10336",
"1400000US36065020802","Census Tract 208.02; Oneida County; New York","47821","22395",
"1400000US36065020803","Census Tract 208.03; Oneida County; New York","49457","26519",
"1400000US36065020900","Census Tract 209; Oneida County; New York","31819","7195",
"1400000US36065021000","Census Tract 210; Oneida County; New York","16601","6171",
"1400000US36065021103","Census Tract 211.03; Oneida County; New York","29583","8229",
"1400000US36065021104","Census Tract 211.04; Oneida County; New York","30793","2894",
"1400000US36065021201","Census Tract 212.01; Oneida County; New York","28553","8591",
"1400000US36065021202","Census Tract 212.02; Oneida County; New York","47991","28374",
"1400000US36065021301","Census Tract 213.01; Oneida County; New York","97552","21562",
"1400000US36065021302","Census Tract 213.02; Oneida County; New York","50039","16447",
"1400000US36065021303","Census Tract 213.03; Oneida County; New York","90819","14612",
"1400000US36065021401","Census Tract 214.01; Oneida County; New York","53812","2608",
"1400000US36065021402","Census Tract 214.02; Oneida County; New York","56528","8892",
"1400000US36065021500","Census Tract 215; Oneida County; New York","31635","12143",
"1400000US36065021601","Census Tract 216.01; Oneida County; New York","78944","7270",
"1400000US36065021602","Census Tract 216.02; Oneida County; New York","82342","8016",
"1400000US36065021701","Census Tract 217.01; Oneida County; New York","93821","16199",
"1400000US36065021702","Census Tract 217.02; Oneida County; New York","65037","9093",
"1400000US36065021900","Census Tract 219; Oneida County; New York","27476","13336",
"1400000US36065022000","Census Tract 220; Oneida County; New York","51161","6151",
"1400000US36065022100","Census Tract 221; Oneida County; New York","58993","9870",
"1400000US36065022200","Census Tract 222; Oneida County; New York","81667","37244",
"1400000US36065022400","Census Tract 224; Oneida County; New York","57984","9793",
"1400000US36065022500","Census Tract 225; Oneida County; New York","41633","8166",
"1400000US36065022701","Census Tract 227.01; Oneida County; New York","84928","14464",
"1400000US36065022702","Census Tract 227.02; Oneida County; New York","90972","11606",
"1400000US36065022800","Census Tract 228; Oneida County; New York","100306","15529",
"1400000US36065023000","Census Tract 230; Oneida County; New York","105333","10355",
"1400000US36065023200","Census Tract 232; Oneida County; New York","46853","4668",
"1400000US36065023300","Census Tract 233; Oneida County; New York","72969","18491",
"1400000US36065023400","Census Tract 234; Oneida County; New York","61590","12060",
"1400000US36065023501","Census Tract 235.01; Oneida County; New York","107240","10082",
"1400000US36065023502","Census Tract 235.02; Oneida County; New York","117872","11029",
"1400000US36065023702","Census Tract 237.02; Oneida County; New York","98297","4320",
"1400000US36065023901","Census Tract 239.01; Oneida County; New York","91466","17350",
"1400000US36065023902","Census Tract 239.02; Oneida County; New York","103143","6981",
"1400000US36065024000","Census Tract 240; Oneida County; New York","88807","12846",
"1400000US36065024101","Census Tract 241.01; Oneida County; New York","72813","16821",
"1400000US36065024102","Census Tract 241.02; Oneida County; New York","69300","7936",
"1400000US36065024200","Census Tract 242; Oneida County; New York","68253","13740",
"1400000US36065024301","Census Tract 243.01; Oneida County; New York","102031","29761",
"1400000US36065024302","Census Tract 243.02; Oneida County; New York","85197","16983",
"1400000US36065024303","Census Tract 243.03; Oneida County; New York","86500","18634",
"1400000US36065024400","Census Tract 244; Oneida County; New York","69559","9503",
"1400000US36065024500","Census Tract 245; Oneida County; New York","62394","17534",
"1400000US36065024700","Census Tract 247; Oneida County; New York","83534","11268",
"1400000US36065024800","Census Tract 248; Oneida County; New York","88947","10085",
"1400000US36065024900","Census Tract 249; Oneida County; New York","74016","7485",
"1400000US36065025001","Census Tract 250.01; Oneida County; New York","68779","16301",
"1400000US36065025002","Census Tract 250.02; Oneida County; New York","83843","18164",
"1400000US36065025003","Census Tract 250.03; Oneida County; New York","145417","60583",
"1400000US36065025100","Census Tract 251; Oneida County; New York","82717","15120",
"1400000US36065025200","Census Tract 252; Oneida County; New York","55720","13591",
"1400000US36065025300","Census Tract 253; Oneida County; New York","128125","18614",
"1400000US36065025400","Census Tract 254; Oneida County; New York","101184","33976",
"1400000US36065025500","Census Tract 255; Oneida County; New York","93491","14040",
"1400000US36065025601","Census Tract 256.01; Oneida County; New York","101250","31720",
"1400000US36065025602","Census Tract 256.02; Oneida County; New York","57852","10007",
"1400000US36065025700","Census Tract 257; Oneida County; New York","91563","13651",
"1400000US36065025800","Census Tract 258; Oneida County; New York","44850","11935",
"1400000US36065025900","Census Tract 259; Oneida County; New York","-","**",
"1400000US36065026100","Census Tract 261; Oneida County; New York","95208","19067",
"1400000US36065026200","Census Tract 262; Oneida County; New York","92675","20113",
"1400000US36065026300","Census Tract 263; Oneida County; New York","29922","7349",
"1400000US36065026400","Census Tract 264; Oneida County; New York","42205","14027",
"1400000US36065026501","Census Tract 265.01; Oneida County; New York","-","**",
"1400000US36065026502","Census Tract 265.02; Oneida County; New York","-","**",
"1400000US36065026600","Census Tract 266; Oneida County; New York","-","**",
"1400000US36065026700","Census Tract 267; Oneida County; New York","83244","10282",
"1400000US36065980002","Census Tract 9800.02; Oneida County; New York","-","**",
"1400000US36065980003","Census Tract 9800.03; Oneida County; New York","-","**",
"1400000US36065980100","Census Tract 9801; Oneida County; New York","-","**",
"1400000US36067000100","Census Tract 1; Onondaga County; New York","91696","22326",
"1400000US36067000200","Census Tract 2; Onondaga County; New York","51848","21439",
"1400000US36067000300","Census Tract 3; Onondaga County; New York","74716","5231",
"1400000US36067000400","Census Tract 4; Onondaga County; New York","66250","29116",
"1400000US36067000501","Census Tract 5.01; Onondaga County; New York","36639","18191",
"1400000US36067000600","Census Tract 6; Onondaga County; New York","34549","12451",
"1400000US36067000700","Census Tract 7; Onondaga County; New York","52250","25304",
"1400000US36067000800","Census Tract 8; Onondaga County; New York","38319","6968",
"1400000US36067000900","Census Tract 9; Onondaga County; New York","98403","23831",
"1400000US36067001000","Census Tract 10; Onondaga County; New York","53417","18503",
"1400000US36067001400","Census Tract 14; Onondaga County; New York","-","**",
"1400000US36067001500","Census Tract 15; Onondaga County; New York","47903","21065",
"1400000US36067001600","Census Tract 16; Onondaga County; New York","31477","2806",
"1400000US36067001701","Census Tract 17.01; Onondaga County; New York","61695","12317",
"1400000US36067001702","Census Tract 17.02; Onondaga County; New York","77330","20763",
"1400000US36067001800","Census Tract 18; Onondaga County; New York","68269","14439",
"1400000US36067001900","Census Tract 19; Onondaga County; New York","63398","10100",
"1400000US36067002000","Census Tract 20; Onondaga County; New York","42130","15984",
"1400000US36067002101","Census Tract 21.01; Onondaga County; New York","35938","16795",
"1400000US36067002300","Census Tract 23; Onondaga County; New York","25038","10827",
"1400000US36067002400","Census Tract 24; Onondaga County; New York","53558","40184",
"1400000US36067002700","Census Tract 27; Onondaga County; New York","61167","19950",
"1400000US36067002901","Census Tract 29.01; Onondaga County; New York","69189","17850",
"1400000US36067003000","Census Tract 30; Onondaga County; New York","26167","12306",
"1400000US36067003200","Census Tract 32; Onondaga County; New York","57371","13740",
"1400000US36067003400","Census Tract 34; Onondaga County; New York","22784","14895",
"1400000US36067003500","Census Tract 35; Onondaga County; New York","45469","19282",
"1400000US36067003601","Census Tract 36.01; Onondaga County; New York","48631","13807",
"1400000US36067003602","Census Tract 36.02; Onondaga County; New York","59167","16877",
"1400000US36067003800","Census Tract 38; Onondaga County; New York","31354","10796",
"1400000US36067003900","Census Tract 39; Onondaga County; New York","20456","7820",
"1400000US36067004000","Census Tract 40; Onondaga County; New York","49348","18920",
"1400000US36067004200","Census Tract 42; Onondaga County; New York","17765","4451",
"1400000US36067004301","Census Tract 43.01; Onondaga County; New York","19118","7653",
"1400000US36067004302","Census Tract 43.02; Onondaga County; New York","19741","6793",
"1400000US36067004401","Census Tract 44.01; Onondaga County; New York","69426","24958",
"1400000US36067004500","Census Tract 45; Onondaga County; New York","65132","14357",
"1400000US36067004600","Census Tract 46; Onondaga County; New York","91451","13807",
"1400000US36067004800","Census Tract 48; Onondaga County; New York","97500","24129",
"1400000US36067004900","Census Tract 49; Onondaga County; New York","85919","17484",
"1400000US36067005000","Census Tract 50; Onondaga County; New York","78443","10775",
"1400000US36067005100","Census Tract 51; Onondaga County; New York","36497","11921",
"1400000US36067005200","Census Tract 52; Onondaga County; New York","43107","4332",
"1400000US36067005300","Census Tract 53; Onondaga County; New York","26453","20241",
"1400000US36067005400","Census Tract 54; Onondaga County; New York","33750","14061",
"1400000US36067005500","Census Tract 55; Onondaga County; New York","42803","6494",
"1400000US36067005601","Census Tract 56.01; Onondaga County; New York","92045","8267",
"1400000US36067005602","Census Tract 56.02; Onondaga County; New York","21741","16687",
"1400000US36067005700","Census Tract 57; Onondaga County; New York","73088","9500",
"1400000US36067005800","Census Tract 58; Onondaga County; New York","26847","6755",
"1400000US36067005900","Census Tract 59; Onondaga County; New York","42557","32578",
"1400000US36067006000","Census Tract 60; Onondaga County; New York","53614","16056",
"1400000US36067006101","Census Tract 61.01; Onondaga County; New York","28750","5797",
"1400000US36067006102","Census Tract 61.02; Onondaga County; New York","24899","8272",
"1400000US36067006103","Census Tract 61.03; Onondaga County; New York","68534","10185",
"1400000US36067010100","Census Tract 101; Onondaga County; New York","109821","22774",
"1400000US36067010200","Census Tract 102; Onondaga County; New York","83368","20514",
"1400000US36067010301","Census Tract 103.01; Onondaga County; New York","80753","17193",
"1400000US36067010321","Census Tract 103.21; Onondaga County; New York","132232","8844",
"1400000US36067010322","Census Tract 103.22; Onondaga County; New York","122697","15270",
"1400000US36067010400","Census Tract 104; Onondaga County; New York","73906","16456",
"1400000US36067010500","Census Tract 105; Onondaga County; New York","100000","24081",
"1400000US36067010600","Census Tract 106; Onondaga County; New York","96339","25764",
"1400000US36067010700","Census Tract 107; Onondaga County; New York","74297","11739",
"1400000US36067010800","Census Tract 108; Onondaga County; New York","68559","9186",
"1400000US36067010900","Census Tract 109; Onondaga County; New York","73182","12865",
"1400000US36067011011","Census Tract 110.11; Onondaga County; New York","66597","12116",
"1400000US36067011012","Census Tract 110.12; Onondaga County; New York","81178","14286",
"1400000US36067011021","Census Tract 110.21; Onondaga County; New York","106402","21695",
"1400000US36067011022","Census Tract 110.22; Onondaga County; New York","84574","22267",
"1400000US36067011101","Census Tract 111.01; Onondaga County; New York","86848","26669",
"1400000US36067011102","Census Tract 111.02; Onondaga County; New York","59407","9742",
"1400000US36067011201","Census Tract 112.01; Onondaga County; New York","65919","9299",
"1400000US36067011202","Census Tract 112.02; Onondaga County; New York","96371","20300",
"1400000US36067011231","Census Tract 112.31; Onondaga County; New York","100455","8738",
"1400000US36067011232","Census Tract 112.32; Onondaga County; New York","126833","17838",
"1400000US36067011241","Census Tract 112.41; Onondaga County; New York","132750","22552",
"1400000US36067011242","Census Tract 112.42; Onondaga County; New York","113984","15599",
"1400000US36067011300","Census Tract 113; Onondaga County; New York","118338","12064",
"1400000US36067011401","Census Tract 114.01; Onondaga County; New York","105052","11124",
"1400000US36067011402","Census Tract 114.02; Onondaga County; New York","118621","17757",
"1400000US36067011500","Census Tract 115; Onondaga County; New York","122315","24572",
"1400000US36067011600","Census Tract 116; Onondaga County; New York","100686","10964",
"1400000US36067011700","Census Tract 117; Onondaga County; New York","75428","10376",
"1400000US36067011800","Census Tract 118; Onondaga County; New York","58079","9973",
"1400000US36067011900","Census Tract 119; Onondaga County; New York","111250","11465",
"1400000US36067012000","Census Tract 120; Onondaga County; New York","76479","4755",
"1400000US36067012100","Census Tract 121; Onondaga County; New York","112247","30034",
"1400000US36067012200","Census Tract 122; Onondaga County; New York","51136","13599",
"1400000US36067012300","Census Tract 123; Onondaga County; New York","93653","6373",
"1400000US36067012400","Census Tract 124; Onondaga County; New York","79563","24146",
"1400000US36067012500","Census Tract 125; Onondaga County; New York","74492","10506",
"1400000US36067012600","Census Tract 126; Onondaga County; New York","87412","5106",
"1400000US36067012700","Census Tract 127; Onondaga County; New York","75333","5625",
"1400000US36067012800","Census Tract 128; Onondaga County; New York","91648","16826",
"1400000US36067012900","Census Tract 129; Onondaga County; New York","52381","12993",
"1400000US36067013000","Census Tract 130; Onondaga County; New York","68609","6779",
"1400000US36067013100","Census Tract 131; Onondaga County; New York","94470","11187",
"1400000US36067013200","Census Tract 132; Onondaga County; New York","91042","13052",
"1400000US36067013300","Census Tract 133; Onondaga County; New York","86932","12318",
"1400000US36067013400","Census Tract 134; Onondaga County; New York","81538","15519",
"1400000US36067013500","Census Tract 135; Onondaga County; New York","81360","16609",
"1400000US36067013600","Census Tract 136; Onondaga County; New York","75625","8079",
"1400000US36067013701","Census Tract 137.01; Onondaga County; New York","65352","12830",
"1400000US36067013800","Census Tract 138; Onondaga County; New York","78654","12167",
"1400000US36067013900","Census Tract 139; Onondaga County; New York","68667","9351",
"1400000US36067014000","Census Tract 140; Onondaga County; New York","65213","5985",
"1400000US36067014200","Census Tract 142; Onondaga County; New York","61944","9843",
"1400000US36067014300","Census Tract 143; Onondaga County; New York","62143","16453",
"1400000US36067014400","Census Tract 144; Onondaga County; New York","80833","36335",
"1400000US36067014500","Census Tract 145; Onondaga County; New York","76078","13385",
"1400000US36067014600","Census Tract 146; Onondaga County; New York","80729","15796",
"1400000US36067014700","Census Tract 147; Onondaga County; New York","156944","8237",
"1400000US36067014800","Census Tract 148; Onondaga County; New York","139500","66462",
"1400000US36067014900","Census Tract 149; Onondaga County; New York","117159","15730",
"1400000US36067015000","Census Tract 150; Onondaga County; New York","121250","20293",
"1400000US36067015100","Census Tract 151; Onondaga County; New York","100922","21592",
"1400000US36067015201","Census Tract 152.01; Onondaga County; New York","78839","35014",
"1400000US36067015202","Census Tract 152.02; Onondaga County; New York","141354","32569",
"1400000US36067015203","Census Tract 152.03; Onondaga County; New York","152353","16426",
"1400000US36067015400","Census Tract 154; Onondaga County; New York","96667","9646",
"1400000US36067015500","Census Tract 155; Onondaga County; New York","118304","28732",
"1400000US36067015601","Census Tract 156.01; Onondaga County; New York","100938","31862",
"1400000US36067015602","Census Tract 156.02; Onondaga County; New York","154457","28068",
"1400000US36067015701","Census Tract 157.01; Onondaga County; New York","102972","15852",
"1400000US36067015702","Census Tract 157.02; Onondaga County; New York","140517","19919",
"1400000US36067015800","Census Tract 158; Onondaga County; New York","113750","21135",
"1400000US36067016001","Census Tract 160.01; Onondaga County; New York","93813","17797",
"1400000US36067016002","Census Tract 160.02; Onondaga County; New York","109375","27863",
"1400000US36067016100","Census Tract 161; Onondaga County; New York","109286","11067",
"1400000US36067016200","Census Tract 162; Onondaga County; New York","70489","9673",
"1400000US36067016300","Census Tract 163; Onondaga County; New York","123099","24404",
"1400000US36067016400","Census Tract 164; Onondaga County; New York","88409","31051",
"1400000US36067016501","Census Tract 165.01; Onondaga County; New York","111838","18255",
"1400000US36067016502","Census Tract 165.02; Onondaga County; New York","87500","17826",
"1400000US36067016600","Census Tract 166; Onondaga County; New York","100507","15638",
"1400000US36067016700","Census Tract 167; Onondaga County; New York","113889","42441",
"1400000US36067016801","Census Tract 168.01; Onondaga County; New York","111138","3883",
"1400000US36067016802","Census Tract 168.02; Onondaga County; New York","83950","17282",
"1400000US36067016901","Census Tract 169.01; Onondaga County; New York","108529","13127",
"1400000US36067016902","Census Tract 169.02; Onondaga County; New York","94063","11100",
"1400000US36067940000","Census Tract 9400; Onondaga County; New York","37850","2958",
"1400000US36069050101","Census Tract 501.01; Ontario County; New York","140139","35396",
"1400000US36069050103","Census Tract 501.03; Ontario County; New York","68660","4281",
"1400000US36069050104","Census Tract 501.04; Ontario County; New York","144118","31203",
"1400000US36069050105","Census Tract 501.05; Ontario County; New York","102458","18652",
"1400000US36069050106","Census Tract 501.06; Ontario County; New York","214342","33145",
"1400000US36069050203","Census Tract 502.03; Ontario County; New York","56839","9640",
"1400000US36069050204","Census Tract 502.04; Ontario County; New York","95667","20473",
"1400000US36069050205","Census Tract 502.05; Ontario County; New York","120655","11321",
"1400000US36069050206","Census Tract 502.06; Ontario County; New York","99167","32868",
"1400000US36069050302","Census Tract 503.02; Ontario County; New York","82875","7621",
"1400000US36069050303","Census Tract 503.03; Ontario County; New York","58198","16803",
"1400000US36069050304","Census Tract 503.04; Ontario County; New York","69500","32757",
"1400000US36069050401","Census Tract 504.01; Ontario County; New York","71298","11947",
"1400000US36069050402","Census Tract 504.02; Ontario County; New York","86698","7927",
"1400000US36069050501","Census Tract 505.01; Ontario County; New York","90451","11121",
"1400000US36069050502","Census Tract 505.02; Ontario County; New York","61399","7454",
"1400000US36069050601","Census Tract 506.01; Ontario County; New York","111447","21072",
"1400000US36069050603","Census Tract 506.03; Ontario County; New York","103712","16099",
"1400000US36069050604","Census Tract 506.04; Ontario County; New York","67070","8924",
"1400000US36069050800","Census Tract 508; Ontario County; New York","57444","8420",
"1400000US36069050900","Census Tract 509; Ontario County; New York","81806","48807",
"1400000US36069051001","Census Tract 510.01; Ontario County; New York","73456","19949",
"1400000US36069051101","Census Tract 511.01; Ontario County; New York","65956","8093",
"1400000US36069051102","Census Tract 511.02; Ontario County; New York","61688","22989",
"1400000US36069051200","Census Tract 512; Ontario County; New York","84358","22703",
"1400000US36069051301","Census Tract 513.01; Ontario County; New York","71544","7557",
"1400000US36069051302","Census Tract 513.02; Ontario County; New York","60938","16195",
"1400000US36069051400","Census Tract 514; Ontario County; New York","90658","21034",
"1400000US36069051501","Census Tract 515.01; Ontario County; New York","108792","5481",
"1400000US36069051502","Census Tract 515.02; Ontario County; New York","58309","21157",
"1400000US36069051600","Census Tract 516; Ontario County; New York","88036","23195",
"1400000US36069051700","Census Tract 517; Ontario County; New York","65104","16214",
"1400000US36069051801","Census Tract 518.01; Ontario County; New York","84906","18938",
"1400000US36069051900","Census Tract 519; Ontario County; New York","86375","25526",
"1400000US36069052001","Census Tract 520.01; Ontario County; New York","67740","5766",
"1400000US36069052002","Census Tract 520.02; Ontario County; New York","79194","9035",
"1400000US36069052003","Census Tract 520.03; Ontario County; New York","79104","7600",
"1400000US36069052101","Census Tract 521.01; Ontario County; New York","97148","13825",
"1400000US36069052102","Census Tract 521.02; Ontario County; New York","86000","24544",
"1400000US36069052200","Census Tract 522; Ontario County; New York","69702","7166",
"1400000US36071000100","Census Tract 1; Orange County; New York","66031","55956",
"1400000US36071000200","Census Tract 2; Orange County; New York","94792","23032",
"1400000US36071000301","Census Tract 3.01; Orange County; New York","99437","23656",
"1400000US36071000302","Census Tract 3.02; Orange County; New York","72019","22930",
"1400000US36071000400","Census Tract 4; Orange County; New York","32405","31798",
"1400000US36071000501","Census Tract 5.01; Orange County; New York","35676","22668",
"1400000US36071000502","Census Tract 5.02; Orange County; New York","82934","40712",
"1400000US36071000600","Census Tract 6; Orange County; New York","46027","21733",
"1400000US36071001100","Census Tract 11; Orange County; New York","68550","16237",
"1400000US36071001200","Census Tract 12; Orange County; New York","74022","23179",
"1400000US36071001300","Census Tract 13; Orange County; New York","110048","30899",
"1400000US36071001500","Census Tract 15; Orange County; New York","84651","15577",
"1400000US36071001601","Census Tract 16.01; Orange County; New York","75845","12663",
"1400000US36071001602","Census Tract 16.02; Orange County; New York","87011","15345",
"1400000US36071002100","Census Tract 21; Orange County; New York","59803","36195",
"1400000US36071002200","Census Tract 22; Orange County; New York","35309","3425",
"1400000US36071002300","Census Tract 23; Orange County; New York","94808","26653",
"1400000US36071010101","Census Tract 101.01; Orange County; New York","106083","20871",
"1400000US36071010102","Census Tract 101.02; Orange County; New York","122932","10354",
"1400000US36071010200","Census Tract 102; Orange County; New York","122396","26867",
"1400000US36071010300","Census Tract 103; Orange County; New York","108325","23780",
"1400000US36071010400","Census Tract 104; Orange County; New York","94685","16074",
"1400000US36071010501","Census Tract 105.01; Orange County; New York","86739","34381",
"1400000US36071010502","Census Tract 105.02; Orange County; New York","124756","22262",
"1400000US36071010601","Census Tract 106.01; Orange County; New York","134457","39121",
"1400000US36071010602","Census Tract 106.02; Orange County; New York","86435","31682",
"1400000US36071010701","Census Tract 107.01; Orange County; New York","131397","10788",
"1400000US36071010702","Census Tract 107.02; Orange County; New York","77946","27570",
"1400000US36071010801","Census Tract 108.01; Orange County; New York","88365","16851",
"1400000US36071010802","Census Tract 108.02; Orange County; New York","94375","16097",
"1400000US36071010901","Census Tract 109.01; Orange County; New York","112188","22918",
"1400000US36071010902","Census Tract 109.02; Orange County; New York","142480","47213",
"1400000US36071011000","Census Tract 110; Orange County; New York","108231","4695",
"1400000US36071011101","Census Tract 111.01; Orange County; New York","94688","18701",
"1400000US36071011102","Census Tract 111.02; Orange County; New York","96346","4962",
"1400000US36071011200","Census Tract 112; Orange County; New York","95404","6424",
"1400000US36071011301","Census Tract 113.01; Orange County; New York","58095","18241",
"1400000US36071011302","Census Tract 113.02; Orange County; New York","103108","34197",
"1400000US36071011400","Census Tract 114; Orange County; New York","117794","23083",
"1400000US36071011500","Census Tract 115; Orange County; New York","91475","16448",
"1400000US36071011601","Census Tract 116.01; Orange County; New York","69404","7072",
"1400000US36071011602","Census Tract 116.02; Orange County; New York","78966","14921",
"1400000US36071011701","Census Tract 117.01; Orange County; New York","122521","27548",
"1400000US36071011702","Census Tract 117.02; Orange County; New York","127690","15417",
"1400000US36071011801","Census Tract 118.01; Orange County; New York","144698","22949",
"1400000US36071011802","Census Tract 118.02; Orange County; New York","132596","22584",
"1400000US36071011900","Census Tract 119; Orange County; New York","157563","24130",
"1400000US36071012100","Census Tract 121; Orange County; New York","92667","17789",
"1400000US36071012200","Census Tract 122; Orange County; New York","118042","25980",
"1400000US36071012300","Census Tract 123; Orange County; New York","124375","34208",
"1400000US36071012601","Census Tract 126.01; Orange County; New York","93365","33086",
"1400000US36071012602","Census Tract 126.02; Orange County; New York","70688","5263",
"1400000US36071012700","Census Tract 127; Orange County; New York","80815","12359",
"1400000US36071012800","Census Tract 128; Orange County; New York","88302","23778",
"1400000US36071012900","Census Tract 129; Orange County; New York","121786","11453",
"1400000US36071013000","Census Tract 130; Orange County; New York","99146","18516",
"1400000US36071013100","Census Tract 131; Orange County; New York","121023","23814",
"1400000US36071013201","Census Tract 132.01; Orange County; New York","111434","15790",
"1400000US36071013202","Census Tract 132.02; Orange County; New York","103857","23848",
"1400000US36071013301","Census Tract 133.01; Orange County; New York","76080","38995",
"1400000US36071013302","Census Tract 133.02; Orange County; New York","109000","46485",
"1400000US36071013400","Census Tract 134; Orange County; New York","64492","19550",
"1400000US36071013500","Census Tract 135; Orange County; New York","120686","55947",
"1400000US36071013600","Census Tract 136; Orange County; New York","135333","13122",
"1400000US36071013700","Census Tract 137; Orange County; New York","103438","31411",
"1400000US36071013800","Census Tract 138; Orange County; New York","104146","18798",
"1400000US36071013900","Census Tract 139; Orange County; New York","121979","32287",
"1400000US36071014101","Census Tract 141.01; Orange County; New York","98193","11958",
"1400000US36071014102","Census Tract 141.02; Orange County; New York","106771","21107",
"1400000US36071014201","Census Tract 142.01; Orange County; New York","126250","35960",
"1400000US36071014202","Census Tract 142.02; Orange County; New York","158125","48894",
"1400000US36071014301","Census Tract 143.01; Orange County; New York","101840","20682",
"1400000US36071014302","Census Tract 143.02; Orange County; New York","155862","10562",
"1400000US36071014400","Census Tract 144; Orange County; New York","129318","10696",
"1400000US36071014501","Census Tract 145.01; Orange County; New York","134750","22700",
"1400000US36071014502","Census Tract 145.02; Orange County; New York","161000","68087",
"1400000US36071014601","Census Tract 146.01; Orange County; New York","106640","5511",
"1400000US36071014602","Census Tract 146.02; Orange County; New York","106223","28271",
"1400000US36071014700","Census Tract 147; Orange County; New York","126840","30340",
"1400000US36071014801","Census Tract 148.01; Orange County; New York","97813","39778",
"1400000US36071014802","Census Tract 148.02; Orange County; New York","99050","31818",
"1400000US36071014900","Census Tract 149; Orange County; New York","129598","26316",
"1400000US36071015003","Census Tract 150.03; Orange County; New York","68803","16406",
"1400000US36071015005","Census Tract 150.05; Orange County; New York","49267","18400",
"1400000US36071015007","Census Tract 150.07; Orange County; New York","45993","18150",
"1400000US36071015008","Census Tract 150.08; Orange County; New York","29276","4212",
"1400000US36071015009","Census Tract 150.09; Orange County; New York","66884","16710",
"1400000US36071015010","Census Tract 150.10; Orange County; New York","36366","18418",
"1400000US36071015100","Census Tract 151; Orange County; New York","54830","41536",
"1400000US36071015201","Census Tract 152.01; Orange County; New York","147188","56778",
"1400000US36071015202","Census Tract 152.02; Orange County; New York","123987","39643",
"1400000US36071015203","Census Tract 152.03; Orange County; New York","129844","42741",
"1400000US36073040200","Census Tract 402; Orleans County; New York","69205","22966",
"1400000US36073040300","Census Tract 403; Orleans County; New York","78452","16456",
"1400000US36073040400","Census Tract 404; Orleans County; New York","70183","15327",
"1400000US36073040500","Census Tract 405; Orleans County; New York","53167","16778",
"1400000US36073040601","Census Tract 406.01; Orleans County; New York","78654","12378",
"1400000US36073040602","Census Tract 406.02; Orleans County; New York","-","**",
"1400000US36073040603","Census Tract 406.03; Orleans County; New York","77254","9415",
"1400000US36073040701","Census Tract 407.01; Orleans County; New York","56250","37730",
"1400000US36073040702","Census Tract 407.02; Orleans County; New York","39888","12221",
"1400000US36073040801","Census Tract 408.01; Orleans County; New York","57604","27916",
"1400000US36073040802","Census Tract 408.02; Orleans County; New York","65077","5484",
"1400000US36073401200","Census Tract 4012; Orleans County; New York","82083","12504",
"1400000US36073401300","Census Tract 4013; Orleans County; New York","89297","12673",
"1400000US36073990000","Census Tract 9900; Orleans County; New York","-","**",
"1400000US36075020101","Census Tract 201.01; Oswego County; New York","67333","8001",
"1400000US36075020102","Census Tract 201.02; Oswego County; New York","70833","22617",
"1400000US36075020201","Census Tract 202.01; Oswego County; New York","59646","24353",
"1400000US36075020202","Census Tract 202.02; Oswego County; New York","67208","6474",
"1400000US36075020301","Census Tract 203.01; Oswego County; New York","50481","20981",
"1400000US36075020303","Census Tract 203.03; Oswego County; New York","107258","10321",
"1400000US36075020304","Census Tract 203.04; Oswego County; New York","62628","31309",
"1400000US36075020400","Census Tract 204; Oswego County; New York","59081","12631",
"1400000US36075020501","Census Tract 205.01; Oswego County; New York","60357","5198",
"1400000US36075020502","Census Tract 205.02; Oswego County; New York","68008","12164",
"1400000US36075020503","Census Tract 205.03; Oswego County; New York","65469","17041",
"1400000US36075020600","Census Tract 206; Oswego County; New York","69792","15269",
"1400000US36075020703","Census Tract 207.03; Oswego County; New York","91168","12766",
"1400000US36075020704","Census Tract 207.04; Oswego County; New York","101847","12100",
"1400000US36075020705","Census Tract 207.05; Oswego County; New York","81667","8248",
"1400000US36075020706","Census Tract 207.06; Oswego County; New York","67500","22655",
"1400000US36075020707","Census Tract 207.07; Oswego County; New York","67181","9511",
"1400000US36075020800","Census Tract 208; Oswego County; New York","71548","13364",
"1400000US36075020901","Census Tract 209.01; Oswego County; New York","59327","16510",
"1400000US36075020903","Census Tract 209.03; Oswego County; New York","73286","26664",
"1400000US36075020904","Census Tract 209.04; Oswego County; New York","80333","11014",
"1400000US36075020905","Census Tract 209.05; Oswego County; New York","95375","42291",
"1400000US36075021001","Census Tract 210.01; Oswego County; New York","68424","15585",
"1400000US36075021002","Census Tract 210.02; Oswego County; New York","77000","16700",
"1400000US36075021003","Census Tract 210.03; Oswego County; New York","86667","38314",
"1400000US36075021101","Census Tract 211.01; Oswego County; New York","46135","9174",
"1400000US36075021102","Census Tract 211.02; Oswego County; New York","42500","11645",
"1400000US36075021103","Census Tract 211.03; Oswego County; New York","62967","2936",
"1400000US36075021104","Census Tract 211.04; Oswego County; New York","51158","7342",
"1400000US36075021201","Census Tract 212.01; Oswego County; New York","56111","3039",
"1400000US36075021202","Census Tract 212.02; Oswego County; New York","100363","35176",
"1400000US36075021203","Census Tract 212.03; Oswego County; New York","79657","9661",
"1400000US36075021300","Census Tract 213; Oswego County; New York","74148","18709",
"1400000US36075021401","Census Tract 214.01; Oswego County; New York","78083","14171",
"1400000US36075021402","Census Tract 214.02; Oswego County; New York","100682","12768",
"1400000US36075021501","Census Tract 215.01; Oswego County; New York","91324","9384",
"1400000US36075021503","Census Tract 215.03; Oswego County; New York","111985","26485",
"1400000US36075021504","Census Tract 215.04; Oswego County; New York","66000","39979",
"1400000US36075021505","Census Tract 215.05; Oswego County; New York","73750","26698",
"1400000US36075021601","Census Tract 216.01; Oswego County; New York","49797","14662",
"1400000US36075021602","Census Tract 216.02; Oswego County; New York","53345","5885",
"1400000US36075021603","Census Tract 216.03; Oswego County; New York","73313","10024",
"1400000US36075021604","Census Tract 216.04; Oswego County; New York","43276","6159",
"1400000US36075021605","Census Tract 216.05; Oswego County; New York","46939","9873",
"1400000US36075990000","Census Tract 9900; Oswego County; New York","-","**",
"1400000US36077590101","Census Tract 5901.01; Otsego County; New York","74896","16330",
"1400000US36077590102","Census Tract 5901.02; Otsego County; New York","118333","25015",
"1400000US36077590201","Census Tract 5902.01; Otsego County; New York","81196","5547",
"1400000US36077590202","Census Tract 5902.02; Otsego County; New York","72891","15701",
"1400000US36077590301","Census Tract 5903.01; Otsego County; New York","59833","14207",
"1400000US36077590302","Census Tract 5903.02; Otsego County; New York","71000","9314",
"1400000US36077590401","Census Tract 5904.01; Otsego County; New York","67639","12237",
"1400000US36077590402","Census Tract 5904.02; Otsego County; New York","72733","9569",
"1400000US36077590500","Census Tract 5905; Otsego County; New York","73333","12708",
"1400000US36077590600","Census Tract 5906; Otsego County; New York","69659","12486",
"1400000US36077590701","Census Tract 5907.01; Otsego County; New York","63036","23070",
"1400000US36077590702","Census Tract 5907.02; Otsego County; New York","69886","22798",
"1400000US36077590800","Census Tract 5908; Otsego County; New York","79074","10481",
"1400000US36077590900","Census Tract 5909; Otsego County; New York","79659","40645",
"1400000US36077591000","Census Tract 5910; Otsego County; New York","53750","13888",
"1400000US36077591100","Census Tract 5911; Otsego County; New York","56324","8598",
"1400000US36077591401","Census Tract 5914.01; Otsego County; New York","77553","15272",
"1400000US36077591402","Census Tract 5914.02; Otsego County; New York","72404","8493",
"1400000US36077591500","Census Tract 5915; Otsego County; New York","79318","8836",
"1400000US36077591601","Census Tract 5916.01; Otsego County; New York","65882","6479",
"1400000US36077591602","Census Tract 5916.02; Otsego County; New York","51250","8811",
"1400000US36077591700","Census Tract 5917; Otsego County; New York","100875","41049",
"1400000US36079010100","Census Tract 101; Putnam County; New York","107625","17364",
"1400000US36079010201","Census Tract 102.01; Putnam County; New York","101339","42215",
"1400000US36079010202","Census Tract 102.02; Putnam County; New York","91458","31168",
"1400000US36079010300","Census Tract 103; Putnam County; New York","132132","17379",
"1400000US36079010400","Census Tract 104; Putnam County; New York","80881","17545",
"1400000US36079010500","Census Tract 105; Putnam County; New York","140962","13045",
"1400000US36079010600","Census Tract 106; Putnam County; New York","156840","41929",
"1400000US36079010700","Census Tract 107; Putnam County; New York","120536","27335",
"1400000US36079010800","Census Tract 108; Putnam County; New York","127289","27614",
"1400000US36079010901","Census Tract 109.01; Putnam County; New York","147331","33527",
"1400000US36079010902","Census Tract 109.02; Putnam County; New York","119028","37359",
"1400000US36079011000","Census Tract 110; Putnam County; New York","156250","31328",
"1400000US36079011100","Census Tract 111; Putnam County; New York","136676","30653",
"1400000US36079011201","Census Tract 112.01; Putnam County; New York","151619","14263",
"1400000US36079011202","Census Tract 112.02; Putnam County; New York","140213","19132",
"1400000US36079011300","Census Tract 113; Putnam County; New York","117193","27613",
"1400000US36079011400","Census Tract 114; Putnam County; New York","111149","35494",
"1400000US36079011501","Census Tract 115.01; Putnam County; New York","109159","16316",
"1400000US36079011502","Census Tract 115.02; Putnam County; New York","144107","22942",
"1400000US36079011600","Census Tract 116; Putnam County; New York","139208","28642",
"1400000US36079011700","Census Tract 117; Putnam County; New York","139539","33964",
"1400000US36079011801","Census Tract 118.01; Putnam County; New York","67599","21565",
"1400000US36079011802","Census Tract 118.02; Putnam County; New York","109792","20486",
"1400000US36079011900","Census Tract 119; Putnam County; New York","121837","17315",
"1400000US36081000101","Census Tract 1.01; Queens County; New York","134304","45183",
"1400000US36081000102","Census Tract 1.02; Queens County; New York","213135","12911",
"1400000US36081000103","Census Tract 1.03; Queens County; New York","-","**",
"1400000US36081000104","Census Tract 1.04; Queens County; New York","-","**",
"1400000US36081000200","Census Tract 2; Queens County; New York","84643","37121",
"1400000US36081000400","Census Tract 4; Queens County; New York","74107","20691",
"1400000US36081000600","Census Tract 6; Queens County; New York","101042","37021",
"1400000US36081000701","Census Tract 7.01; Queens County; New York","136875","26703",
"1400000US36081000702","Census Tract 7.02; Queens County; New York","132368","25075",
"1400000US36081000800","Census Tract 8; Queens County; New York","111856","17378",
"1400000US36081001000","Census Tract 10; Queens County; New York","85625","20015",
"1400000US36081001200","Census Tract 12; Queens County; New York","86524","12222",
"1400000US36081001400","Census Tract 14; Queens County; New York","80456","36147",
"1400000US36081001600","Census Tract 16; Queens County; New York","77500","10429",
"1400000US36081001800","Census Tract 18; Queens County; New York","118694","57160",
"1400000US36081001901","Census Tract 19.01; Queens County; New York","232109","74711",
"1400000US36081001902","Census Tract 19.02; Queens County; New York","171458","69980",
"1400000US36081001903","Census Tract 19.03; Queens County; New York","172986","35621",
"1400000US36081002000","Census Tract 20; Queens County; New York","138750","32703",
"1400000US36081002200","Census Tract 22; Queens County; New York","71667","17925",
"1400000US36081002400","Census Tract 24; Queens County; New York","88421","25329",
"1400000US36081002500","Census Tract 25; Queens County; New York","26044","7176",
"1400000US36081002600","Census Tract 26; Queens County; New York","135267","12970",
"1400000US36081002800","Census Tract 28; Queens County; New York","89545","10099",
"1400000US36081003000","Census Tract 30; Queens County; New York","120417","51280",
"1400000US36081003100","Census Tract 31; Queens County; New York","121908","33196",
"1400000US36081003200","Census Tract 32; Queens County; New York","130160","25100",
"1400000US36081003301","Census Tract 33.01; Queens County; New York","152056","30616",
"1400000US36081003302","Census Tract 33.02; Queens County; New York","80385","45539",
"1400000US36081003400","Census Tract 34; Queens County; New York","74922","23057",
"1400000US36081003600","Census Tract 36; Queens County; New York","64459","40626",
"1400000US36081003700","Census Tract 37; Queens County; New York","-","**",
"1400000US36081003800","Census Tract 38; Queens County; New York","86146","20802",
"1400000US36081003900","Census Tract 39; Queens County; New York","59988","15352",
"1400000US36081004001","Census Tract 40.01; Queens County; New York","92500","19441",
"1400000US36081004002","Census Tract 40.02; Queens County; New York","49379","2649",
"1400000US36081004200","Census Tract 42; Queens County; New York","67270","41110",
"1400000US36081004300","Census Tract 43; Queens County; New York","26814","10282",
"1400000US36081004401","Census Tract 44.01; Queens County; New York","61920","30686",
"1400000US36081004500","Census Tract 45; Queens County; New York","97462","18527",
"1400000US36081004700","Census Tract 47; Queens County; New York","56333","18716",
"1400000US36081005000","Census Tract 50; Queens County; New York","-","**",
"1400000US36081005100","Census Tract 51; Queens County; New York","90104","10417",
"1400000US36081005200","Census Tract 52; Queens County; New York","76300","14194",
"1400000US36081005300","Census Tract 53; Queens County; New York","113816","41118",
"1400000US36081005400","Census Tract 54; Queens County; New York","78633","7920",
"1400000US36081005500","Census Tract 55; Queens County; New York","81310","28859",
"1400000US36081005700","Census Tract 57; Queens County; New York","94142","14241",
"1400000US36081005800","Census Tract 58; Queens County; New York","91875","22985",
"1400000US36081005900","Census Tract 59; Queens County; New York","76813","20047",
"1400000US36081006100","Census Tract 61; Queens County; New York","106413","14373",
"1400000US36081006201","Census Tract 62.01; Queens County; New York","61954","16704",
"1400000US36081006202","Census Tract 62.02; Queens County; New York","91902","17216",
"1400000US36081006300","Census Tract 63; Queens County; New York","137746","19564",
"1400000US36081006501","Census Tract 65.01; Queens County; New York","94628","20314",
"1400000US36081006502","Census Tract 65.02; Queens County; New York","80539","12427",
"1400000US36081006900","Census Tract 69; Queens County; New York","121526","20779",
"1400000US36081007100","Census Tract 71; Queens County; New York","89562","25637",
"1400000US36081007300","Census Tract 73; Queens County; New York","101691","17510",
"1400000US36081007500","Census Tract 75; Queens County; New York","79634","20801",
"1400000US36081007700","Census Tract 77; Queens County; New York","139267","33772",
"1400000US36081007900","Census Tract 79; Queens County; New York","111875","48712",
"1400000US36081008100","Census Tract 81; Queens County; New York","122798","24974",
"1400000US36081008300","Census Tract 83; Queens County; New York","94803","34961",
"1400000US36081008500","Census Tract 85; Queens County; New York","82708","51325",
"1400000US36081008600","Census Tract 86; Queens County; New York","89667","15640",
"1400000US36081008700","Census Tract 87; Queens County; New York","-","**",
"1400000US36081008800","Census Tract 88; Queens County; New York","127313","23742",
"1400000US36081009100","Census Tract 91; Queens County; New York","99070","14813",
"1400000US36081009400","Census Tract 94; Queens County; New York","73636","15536",
"1400000US36081009500","Census Tract 95; Queens County; New York","127946","44253",
"1400000US36081009600","Census Tract 96; Queens County; New York","124423","47799",
"1400000US36081009700","Census Tract 97; Queens County; New York","121088","25935",
"1400000US36081009800","Census Tract 98; Queens County; New York","84458","19223",
"1400000US36081009900","Census Tract 99; Queens County; New York","-","**",
"1400000US36081010000","Census Tract 100; Queens County; New York","114327","35955",
"1400000US36081010100","Census Tract 101; Queens County; New York","147308","34925",
"1400000US36081010200","Census Tract 102; Queens County; New York","107270","23592",
"1400000US36081010300","Census Tract 103; Queens County; New York","84821","21927",
"1400000US36081010400","Census Tract 104; Queens County; New York","95781","28308",
"1400000US36081010500","Census Tract 105; Queens County; New York","65233","16115",
"1400000US36081010600","Census Tract 106; Queens County; New York","121250","21869",
"1400000US36081010701","Census Tract 107.01; Queens County; New York","-","**",
"1400000US36081010800","Census Tract 108; Queens County; New York","108299","29013",
"1400000US36081011000","Census Tract 110; Queens County; New York","77031","19935",
"1400000US36081011100","Census Tract 111; Queens County; New York","111125","33771",
"1400000US36081011200","Census Tract 112; Queens County; New York","69030","16290",
"1400000US36081011300","Census Tract 113; Queens County; New York","87393","9287",
"1400000US36081011400","Census Tract 114; Queens County; New York","121442","42086",
"1400000US36081011500","Census Tract 115; Queens County; New York","113370","29698",
"1400000US36081011600","Census Tract 116; Queens County; New York","71576","53323",
"1400000US36081011700","Census Tract 117; Queens County; New York","125550","23344",
"1400000US36081011800","Census Tract 118; Queens County; New York","86754","13576",
"1400000US36081011900","Census Tract 119; Queens County; New York","84886","11011",
"1400000US36081012000","Census Tract 120; Queens County; New York","82500","22748",
"1400000US36081012100","Census Tract 121; Queens County; New York","108125","22087",
"1400000US36081012200","Census Tract 122; Queens County; New York","118015","32491",
"1400000US36081012301","Census Tract 123.01; Queens County; New York","106328","28256",
"1400000US36081012400","Census Tract 124; Queens County; New York","71435","39415",
"1400000US36081012500","Census Tract 125; Queens County; New York","93309","24617",
"1400000US36081012601","Census Tract 126.01; Queens County; New York","82450","55698",
"1400000US36081012602","Census Tract 126.02; Queens County; New York","79531","14583",
"1400000US36081012800","Census Tract 128; Queens County; New York","103750","22054",
"1400000US36081013000","Census Tract 130; Queens County; New York","82708","55360",
"1400000US36081013200","Census Tract 132; Queens County; New York","84452","7670",
"1400000US36081013400","Census Tract 134; Queens County; New York","77073","31309",
"1400000US36081013500","Census Tract 135; Queens County; New York","103250","14959",
"1400000US36081013600","Census Tract 136; Queens County; New York","86601","10412",
"1400000US36081013700","Census Tract 137; Queens County; New York","108056","26304",
"1400000US36081013800","Census Tract 138; Queens County; New York","76938","6182",
"1400000US36081014000","Census Tract 140; Queens County; New York","117631","20156",
"1400000US36081014100","Census Tract 141; Queens County; New York","100568","31812",
"1400000US36081014201","Census Tract 142.01; Queens County; New York","70813","42087",
"1400000US36081014202","Census Tract 142.02; Queens County; New York","88750","36876",
"1400000US36081014300","Census Tract 143; Queens County; New York","95446","24608",
"1400000US36081014400","Census Tract 144; Queens County; New York","80101","58272",
"1400000US36081014500","Census Tract 145; Queens County; New York","88462","34430",
"1400000US36081014700","Census Tract 147; Queens County; New York","94180","23201",
"1400000US36081014800","Census Tract 148; Queens County; New York","-","**",
"1400000US36081014900","Census Tract 149; Queens County; New York","66000","14930",
"1400000US36081015000","Census Tract 150; Queens County; New York","91116","22431",
"1400000US36081015100","Census Tract 151; Queens County; New York","68932","10976",
"1400000US36081015200","Census Tract 152; Queens County; New York","82093","28385",
"1400000US36081015300","Census Tract 153; Queens County; New York","88636","22927",
"1400000US36081015400","Census Tract 154; Queens County; New York","69414","21470",
"1400000US36081015500","Census Tract 155; Queens County; New York","94375","14122",
"1400000US36081015600","Census Tract 156; Queens County; New York","79063","29748",
"1400000US36081015700","Census Tract 157; Queens County; New York","75982","15113",
"1400000US36081015801","Census Tract 158.01; Queens County; New York","98387","6564",
"1400000US36081015802","Census Tract 158.02; Queens County; New York","105149","36282",
"1400000US36081015900","Census Tract 159; Queens County; New York","71615","18804",
"1400000US36081016100","Census Tract 161; Queens County; New York","92042","16479",
"1400000US36081016300","Census Tract 163; Queens County; New York","35237","9139",
"1400000US36081016400","Census Tract 164; Queens County; New York","80568","44179",
"1400000US36081016600","Census Tract 166; Queens County; New York","78108","17300",
"1400000US36081016800","Census Tract 168; Queens County; New York","108173","33051",
"1400000US36081016900","Census Tract 169; Queens County; New York","89679","27428",
"1400000US36081017000","Census Tract 170; Queens County; New York","108229","28103",
"1400000US36081017101","Census Tract 171.01; Queens County; New York","-","**",
"1400000US36081017102","Census Tract 171.02; Queens County; New York","184083","64693",
"1400000US36081017200","Census Tract 172; Queens County; New York","74760","27079",
"1400000US36081017400","Census Tract 174; Queens County; New York","121759","41485",
"1400000US36081017600","Census Tract 176; Queens County; New York","83906","38486",
"1400000US36081017800","Census Tract 178; Queens County; New York","90096","39230",
"1400000US36081017901","Census Tract 179.01; Queens County; New York","81319","12450",
"1400000US36081017902","Census Tract 179.02; Queens County; New York","-","**",
"1400000US36081018000","Census Tract 180; Queens County; New York","80147","31324",
"1400000US36081018101","Census Tract 181.01; Queens County; New York","78864","26945",
"1400000US36081018102","Census Tract 181.02; Queens County; New York","83750","13212",
"1400000US36081018200","Census Tract 182; Queens County; New York","93043","28548",
"1400000US36081018300","Census Tract 183; Queens County; New York","71891","5088",
"1400000US36081018401","Census Tract 184.01; Queens County; New York","57679","35034",
"1400000US36081018402","Census Tract 184.02; Queens County; New York","89766","36833",
"1400000US36081018501","Census Tract 185.01; Queens County; New York","88027","7440",
"1400000US36081018502","Census Tract 185.02; Queens County; New York","112260","25622",
"1400000US36081018600","Census Tract 186; Queens County; New York","94840","19538",
"1400000US36081018700","Census Tract 187; Queens County; New York","89479","16670",
"1400000US36081018800","Census Tract 188; Queens County; New York","84688","42177",
"1400000US36081018900","Census Tract 189; Queens County; New York","93333","37255",
"1400000US36081019000","Census Tract 190; Queens County; New York","87051","12821",
"1400000US36081019200","Census Tract 192; Queens County; New York","93403","16888",
"1400000US36081019400","Census Tract 194; Queens County; New York","100938","13269",
"1400000US36081019600","Census Tract 196; Queens County; New York","72000","14167",
"1400000US36081019800","Census Tract 198; Queens County; New York","68828","11154",
"1400000US36081019901","Census Tract 199.01; Queens County; New York","-","**",
"1400000US36081019902","Census Tract 199.02; Queens County; New York","-","**",
"1400000US36081019903","Census Tract 199.03; Queens County; New York","-","**",
"1400000US36081020200","Census Tract 202; Queens County; New York","-","**",
"1400000US36081020400","Census Tract 204; Queens County; New York","63750","11743",
"1400000US36081020500","Census Tract 205; Queens County; New York","76786","7178",
"1400000US36081020600","Census Tract 206; Queens County; New York","56667","13836",
"1400000US36081020800","Census Tract 208; Queens County; New York","60486","26065",
"1400000US36081021200","Census Tract 212; Queens County; New York","70776","15956",
"1400000US36081021400","Census Tract 214; Queens County; New York","87356","9110",
"1400000US36081021601","Census Tract 216.01; Queens County; New York","92609","17184",
"1400000US36081021602","Census Tract 216.02; Queens County; New York","73446","9301",
"1400000US36081021603","Census Tract 216.03; Queens County; New York","-","**",
"1400000US36081021900","Census Tract 219; Queens County; New York","-","**",
"1400000US36081022001","Census Tract 220.01; Queens County; New York","86915","11450",
"1400000US36081022002","Census Tract 220.02; Queens County; New York","89600","21267",
"1400000US36081022900","Census Tract 229; Queens County; New York","-","**",
"1400000US36081023000","Census Tract 230; Queens County; New York","118494","15892",
"1400000US36081023200","Census Tract 232; Queens County; New York","102386","31127",
"1400000US36081023501","Census Tract 235.01; Queens County; New York","60044","3081",
"1400000US36081023502","Census Tract 235.02; Queens County; New York","82676","10536",
"1400000US36081023600","Census Tract 236; Queens County; New York","81557","10916",
"1400000US36081023800","Census Tract 238; Queens County; New York","59938","13425",
"1400000US36081024000","Census Tract 240; Queens County; New York","59421","11439",
"1400000US36081024300","Census Tract 243; Queens County; New York","60880","15057",
"1400000US36081024500","Census Tract 245; Queens County; New York","62647","29208",
"1400000US36081024600","Census Tract 246; Queens County; New York","-","**",
"1400000US36081024700","Census Tract 247; Queens County; New York","57143","8597",
"1400000US36081024900","Census Tract 249; Queens County; New York","76987","8207",
"1400000US36081025100","Census Tract 251; Queens County; New York","90996","28604",
"1400000US36081025301","Census Tract 253.01; Queens County; New York","70664","15388",
"1400000US36081025302","Census Tract 253.02; Queens County; New York","66393","37132",
"1400000US36081025401","Census Tract 254.01; Queens County; New York","76434","20378",
"1400000US36081025402","Census Tract 254.02; Queens County; New York","41822","14310",
"1400000US36081025500","Census Tract 255; Queens County; New York","92260","24712",
"1400000US36081025700","Census Tract 257; Queens County; New York","95139","20643",
"1400000US36081025800","Census Tract 258; Queens County; New York","107442","6581",
"1400000US36081025900","Census Tract 259; Queens County; New York","61289","21326",
"1400000US36081026000","Census Tract 260; Queens County; New York","63565","13522",
"1400000US36081026100","Census Tract 261; Queens County; New York","79419","16814",
"1400000US36081026200","Census Tract 262; Queens County; New York","83667","15908",
"1400000US36081026300","Census Tract 263; Queens County; New York","87232","33545",
"1400000US36081026400","Census Tract 264; Queens County; New York","86411","14561",
"1400000US36081026501","Census Tract 265.01; Queens County; New York","73641","24803",
"1400000US36081026502","Census Tract 265.02; Queens County; New York","74643","12149",
"1400000US36081026600","Census Tract 266; Queens County; New York","55441","34173",
"1400000US36081026700","Census Tract 267; Queens County; New York","58274","13284",
"1400000US36081026901","Census Tract 269.01; Queens County; New York","58163","11089",
"1400000US36081026902","Census Tract 269.02; Queens County; New York","53694","9906",
"1400000US36081027000","Census Tract 270; Queens County; New York","110938","35013",
"1400000US36081027101","Census Tract 271.01; Queens County; New York","54568","22438",
"1400000US36081027102","Census Tract 271.02; Queens County; New York","65786","30541",
"1400000US36081027200","Census Tract 272; Queens County; New York","97357","20416",
"1400000US36081027301","Census Tract 273.01; Queens County; New York","69631","32693",
"1400000US36081027302","Census Tract 273.02; Queens County; New York","81532","13437",
"1400000US36081027400","Census Tract 274; Queens County; New York","65234","13039",
"1400000US36081027500","Census Tract 275; Queens County; New York","66971","12341",
"1400000US36081027600","Census Tract 276; Queens County; New York","111250","77943",
"1400000US36081027701","Census Tract 277.01; Queens County; New York","67602","15432",
"1400000US36081027702","Census Tract 277.02; Queens County; New York","69521","33146",
"1400000US36081027800","Census Tract 278; Queens County; New York","51992","10843",
"1400000US36081027900","Census Tract 279; Queens County; New York","81417","29557",
"1400000US36081028000","Census Tract 280; Queens County; New York","80286","10234",
"1400000US36081028100","Census Tract 281; Queens County; New York","86631","33241",
"1400000US36081028200","Census Tract 282; Queens County; New York","92368","39227",
"1400000US36081028300","Census Tract 283; Queens County; New York","79340","14952",
"1400000US36081028400","Census Tract 284; Queens County; New York","72633","16992",
"1400000US36081028500","Census Tract 285; Queens County; New York","126991","41043",
"1400000US36081028700","Census Tract 287; Queens County; New York","83108","11046",
"1400000US36081028801","Census Tract 288.01; Queens County; New York","120234","32395",
"1400000US36081028802","Census Tract 288.02; Queens County; New York","89653","32692",
"1400000US36081028803","Census Tract 288.03; Queens County; New York","-","**",
"1400000US36081028900","Census Tract 289; Queens County; New York","83870","21356",
"1400000US36081029100","Census Tract 291; Queens County; New York","53384","20001",
"1400000US36081029300","Census Tract 293; Queens County; New York","70556","32878",
"1400000US36081029400","Census Tract 294; Queens County; New York","102984","43904",
"1400000US36081029500","Census Tract 295; Queens County; New York","81051","20590",
"1400000US36081029700","Census Tract 297; Queens County; New York","101538","20916",
"1400000US36081029900","Census Tract 299; Queens County; New York","-","**",
"1400000US36081030600","Census Tract 306; Queens County; New York","111458","22669",
"1400000US36081030903","Census Tract 309.03; Queens County; New York","75728","9310",
"1400000US36081030904","Census Tract 309.04; Queens County; New York","58726","14313",
"1400000US36081030905","Census Tract 309.05; Queens County; New York","74339","37656",
"1400000US36081030906","Census Tract 309.06; Queens County; New York","84907","10544",
"1400000US36081031700","Census Tract 317; Queens County; New York","75591","36617",
"1400000US36081032000","Census Tract 320; Queens County; New York","100417","15105",
"1400000US36081032700","Census Tract 327; Queens County; New York","88167","20424",
"1400000US36081032800","Census Tract 328; Queens County; New York","94398","12878",
"1400000US36081032900","Census Tract 329; Queens County; New York","66573","16375",
"1400000US36081033000","Census Tract 330; Queens County; New York","105013","8084",
"1400000US36081033100","Census Tract 331; Queens County; New York","-","**",
"1400000US36081033401","Census Tract 334.01; Queens County; New York","63892","16891",
"1400000US36081033403","Census Tract 334.03; Queens County; New York","53013","18760",
"1400000US36081033404","Census Tract 334.04; Queens County; New York","52574","19617",
"1400000US36081033405","Census Tract 334.05; Queens County; New York","86065","36089",
"1400000US36081033700","Census Tract 337; Queens County; New York","107750","32702",
"1400000US36081033900","Census Tract 339; Queens County; New York","69755","18390",
"1400000US36081034700","Census Tract 347; Queens County; New York","77025","36721",
"1400000US36081035100","Census Tract 351; Queens County; New York","85284","22753",
"1400000US36081035200","Census Tract 352; Queens County; New York","105139","38048",
"1400000US36081035300","Census Tract 353; Queens County; New York","104107","45665",
"1400000US36081035700","Census Tract 357; Queens County; New York","93153","9264",
"1400000US36081035800","Census Tract 358; Queens County; New York","97128","16295",
"1400000US36081036100","Census Tract 361; Queens County; New York","92500","19907",
"1400000US36081036300","Census Tract 363; Queens County; New York","76613","10662",
"1400000US36081036500","Census Tract 365; Queens County; New York","72031","19460",
"1400000US36081036600","Census Tract 366; Queens County; New York","75395","19985",
"1400000US36081036700","Census Tract 367; Queens County; New York","78200","2424",
"1400000US36081036800","Census Tract 368; Queens County; New York","125882","30580",
"1400000US36081037100","Census Tract 371; Queens County; New York","81607","16783",
"1400000US36081037300","Census Tract 373; Queens County; New York","59821","35448",
"1400000US36081037501","Census Tract 375.01; Queens County; New York","92647","21958",
"1400000US36081037502","Census Tract 375.02; Queens County; New York","70625","14332",
"1400000US36081037600","Census Tract 376; Queens County; New York","112955","22059",
"1400000US36081037700","Census Tract 377; Queens County; New York","81797","30508",
"1400000US36081037900","Census Tract 379; Queens County; New York","80927","8888",
"1400000US36081038100","Census Tract 381; Queens County; New York","83654","16407",
"1400000US36081038301","Census Tract 383.01; Queens County; New York","-","**",
"1400000US36081038302","Census Tract 383.02; Queens County; New York","-","**",
"1400000US36081038400","Census Tract 384; Queens County; New York","100337","24456",
"1400000US36081039400","Census Tract 394; Queens County; New York","100833","33904",
"1400000US36081039800","Census Tract 398; Queens County; New York","86948","8571",
"1400000US36081039901","Census Tract 399.01; Queens County; New York","118319","32661",
"1400000US36081039902","Census Tract 399.02; Queens County; New York","58640","11039",
"1400000US36081040000","Census Tract 400; Queens County; New York","112560","36255",
"1400000US36081040101","Census Tract 401.01; Queens County; New York","60338","4978",
"1400000US36081040102","Census Tract 401.02; Queens County; New York","75660","10912",
"1400000US36081040200","Census Tract 402; Queens County; New York","103214","51391",
"1400000US36081040301","Census Tract 403.01; Queens County; New York","37018","21510",
"1400000US36081040302","Census Tract 403.02; Queens County; New York","70179","22199",
"1400000US36081040400","Census Tract 404; Queens County; New York","87917","25931",
"1400000US36081040501","Census Tract 405.01; Queens County; New York","102682","24893",
"1400000US36081040502","Census Tract 405.02; Queens County; New York","74091","19229",
"1400000US36081040701","Census Tract 407.01; Queens County; New York","77944","36789",
"1400000US36081040702","Census Tract 407.02; Queens County; New York","99722","16518",
"1400000US36081040901","Census Tract 409.01; Queens County; New York","83320","40102",
"1400000US36081040902","Census Tract 409.02; Queens County; New York","84091","23204",
"1400000US36081041100","Census Tract 411; Queens County; New York","73899","18492",
"1400000US36081041300","Census Tract 413; Queens County; New York","72519","33687",
"1400000US36081041400","Census Tract 414; Queens County; New York","92939","24996",
"1400000US36081041500","Census Tract 415; Queens County; New York","63411","23683",
"1400000US36081042400","Census Tract 424; Queens County; New York","95855","47684",
"1400000US36081042600","Census Tract 426; Queens County; New York","-","**",
"1400000US36081042700","Census Tract 427; Queens County; New York","70921","30755",
"1400000US36081043200","Census Tract 432; Queens County; New York","92750","32731",
"1400000US36081043400","Census Tract 434; Queens County; New York","95057","48968",
"1400000US36081043701","Census Tract 437.01; Queens County; New York","60188","8600",
"1400000US36081043702","Census Tract 437.02; Queens County; New York","66731","16950",
"1400000US36081043900","Census Tract 439; Queens County; New York","68922","14019",
"1400000US36081044000","Census Tract 440; Queens County; New York","67463","26728",
"1400000US36081044301","Census Tract 443.01; Queens County; New York","36467","9484",
"1400000US36081044302","Census Tract 443.02; Queens County; New York","62731","29229",
"1400000US36081044400","Census Tract 444; Queens County; New York","46434","10058",
"1400000US36081044601","Census Tract 446.01; Queens County; New York","57614","28382",
"1400000US36081044602","Census Tract 446.02; Queens County; New York","45688","25030",
"1400000US36081044800","Census Tract 448; Queens County; New York","72371","30953",
"1400000US36081045000","Census Tract 450; Queens County; New York","148424","102721",
"1400000US36081045200","Census Tract 452; Queens County; New York","76071","25598",
"1400000US36081045400","Census Tract 454; Queens County; New York","84100","43499",
"1400000US36081045500","Census Tract 455; Queens County; New York","80100","11749",
"1400000US36081045600","Census Tract 456; Queens County; New York","75357","69759",
"1400000US36081045700","Census Tract 457; Queens County; New York","82176","24042",
"1400000US36081045800","Census Tract 458; Queens County; New York","79236","16368",
"1400000US36081045900","Census Tract 459; Queens County; New York","72279","28181",
"1400000US36081046000","Census Tract 460; Queens County; New York","57184","16516",
"1400000US36081046100","Census Tract 461; Queens County; New York","77000","23105",
"1400000US36081046200","Census Tract 462; Queens County; New York","60647","12497",
"1400000US36081046300","Census Tract 463; Queens County; New York","75539","19231",
"1400000US36081046400","Census Tract 464; Queens County; New York","118472","30592",
"1400000US36081046500","Census Tract 465; Queens County; New York","94125","40958",
"1400000US36081046600","Census Tract 466; Queens County; New York","76885","16126",
"1400000US36081046700","Census Tract 467; Queens County; New York","77246","18333",
"1400000US36081046800","Census Tract 468; Queens County; New York","83388","15695",
"1400000US36081046901","Census Tract 469.01; Queens County; New York","73538","4514",
"1400000US36081046902","Census Tract 469.02; Queens County; New York","68353","16200",
"1400000US36081047000","Census Tract 470; Queens County; New York","72955","43923",
"1400000US36081047100","Census Tract 471; Queens County; New York","60616","15809",
"1400000US36081047200","Census Tract 472; Queens County; New York","128274","18653",
"1400000US36081047300","Census Tract 473; Queens County; New York","72441","14011",
"1400000US36081047500","Census Tract 475; Queens County; New York","86271","2594",
"1400000US36081047600","Census Tract 476; Queens County; New York","115335","49888",
"1400000US36081047801","Census Tract 478.01; Queens County; New York","56848","40750",
"1400000US36081047802","Census Tract 478.02; Queens County; New York","116198","79269",
"1400000US36081047900","Census Tract 479; Queens County; New York","87515","11111",
"1400000US36081048000","Census Tract 480; Queens County; New York","86250","42837",
"1400000US36081048100","Census Tract 481; Queens County; New York","73983","36207",
"1400000US36081048200","Census Tract 482; Queens County; New York","110729","43865",
"1400000US36081048301","Census Tract 483.01; Queens County; New York","60568","22881",
"1400000US36081048302","Census Tract 483.02; Queens County; New York","85724","41370",
"1400000US36081048400","Census Tract 484; Queens County; New York","86726","14742",
"1400000US36081048500","Census Tract 485; Queens County; New York","77614","29961",
"1400000US36081048900","Census Tract 489; Queens County; New York","61552","20235",
"1400000US36081049201","Census Tract 492.01; Queens County; New York","60797","21127",
"1400000US36081049202","Census Tract 492.02; Queens County; New York","107063","28184",
"1400000US36081049301","Census Tract 493.01; Queens County; New York","86429","34363",
"1400000US36081049302","Census Tract 493.02; Queens County; New York","59940","33280",
"1400000US36081049500","Census Tract 495; Queens County; New York","92800","25572",
"1400000US36081049600","Census Tract 496; Queens County; New York","91991","30294",
"1400000US36081049700","Census Tract 497; Queens County; New York","86031","24282",
"1400000US36081049900","Census Tract 499; Queens County; New York","85045","28819",
"1400000US36081050000","Census Tract 500; Queens County; New York","68850","19096",
"1400000US36081050201","Census Tract 502.01; Queens County; New York","90972","34474",
"1400000US36081050202","Census Tract 502.02; Queens County; New York","85147","29321",
"1400000US36081050400","Census Tract 504; Queens County; New York","131168","15860",
"1400000US36081050500","Census Tract 505; Queens County; New York","113438","12983",
"1400000US36081050600","Census Tract 506; Queens County; New York","93000","28237",
"1400000US36081050700","Census Tract 507; Queens County; New York","84476","40946",
"1400000US36081050800","Census Tract 508; Queens County; New York","77040","9538",
"1400000US36081051000","Census Tract 510; Queens County; New York","85179","48243",
"1400000US36081051100","Census Tract 511; Queens County; New York","92647","39461",
"1400000US36081051200","Census Tract 512; Queens County; New York","122778","46180",
"1400000US36081051300","Census Tract 513; Queens County; New York","83618","29862",
"1400000US36081051500","Census Tract 515; Queens County; New York","102833","29546",
"1400000US36081051600","Census Tract 516; Queens County; New York","107500","37810",
"1400000US36081051700","Census Tract 517; Queens County; New York","113125","32312",
"1400000US36081051800","Census Tract 518; Queens County; New York","124423","18828",
"1400000US36081052000","Census Tract 520; Queens County; New York","105163","14788",
"1400000US36081052100","Census Tract 521; Queens County; New York","84009","20393",
"1400000US36081052200","Census Tract 522; Queens County; New York","86818","42834",
"1400000US36081052400","Census Tract 524; Queens County; New York","112838","17423",
"1400000US36081052500","Census Tract 525; Queens County; New York","77037","15899",
"1400000US36081052600","Census Tract 526; Queens County; New York","96695","31600",
"1400000US36081052800","Census Tract 528; Queens County; New York","79542","25085",
"1400000US36081053000","Census Tract 530; Queens County; New York","102381","26167",
"1400000US36081053100","Census Tract 531; Queens County; New York","73938","24295",
"1400000US36081053200","Census Tract 532; Queens County; New York","97419","15498",
"1400000US36081053401","Census Tract 534.01; Queens County; New York","103594","24607",
"1400000US36081053501","Census Tract 535.01; Queens County; New York","73042","25462",
"1400000US36081053502","Census Tract 535.02; Queens County; New York","-","**",
"1400000US36081053601","Census Tract 536.01; Queens County; New York","-","**",
"1400000US36081053800","Census Tract 538; Queens County; New York","121034","19640",
"1400000US36081053901","Census Tract 539.01; Queens County; New York","91027","12155",
"1400000US36081053902","Census Tract 539.02; Queens County; New York","-","**",
"1400000US36081054000","Census Tract 540; Queens County; New York","102174","25930",
"1400000US36081054200","Census Tract 542; Queens County; New York","94125","32891",
"1400000US36081054500","Census Tract 545; Queens County; New York","66076","20218",
"1400000US36081054700","Census Tract 547; Queens County; New York","119732","24847",
"1400000US36081054800","Census Tract 548; Queens County; New York","84601","10984",
"1400000US36081054900","Census Tract 549; Queens County; New York","104821","14327",
"1400000US36081055100","Census Tract 551; Queens County; New York","80268","13774",
"1400000US36081055200","Census Tract 552; Queens County; New York","71213","16063",
"1400000US36081055300","Census Tract 553; Queens County; New York","90114","15625",
"1400000US36081055400","Census Tract 554; Queens County; New York","89375","15549",
"1400000US36081055500","Census Tract 555; Queens County; New York","86667","50979",
"1400000US36081055600","Census Tract 556; Queens County; New York","135052","17198",
"1400000US36081055700","Census Tract 557; Queens County; New York","101636","18767",
"1400000US36081055800","Census Tract 558; Queens County; New York","78672","37053",
"1400000US36081055900","Census Tract 559; Queens County; New York","70481","64710",
"1400000US36081056000","Census Tract 560; Queens County; New York","139615","34480",
"1400000US36081056100","Census Tract 561; Queens County; New York","-","**",
"1400000US36081056200","Census Tract 562; Queens County; New York","102125","43551",
"1400000US36081056400","Census Tract 564; Queens County; New York","95000","54353",
"1400000US36081056500","Census Tract 565; Queens County; New York","129647","22561",
"1400000US36081056600","Census Tract 566; Queens County; New York","71974","28559",
"1400000US36081056700","Census Tract 567; Queens County; New York","111477","28838",
"1400000US36081056800","Census Tract 568; Queens County; New York","101321","13747",
"1400000US36081057700","Census Tract 577; Queens County; New York","75750","19209",
"1400000US36081057900","Census Tract 579; Queens County; New York","76023","8255",
"1400000US36081058000","Census Tract 580; Queens County; New York","139342","36345",
"1400000US36081058100","Census Tract 581; Queens County; New York","78950","11400",
"1400000US36081058200","Census Tract 582; Queens County; New York","123583","49941",
"1400000US36081058300","Census Tract 583; Queens County; New York","109327","24295",
"1400000US36081058500","Census Tract 585; Queens County; New York","101157","18532",
"1400000US36081058700","Census Tract 587; Queens County; New York","100385","23068",
"1400000US36081058900","Census Tract 589; Queens County; New York","60224","17478",
"1400000US36081059000","Census Tract 590; Queens County; New York","93750","24530",
"1400000US36081059100","Census Tract 591; Queens County; New York","53832","19217",
"1400000US36081059200","Census Tract 592; Queens County; New York","77857","40569",
"1400000US36081059300","Census Tract 593; Queens County; New York","90975","27366",
"1400000US36081059400","Census Tract 594; Queens County; New York","134297","22768",
"1400000US36081059501","Census Tract 595.01; Queens County; New York","80515","18159",
"1400000US36081059502","Census Tract 595.02; Queens County; New York","75833","36348",
"1400000US36081059600","Census Tract 596; Queens County; New York","92162","37402",
"1400000US36081059800","Census Tract 598; Queens County; New York","96250","50159",
"1400000US36081059900","Census Tract 599; Queens County; New York","120979","13823",
"1400000US36081060000","Census Tract 600; Queens County; New York","129519","102511",
"1400000US36081060100","Census Tract 601; Queens County; New York","75811","7768",
"1400000US36081060300","Census Tract 603; Queens County; New York","95909","33296",
"1400000US36081060600","Census Tract 606; Queens County; New York","131250","72623",
"1400000US36081060701","Census Tract 607.01; Queens County; New York","-","**",
"1400000US36081060800","Census Tract 608; Queens County; New York","115000","32950",
"1400000US36081061000","Census Tract 610; Queens County; New York","97788","38741",
"1400000US36081061200","Census Tract 612; Queens County; New York","133214","29817",
"1400000US36081061301","Census Tract 613.01; Queens County; New York","93669","15464",
"1400000US36081061302","Census Tract 613.02; Queens County; New York","-","**",
"1400000US36081061400","Census Tract 614; Queens County; New York","132159","26631",
"1400000US36081061601","Census Tract 616.01; Queens County; New York","107838","39036",
"1400000US36081061602","Census Tract 616.02; Queens County; New York","127857","48426",
"1400000US36081061800","Census Tract 618; Queens County; New York","112868","17888",
"1400000US36081061900","Census Tract 619; Queens County; New York","62083","20318",
"1400000US36081062000","Census Tract 620; Queens County; New York","129457","38857",
"1400000US36081062100","Census Tract 621; Queens County; New York","77011","15817",
"1400000US36081062200","Census Tract 622; Queens County; New York","122938","25229",
"1400000US36081062300","Census Tract 623; Queens County; New York","77563","22690",
"1400000US36081062400","Census Tract 624; Queens County; New York","-","**",
"1400000US36081062500","Census Tract 625; Queens County; New York","83631","20788",
"1400000US36081062600","Census Tract 626; Queens County; New York","139602","33208",
"1400000US36081062700","Census Tract 627; Queens County; New York","76439","26386",
"1400000US36081062900","Census Tract 629; Queens County; New York","101097","10052",
"1400000US36081063000","Census Tract 630; Queens County; New York","120821","15138",
"1400000US36081063200","Census Tract 632; Queens County; New York","107672","17371",
"1400000US36081063301","Census Tract 633.01; Queens County; New York","142768","23966",
"1400000US36081063302","Census Tract 633.02; Queens County; New York","102292","51245",
"1400000US36081063500","Census Tract 635; Queens County; New York","86219","11219",
"1400000US36081063700","Census Tract 637; Queens County; New York","91488","30059",
"1400000US36081063800","Census Tract 638; Queens County; New York","164604","55145",
"1400000US36081063900","Census Tract 639; Queens County; New York","102083","39432",
"1400000US36081064101","Census Tract 641.01; Queens County; New York","99393","17247",
"1400000US36081064102","Census Tract 641.02; Queens County; New York","-","**",
"1400000US36081064500","Census Tract 645; Queens County; New York","81250","17190",
"1400000US36081064600","Census Tract 646; Queens County; New York","125875","15859",
"1400000US36081065000","Census Tract 650; Queens County; New York","133482","29864",
"1400000US36081065401","Census Tract 654.01; Queens County; New York","104622","10015",
"1400000US36081065402","Census Tract 654.02; Queens County; New York","-","**",
"1400000US36081065501","Census Tract 655.01; Queens County; New York","-","**",
"1400000US36081065600","Census Tract 656; Queens County; New York","117800","15938",
"1400000US36081065702","Census Tract 657.02; Queens County; New York","74821","47409",
"1400000US36081065703","Census Tract 657.03; Queens County; New York","122434","14041",
"1400000US36081065900","Census Tract 659; Queens County; New York","112917","26252",
"1400000US36081066000","Census Tract 660; Queens County; New York","137843","30873",
"1400000US36081066100","Census Tract 661; Queens County; New York","116806","30485",
"1400000US36081066301","Census Tract 663.01; Queens County; New York","92318","42316",
"1400000US36081066302","Census Tract 663.02; Queens County; New York","-","**",
"1400000US36081066401","Census Tract 664.01; Queens County; New York","110000","49909",
"1400000US36081066402","Census Tract 664.02; Queens County; New York","111494","15026",
"1400000US36081066403","Census Tract 664.03; Queens County; New York","100441","51006",
"1400000US36081066404","Census Tract 664.04; Queens County; New York","-","**",
"1400000US36081066501","Census Tract 665.01; Queens County; New York","100391","23758",
"1400000US36081066701","Census Tract 667.01; Queens County; New York","103594","54192",
"1400000US36081066900","Census Tract 669; Queens County; New York","96484","36623",
"1400000US36081067100","Census Tract 671; Queens County; New York","121266","10037",
"1400000US36081067700","Census Tract 677; Queens County; New York","100313","29188",
"1400000US36081067900","Census Tract 679; Queens County; New York","78538","19164",
"1400000US36081068000","Census Tract 680; Queens County; New York","133510","19076",
"1400000US36081068200","Census Tract 682; Queens County; New York","89732","26944",
"1400000US36081068300","Census Tract 683; Queens County; New York","85771","8438",
"1400000US36081068700","Census Tract 687; Queens County; New York","86193","26698",
"1400000US36081069000","Census Tract 690; Queens County; New York","111464","18557",
"1400000US36081069300","Census Tract 693; Queens County; New York","57099","7397",
"1400000US36081069400","Census Tract 694; Queens County; New York","117692","22869",
"1400000US36081069500","Census Tract 695; Queens County; New York","91591","32095",
"1400000US36081069701","Census Tract 697.01; Queens County; New York","102500","20394",
"1400000US36081069702","Census Tract 697.02; Queens County; New York","92489","34360",
"1400000US36081070300","Census Tract 703; Queens County; New York","106250","29835",
"1400000US36081070700","Census Tract 707; Queens County; New York","138237","25618",
"1400000US36081070900","Census Tract 709; Queens County; New York","117375","53937",
"1400000US36081071100","Census Tract 711; Queens County; New York","100149","23657",
"1400000US36081071303","Census Tract 713.03; Queens County; New York","97563","14911",
"1400000US36081071304","Census Tract 713.04; Queens County; New York","100238","20203",
"1400000US36081071305","Census Tract 713.05; Queens County; New York","118409","27535",
"1400000US36081071306","Census Tract 713.06; Queens County; New York","88329","17191",
"1400000US36081071600","Census Tract 716; Queens County; New York","-","**",
"1400000US36081071701","Census Tract 717.01; Queens County; New York","67566","25754",
"1400000US36081071702","Census Tract 717.02; Queens County; New York","87958","21287",
"1400000US36081071900","Census Tract 719; Queens County; New York","62408","12053",
"1400000US36081072100","Census Tract 721; Queens County; New York","100976","42815",
"1400000US36081072300","Census Tract 723; Queens County; New York","181250","91036",
"1400000US36081072900","Census Tract 729; Queens County; New York","104767","23365",
"1400000US36081073100","Census Tract 731; Queens County; New York","170913","15559",
"1400000US36081073700","Census Tract 737; Queens County; New York","151731","43075",
"1400000US36081073900","Census Tract 739; Queens County; New York","116815","13388",
"1400000US36081074100","Census Tract 741; Queens County; New York","96894","29694",
"1400000US36081074300","Census Tract 743; Queens County; New York","66972","10182",
"1400000US36081074500","Census Tract 745; Queens County; New York","63268","20603",
"1400000US36081074700","Census Tract 747; Queens County; New York","99769","42966",
"1400000US36081074900","Census Tract 749; Queens County; New York","224313","39555",
"1400000US36081075701","Census Tract 757.01; Queens County; New York","117361","27527",
"1400000US36081075702","Census Tract 757.02; Queens County; New York","125316","13995",
"1400000US36081076901","Census Tract 769.01; Queens County; New York","111389","34172",
"1400000US36081076902","Census Tract 769.02; Queens County; New York","134545","45690",
"1400000US36081077300","Census Tract 773; Queens County; New York","106964","21300",
"1400000US36081077500","Census Tract 775; Queens County; New York","84427","23898",
"1400000US36081077902","Census Tract 779.02; Queens County; New York","102363","22584",
"1400000US36081077903","Census Tract 779.03; Queens County; New York","96944","37847",
"1400000US36081077904","Census Tract 779.04; Queens County; New York","107279","28484",
"1400000US36081077905","Census Tract 779.05; Queens County; New York","94000","22281",
"1400000US36081077906","Census Tract 779.06; Queens County; New York","86324","13481",
"1400000US36081077907","Census Tract 779.07; Queens County; New York","68226","18003",
"1400000US36081077908","Census Tract 779.08; Queens County; New York","79265","13566",
"1400000US36081078800","Census Tract 788; Queens County; New York","105529","12298",
"1400000US36081079000","Census Tract 790; Queens County; New York","97500","35620",
"1400000US36081079200","Census Tract 792; Queens County; New York","71510","27083",
"1400000US36081079300","Census Tract 793; Queens County; New York","-","**",
"1400000US36081079701","Census Tract 797.01; Queens County; New York","62173","22019",
"1400000US36081079702","Census Tract 797.02; Queens County; New York","48147","29542",
"1400000US36081079900","Census Tract 799; Queens County; New York","48980","43407",
"1400000US36081080301","Census Tract 803.01; Queens County; New York","59817","27588",
"1400000US36081080302","Census Tract 803.02; Queens County; New York","82358","34739",
"1400000US36081080900","Census Tract 809; Queens County; New York","55716","5499",
"1400000US36081081400","Census Tract 814; Queens County; New York","105179","35287",
"1400000US36081081800","Census Tract 818; Queens County; New York","130457","24864",
"1400000US36081083700","Census Tract 837; Queens County; New York","70028","15694",
"1400000US36081083800","Census Tract 838; Queens County; New York","100354","16555",
"1400000US36081084000","Census Tract 840; Queens County; New York","87614","33463",
"1400000US36081084500","Census Tract 845; Queens County; New York","29552","10363",
"1400000US36081084601","Census Tract 846.01; Queens County; New York","102692","19085",
"1400000US36081084602","Census Tract 846.02; Queens County; New York","91953","31419",
"1400000US36081084901","Census Tract 849.01; Queens County; New York","95551","53120",
"1400000US36081084902","Census Tract 849.02; Queens County; New York","40901","20118",
"1400000US36081085300","Census Tract 853; Queens County; New York","35985","16307",
"1400000US36081085500","Census Tract 855; Queens County; New York","42611","10531",
"1400000US36081085700","Census Tract 857; Queens County; New York","54914","15795",
"1400000US36081085900","Census Tract 859; Queens County; New York","60460","12152",
"1400000US36081086100","Census Tract 861; Queens County; New York","42026","13536",
"1400000US36081086300","Census Tract 863; Queens County; New York","53839","8554",
"1400000US36081086400","Census Tract 864; Queens County; New York","128398","26214",
"1400000US36081086500","Census Tract 865; Queens County; New York","65433","29549",
"1400000US36081086900","Census Tract 869; Queens County; New York","95469","52531",
"1400000US36081087100","Census Tract 871; Queens County; New York","52250","27632",
"1400000US36081088400","Census Tract 884; Queens County; New York","96806","39392",
"1400000US36081088902","Census Tract 889.02; Queens County; New York","59200","24572",
"1400000US36081088903","Census Tract 889.03; Queens County; New York","53393","14509",
"1400000US36081089201","Census Tract 892.01; Queens County; New York","155291","37555",
"1400000US36081089202","Census Tract 892.02; Queens County; New York","-","**",
"1400000US36081090700","Census Tract 907; Queens County; New York","101023","42323",
"1400000US36081091602","Census Tract 916.02; Queens County; New York","-","**",
"1400000US36081091603","Census Tract 916.03; Queens County; New York","122443","27135",
"1400000US36081091604","Census Tract 916.04; Queens County; New York","-","**",
"1400000US36081091800","Census Tract 918; Queens County; New York","-","**",
"1400000US36081091900","Census Tract 919; Queens County; New York","106612","24690",
"1400000US36081092200","Census Tract 922; Queens County; New York","175682","33559",
"1400000US36081092500","Census Tract 925; Queens County; New York","64107","14622",
"1400000US36081092800","Census Tract 928; Queens County; New York","162798","24005",
"1400000US36081092900","Census Tract 929; Queens County; New York","112324","30200",
"1400000US36081093401","Census Tract 934.01; Queens County; New York","131471","35653",
"1400000US36081093402","Census Tract 934.02; Queens County; New York","107371","23673",
"1400000US36081093800","Census Tract 938; Queens County; New York","81573","17360",
"1400000US36081093900","Census Tract 939; Queens County; New York","79471","30458",
"1400000US36081094201","Census Tract 942.01; Queens County; New York","75966","38567",
"1400000US36081094202","Census Tract 942.02; Queens County; New York","56800","17110",
"1400000US36081094203","Census Tract 942.03; Queens County; New York","48482","31793",
"1400000US36081094500","Census Tract 945; Queens County; New York","79406","16979",
"1400000US36081094700","Census Tract 947; Queens County; New York","85819","10681",
"1400000US36081095400","Census Tract 954; Queens County; New York","82053","12035",
"1400000US36081096400","Census Tract 964; Queens County; New York","89432","29585",
"1400000US36081097202","Census Tract 972.02; Queens County; New York","22500","7114",
"1400000US36081097204","Census Tract 972.04; Queens County; New York","73180","16968",
"1400000US36081097205","Census Tract 972.05; Queens County; New York","21295","3868",
"1400000US36081097206","Census Tract 972.06; Queens County; New York","34679","26826",
"1400000US36081097207","Census Tract 972.07; Queens County; New York","-","**",
"1400000US36081097300","Census Tract 973; Queens County; New York","86008","20277",
"1400000US36081098100","Census Tract 981; Queens County; New York","129250","23276",
"1400000US36081098700","Census Tract 987; Queens County; New York","105313","26351",
"1400000US36081099100","Census Tract 991; Queens County; New York","110250","26298",
"1400000US36081099200","Census Tract 992; Queens County; New York","36736","10088",
"1400000US36081099701","Census Tract 997.01; Queens County; New York","93368","11246",
"1400000US36081099703","Census Tract 997.03; Queens County; New York","122188","12725",
"1400000US36081099704","Census Tract 997.04; Queens County; New York","87323","19538",
"1400000US36081099705","Census Tract 997.05; Queens County; New York","117283","52272",
"1400000US36081099801","Census Tract 998.01; Queens County; New York","70278","23724",
"1400000US36081099802","Census Tract 998.02; Queens County; New York","41654","16489",
"1400000US36081099900","Census Tract 999; Queens County; New York","-","**",
"1400000US36081100801","Census Tract 1008.01; Queens County; New York","136800","31179",
"1400000US36081100803","Census Tract 1008.03; Queens County; New York","46534","5633",
"1400000US36081100804","Census Tract 1008.04; Queens County; New York","106235","24821",
"1400000US36081101002","Census Tract 1010.02; Queens County; New York","77188","47751",
"1400000US36081101003","Census Tract 1010.03; Queens County; New York","72254","47149",
"1400000US36081101004","Census Tract 1010.04; Queens County; New York","48236","15566",
"1400000US36081101700","Census Tract 1017; Queens County; New York","110572","31623",
"1400000US36081102900","Census Tract 1029; Queens County; New York","102972","26143",
"1400000US36081103201","Census Tract 1032.01; Queens County; New York","50123","34262",
"1400000US36081103202","Census Tract 1032.02; Queens County; New York","77069","29683",
"1400000US36081103300","Census Tract 1033; Queens County; New York","123810","18623",
"1400000US36081103900","Census Tract 1039; Queens County; New York","76587","9956",
"1400000US36081104700","Census Tract 1047; Queens County; New York","66683","4036",
"1400000US36081105900","Census Tract 1059; Queens County; New York","109000","59892",
"1400000US36081107201","Census Tract 1072.01; Queens County; New York","111354","28005",
"1400000US36081107202","Census Tract 1072.02; Queens County; New York","-","**",
"1400000US36081108500","Census Tract 1085; Queens County; New York","71111","26341",
"1400000US36081109300","Census Tract 1093; Queens County; New York","125536","38067",
"1400000US36081109700","Census Tract 1097; Queens County; New York","134145","11076",
"1400000US36081109900","Census Tract 1099; Queens County; New York","96250","30702",
"1400000US36081111300","Census Tract 1113; Queens County; New York","143917","23059",
"1400000US36081112300","Census Tract 1123; Queens County; New York","93194","19158",
"1400000US36081112900","Census Tract 1129; Queens County; New York","104688","36715",
"1400000US36081113300","Census Tract 1133; Queens County; New York","111094","24278",
"1400000US36081113900","Census Tract 1139; Queens County; New York","85485","35122",
"1400000US36081114100","Census Tract 1141; Queens County; New York","121579","43853",
"1400000US36081114700","Census Tract 1147; Queens County; New York","102135","32929",
"1400000US36081115100","Census Tract 1151; Queens County; New York","108542","24376",
"1400000US36081115500","Census Tract 1155; Queens County; New York","109063","18612",
"1400000US36081115700","Census Tract 1157; Queens County; New York","64153","11631",
"1400000US36081115900","Census Tract 1159; Queens County; New York","61776","18670",
"1400000US36081116100","Census Tract 1161; Queens County; New York","43417","21975",
"1400000US36081116301","Census Tract 1163.01; Queens County; New York","65526","37620",
"1400000US36081116302","Census Tract 1163.02; Queens County; New York","53631","18639",
"1400000US36081116700","Census Tract 1167; Queens County; New York","62857","11458",
"1400000US36081117100","Census Tract 1171; Queens County; New York","78856","10948",
"1400000US36081117500","Census Tract 1175; Queens County; New York","78098","22203",
"1400000US36081118100","Census Tract 1181; Queens County; New York","100536","16268",
"1400000US36081118500","Census Tract 1185; Queens County; New York","67277","12422",
"1400000US36081118700","Census Tract 1187; Queens County; New York","71657","28085",
"1400000US36081118900","Census Tract 1189; Queens County; New York","56446","1918",
"1400000US36081119100","Census Tract 1191; Queens County; New York","68355","35116",
"1400000US36081119300","Census Tract 1193; Queens County; New York","54273","9223",
"1400000US36081119500","Census Tract 1195; Queens County; New York","94010","32250",
"1400000US36081119900","Census Tract 1199; Queens County; New York","123519","14272",
"1400000US36081120100","Census Tract 1201; Queens County; New York","86125","37778",
"1400000US36081120300","Census Tract 1203; Queens County; New York","61000","19413",
"1400000US36081120500","Census Tract 1205; Queens County; New York","26563","10627",
"1400000US36081120701","Census Tract 1207.01; Queens County; New York","115750","22354",
"1400000US36081120702","Census Tract 1207.02; Queens County; New York","-","**",
"1400000US36081121100","Census Tract 1211; Queens County; New York","-","**",
"1400000US36081121500","Census Tract 1215; Queens County; New York","92412","19002",
"1400000US36081122300","Census Tract 1223; Queens County; New York","96313","14666",
"1400000US36081122702","Census Tract 1227.02; Queens County; New York","26161","11773",
"1400000US36081122703","Census Tract 1227.03; Queens County; New York","68089","12207",
"1400000US36081122704","Census Tract 1227.04; Queens County; New York","82292","34698",
"1400000US36081124100","Census Tract 1241; Queens County; New York","96560","12526",
"1400000US36081124700","Census Tract 1247; Queens County; New York","118813","42836",
"1400000US36081125700","Census Tract 1257; Queens County; New York","107125","41425",
"1400000US36081126500","Census Tract 1265; Queens County; New York","146250","56979",
"1400000US36081126700","Census Tract 1267; Queens County; New York","98000","26712",
"1400000US36081127700","Census Tract 1277; Queens County; New York","119591","76898",
"1400000US36081128300","Census Tract 1283; Queens County; New York","-","**",
"1400000US36081129102","Census Tract 1291.02; Queens County; New York","150263","17504",
"1400000US36081129103","Census Tract 1291.03; Queens County; New York","79367","14017",
"1400000US36081129104","Census Tract 1291.04; Queens County; New York","127303","21734",
"1400000US36081130100","Census Tract 1301; Queens County; New York","94854","17264",
"1400000US36081133300","Census Tract 1333; Queens County; New York","138602","13006",
"1400000US36081133900","Census Tract 1339; Queens County; New York","129934","61645",
"1400000US36081134100","Census Tract 1341; Queens County; New York","59033","23303",
"1400000US36081134701","Census Tract 1347.01; Queens County; New York","92125","27183",
"1400000US36081134702","Census Tract 1347.02; Queens County; New York","84031","25424",
"1400000US36081136700","Census Tract 1367; Queens County; New York","82139","17290",
"1400000US36081137700","Census Tract 1377; Queens County; New York","99140","12101",
"1400000US36081138501","Census Tract 1385.01; Queens County; New York","92132","34274",
"1400000US36081138502","Census Tract 1385.02; Queens County; New York","-","**",
"1400000US36081139900","Census Tract 1399; Queens County; New York","128000","50524",
"1400000US36081140300","Census Tract 1403; Queens County; New York","71842","28841",
"1400000US36081140901","Census Tract 1409.01; Queens County; New York","130281","63911",
"1400000US36081140902","Census Tract 1409.02; Queens County; New York","120208","24950",
"1400000US36081141700","Census Tract 1417; Queens County; New York","76275","12842",
"1400000US36081142900","Census Tract 1429; Queens County; New York","100864","29542",
"1400000US36081143500","Census Tract 1435; Queens County; New York","121875","44368",
"1400000US36081144100","Census Tract 1441; Queens County; New York","111410","17727",
"1400000US36081144700","Census Tract 1447; Queens County; New York","94766","26675",
"1400000US36081145101","Census Tract 1451.01; Queens County; New York","71154","24227",
"1400000US36081145102","Census Tract 1451.02; Queens County; New York","93523","17585",
"1400000US36081145900","Census Tract 1459; Queens County; New York","125962","17963",
"1400000US36081146300","Census Tract 1463; Queens County; New York","87244","29903",
"1400000US36081146700","Census Tract 1467; Queens County; New York","106538","16007",
"1400000US36081147100","Census Tract 1471; Queens County; New York","106615","45807",
"1400000US36081147900","Census Tract 1479; Queens County; New York","92045","31778",
"1400000US36081148300","Census Tract 1483; Queens County; New York","178509","30381",
"1400000US36081150701","Census Tract 1507.01; Queens County; New York","158875","24749",
"1400000US36081150702","Census Tract 1507.02; Queens County; New York","107375","24686",
"1400000US36081152901","Census Tract 1529.01; Queens County; New York","100909","23449",
"1400000US36081152902","Census Tract 1529.02; Queens County; New York","129832","38426",
"1400000US36081155101","Census Tract 1551.01; Queens County; New York","89931","39675",
"1400000US36081155103","Census Tract 1551.03; Queens County; New York","114526","28239",
"1400000US36081155104","Census Tract 1551.04; Queens County; New York","88882","41309",
"1400000US36081156700","Census Tract 1567; Queens County; New York","59722","59179",
"1400000US36081157101","Census Tract 1571.01; Queens County; New York","90575","5715",
"1400000US36081157102","Census Tract 1571.02; Queens County; New York","118250","36564",
"1400000US36081157901","Census Tract 1579.01; Queens County; New York","133542","40877",
"1400000US36081157902","Census Tract 1579.02; Queens County; New York","107153","33179",
"1400000US36081157903","Census Tract 1579.03; Queens County; New York","127533","22429",
"1400000US36081161700","Census Tract 1617; Queens County; New York","119688","31794",
"1400000US36081162100","Census Tract 1621; Queens County; New York","121101","26042",
"1400000US36081990100","Census Tract 9901; Queens County; New York","-","**",
"1400000US36083040100","Census Tract 401; Rensselaer County; New York","39819","12379",
"1400000US36083040200","Census Tract 402; Rensselaer County; New York","41685","21835",
"1400000US36083040300","Census Tract 403; Rensselaer County; New York","73636","37637",
"1400000US36083040400","Census Tract 404; Rensselaer County; New York","35016","7227",
"1400000US36083040500","Census Tract 405; Rensselaer County; New York","38889","24870",
"1400000US36083040600","Census Tract 406; Rensselaer County; New York","45044","2887",
"1400000US36083040701","Census Tract 407.01; Rensselaer County; New York","43078","39066",
"1400000US36083040702","Census Tract 407.02; Rensselaer County; New York","73581","1658",
"1400000US36083040800","Census Tract 408; Rensselaer County; New York","68664","11772",
"1400000US36083040900","Census Tract 409; Rensselaer County; New York","62175","11256",
"1400000US36083041000","Census Tract 410; Rensselaer County; New York","68040","17504",
"1400000US36083041101","Census Tract 411.01; Rensselaer County; New York","93208","9053",
"1400000US36083041102","Census Tract 411.02; Rensselaer County; New York","42727","14782",
"1400000US36083041200","Census Tract 412; Rensselaer County; New York","92050","13863",
"1400000US36083041300","Census Tract 413; Rensselaer County; New York","61875","34427",
"1400000US36083041400","Census Tract 414; Rensselaer County; New York","68160","16734",
"1400000US36083051500","Census Tract 515; Rensselaer County; New York","73618","13562",
"1400000US36083051601","Census Tract 516.01; Rensselaer County; New York","46399","14216",
"1400000US36083051602","Census Tract 516.02; Rensselaer County; New York","107420","22014",
"1400000US36083051701","Census Tract 517.01; Rensselaer County; New York","95387","11441",
"1400000US36083051702","Census Tract 517.02; Rensselaer County; New York","48214","7251",
"1400000US36083051800","Census Tract 518; Rensselaer County; New York","92098","13429",
"1400000US36083051901","Census Tract 519.01; Rensselaer County; New York","116677","22670",
"1400000US36083051902","Census Tract 519.02; Rensselaer County; New York","99450","16680",
"1400000US36083052002","Census Tract 520.02; Rensselaer County; New York","119539","22457",
"1400000US36083052003","Census Tract 520.03; Rensselaer County; New York","101146","8193",
"1400000US36083052004","Census Tract 520.04; Rensselaer County; New York","112415","18913",
"1400000US36083052101","Census Tract 521.01; Rensselaer County; New York","100809","24276",
"1400000US36083052102","Census Tract 521.02; Rensselaer County; New York","77692","15341",
"1400000US36083052103","Census Tract 521.03; Rensselaer County; New York","80313","25327",
"1400000US36083052201","Census Tract 522.01; Rensselaer County; New York","126250","22533",
"1400000US36083052203","Census Tract 522.03; Rensselaer County; New York","117071","28452",
"1400000US36083052204","Census Tract 522.04; Rensselaer County; New York","132019","25354",
"1400000US36083052301","Census Tract 523.01; Rensselaer County; New York","130361","17902",
"1400000US36083052303","Census Tract 523.03; Rensselaer County; New York","104766","25315",
"1400000US36083052305","Census Tract 523.05; Rensselaer County; New York","92730","17108",
"1400000US36083052306","Census Tract 523.06; Rensselaer County; New York","119554","16881",
"1400000US36083052402","Census Tract 524.02; Rensselaer County; New York","109479","19972",
"1400000US36083052405","Census Tract 524.05; Rensselaer County; New York","74879","21213",
"1400000US36083052406","Census Tract 524.06; Rensselaer County; New York","99615","10758",
"1400000US36083052407","Census Tract 524.07; Rensselaer County; New York","127464","16291",
"1400000US36083052408","Census Tract 524.08; Rensselaer County; New York","102333","23112",
"1400000US36083052501","Census Tract 525.01; Rensselaer County; New York","125208","20598",
"1400000US36083052502","Census Tract 525.02; Rensselaer County; New York","101007","17839",
"1400000US36083052503","Census Tract 525.03; Rensselaer County; New York","52056","27343",
"1400000US36083052601","Census Tract 526.01; Rensselaer County; New York","93438","7371",
"1400000US36083052602","Census Tract 526.02; Rensselaer County; New York","84781","21402",
"1400000US36083052603","Census Tract 526.03; Rensselaer County; New York","88617","12193",
"1400000US36085000300","Census Tract 3; Richmond County; New York","77981","32480",
"1400000US36085000600","Census Tract 6; Richmond County; New York","34492","23326",
"1400000US36085000700","Census Tract 7; Richmond County; New York","52813","22503",
"1400000US36085000800","Census Tract 8; Richmond County; New York","91438","11924",
"1400000US36085000900","Census Tract 9; Richmond County; New York","66208","30761",
"1400000US36085001100","Census Tract 11; Richmond County; New York","57368","44053",
"1400000US36085001700","Census Tract 17; Richmond County; New York","64006","22393",
"1400000US36085001800","Census Tract 18; Richmond County; New York","67273","37320",
"1400000US36085002001","Census Tract 20.01; Richmond County; New York","69620","39353",
"1400000US36085002002","Census Tract 20.02; Richmond County; New York","66641","16755",
"1400000US36085002100","Census Tract 21; Richmond County; New York","46667","12423",
"1400000US36085002700","Census Tract 27; Richmond County; New York","45848","38238",
"1400000US36085002900","Census Tract 29; Richmond County; New York","50189","37531",
"1400000US36085003300","Census Tract 33; Richmond County; New York","95317","26503",
"1400000US36085003600","Census Tract 36; Richmond County; New York","88929","13731",
"1400000US36085003900","Census Tract 39; Richmond County; New York","103702","24675",
"1400000US36085004001","Census Tract 40.01; Richmond County; New York","59962","20909",
"1400000US36085004002","Census Tract 40.02; Richmond County; New York","74759","27924",
"1400000US36085004003","Census Tract 40.03; Richmond County; New York","24896","21104",
"1400000US36085004004","Census Tract 40.04; Richmond County; New York","120497","50878",
"1400000US36085004700","Census Tract 47; Richmond County; New York","108750","49308",
"1400000US36085005000","Census Tract 50; Richmond County; New York","74890","17337",
"1400000US36085005901","Census Tract 59.01; Richmond County; New York","95863","20686",
"1400000US36085005902","Census Tract 59.02; Richmond County; New York","-","**",
"1400000US36085006400","Census Tract 64; Richmond County; New York","67946","19444",
"1400000US36085006700","Census Tract 67; Richmond County; New York","97432","23813",
"1400000US36085007001","Census Tract 70.01; Richmond County; New York","78558","17914",
"1400000US36085007002","Census Tract 70.02; Richmond County; New York","98574","26528",
"1400000US36085007400","Census Tract 74; Richmond County; New York","78701","4940",
"1400000US36085007500","Census Tract 75; Richmond County; New York","81200","30977",
"1400000US36085007700","Census Tract 77; Richmond County; New York","89961","15807",
"1400000US36085008100","Census Tract 81; Richmond County; New York","91274","10102",
"1400000US36085009601","Census Tract 96.01; Richmond County; New York","105670","15459",
"1400000US36085009602","Census Tract 96.02; Richmond County; New York","89392","13172",
"1400000US36085009701","Census Tract 97.01; Richmond County; New York","100996","6871",
"1400000US36085009702","Census Tract 97.02; Richmond County; New York","-","**",
"1400000US36085010500","Census Tract 105; Richmond County; New York","96607","26001",
"1400000US36085011201","Census Tract 112.01; Richmond County; New York","92387","10874",
"1400000US36085011203","Census Tract 112.03; Richmond County; New York","72935","18292",
"1400000US36085011204","Census Tract 112.04; Richmond County; New York","-","**",
"1400000US36085011401","Census Tract 114.01; Richmond County; New York","50878","11562",
"1400000US36085011402","Census Tract 114.02; Richmond County; New York","111058","29858",
"1400000US36085012100","Census Tract 121; Richmond County; New York","202699","26759",
"1400000US36085012200","Census Tract 122; Richmond County; New York","127824","15165",
"1400000US36085012500","Census Tract 125; Richmond County; New York","138000","28233",
"1400000US36085012804","Census Tract 128.04; Richmond County; New York","97624","12007",
"1400000US36085012805","Census Tract 128.05; Richmond County; New York","134512","57059",
"1400000US36085012806","Census Tract 128.06; Richmond County; New York","67857","22436",
"1400000US36085013201","Census Tract 132.01; Richmond County; New York","117083","31262",
"1400000US36085013203","Census Tract 132.03; Richmond County; New York","102750","54898",
"1400000US36085013204","Census Tract 132.04; Richmond County; New York","108447","29630",
"1400000US36085013301","Census Tract 133.01; Richmond County; New York","33705","23895",
"1400000US36085013302","Census Tract 133.02; Richmond County; New York","92070","86360",
"1400000US36085013400","Census Tract 134; Richmond County; New York","93145","29092",
"1400000US36085013800","Census Tract 138; Richmond County; New York","146975","19736",
"1400000US36085014100","Census Tract 141; Richmond County; New York","92500","40173",
"1400000US36085014604","Census Tract 146.04; Richmond County; New York","126950","19671",
"1400000US36085014605","Census Tract 146.05; Richmond County; New York","148065","47025",
"1400000US36085014606","Census Tract 146.06; Richmond County; New York","97247","39196",
"1400000US36085014607","Census Tract 146.07; Richmond County; New York","130294","24588",
"1400000US36085014608","Census Tract 146.08; Richmond County; New York","105625","33277",
"1400000US36085014700","Census Tract 147; Richmond County; New York","123015","26495",
"1400000US36085015100","Census Tract 151; Richmond County; New York","115769","41034",
"1400000US36085015400","Census Tract 154; Richmond County; New York","-","**",
"1400000US36085015601","Census Tract 156.01; Richmond County; New York","112076","32201",
"1400000US36085015602","Census Tract 156.02; Richmond County; New York","145682","32512",
"1400000US36085015603","Census Tract 156.03; Richmond County; New York","102792","23706",
"1400000US36085016901","Census Tract 169.01; Richmond County; New York","129583","42282",
"1400000US36085017005","Census Tract 170.05; Richmond County; New York","100965","11984",
"1400000US36085017007","Census Tract 170.07; Richmond County; New York","107003","8578",
"1400000US36085017009","Census Tract 170.09; Richmond County; New York","124196","21619",
"1400000US36085017011","Census Tract 170.11; Richmond County; New York","128933","26160",
"1400000US36085017012","Census Tract 170.12; Richmond County; New York","126250","35656",
"1400000US36085017013","Census Tract 170.13; Richmond County; New York","99914","36727",
"1400000US36085017014","Census Tract 170.14; Richmond County; New York","112567","19148",
"1400000US36085017015","Census Tract 170.15; Richmond County; New York","116923","11742",
"1400000US36085017016","Census Tract 170.16; Richmond County; New York","104313","20256",
"1400000US36085017300","Census Tract 173; Richmond County; New York","55114","12535",
"1400000US36085017600","Census Tract 176; Richmond County; New York","111786","14199",
"1400000US36085017701","Census Tract 177.01; Richmond County; New York","131719","39294",
"1400000US36085017702","Census Tract 177.02; Richmond County; New York","118743","3495",
"1400000US36085018100","Census Tract 181; Richmond County; New York","98807","67581",
"1400000US36085018701","Census Tract 187.01; Richmond County; New York","100903","19559",
"1400000US36085018703","Census Tract 187.03; Richmond County; New York","96642","25480",
"1400000US36085018704","Census Tract 187.04; Richmond County; New York","145432","33571",
"1400000US36085018901","Census Tract 189.01; Richmond County; New York","136370","25487",
"1400000US36085018902","Census Tract 189.02; Richmond County; New York","101700","20080",
"1400000US36085019700","Census Tract 197; Richmond County; New York","111250","40926",
"1400000US36085019800","Census Tract 198; Richmond County; New York","131496","31489",
"1400000US36085020100","Census Tract 201; Richmond County; New York","116591","42601",
"1400000US36085020701","Census Tract 207.01; Richmond County; New York","58495","27293",
"1400000US36085020702","Census Tract 207.02; Richmond County; New York","46638","14228",
"1400000US36085020803","Census Tract 208.03; Richmond County; New York","108076","28053",
"1400000US36085020804","Census Tract 208.04; Richmond County; New York","104049","13981",
"1400000US36085020805","Census Tract 208.05; Richmond County; New York","129939","19120",
"1400000US36085020806","Census Tract 208.06; Richmond County; New York","98683","21952",
"1400000US36085021300","Census Tract 213; Richmond County; New York","103992","18245",
"1400000US36085022300","Census Tract 223; Richmond County; New York","64964","39822",
"1400000US36085022601","Census Tract 226.01; Richmond County; New York","104385","7053",
"1400000US36085022602","Census Tract 226.02; Richmond County; New York","-","**",
"1400000US36085022801","Census Tract 228.01; Richmond County; New York","-","**",
"1400000US36085022802","Census Tract 228.02; Richmond County; New York","-","**",
"1400000US36085023100","Census Tract 231; Richmond County; New York","86589","18294",
"1400000US36085023900","Census Tract 239; Richmond County; New York","66833","19140",
"1400000US36085024401","Census Tract 244.01; Richmond County; New York","176363","13586",
"1400000US36085024402","Census Tract 244.02; Richmond County; New York","131042","46184",
"1400000US36085024700","Census Tract 247; Richmond County; New York","79833","16535",
"1400000US36085024800","Census Tract 248; Richmond County; New York","131745","28182",
"1400000US36085025100","Census Tract 251; Richmond County; New York","109494","19551",
"1400000US36085027301","Census Tract 273.01; Richmond County; New York","116181","19463",
"1400000US36085027302","Census Tract 273.02; Richmond County; New York","106979","37713",
"1400000US36085027702","Census Tract 277.02; Richmond County; New York","88295","33006",
"1400000US36085027704","Census Tract 277.04; Richmond County; New York","82315","30564",
"1400000US36085027705","Census Tract 277.05; Richmond County; New York","99803","33759",
"1400000US36085027706","Census Tract 277.06; Richmond County; New York","60781","34128",
"1400000US36085027900","Census Tract 279; Richmond County; New York","167934","46201",
"1400000US36085029102","Census Tract 291.02; Richmond County; New York","123393","12331",
"1400000US36085029104","Census Tract 291.04; Richmond County; New York","97412","30186",
"1400000US36085029105","Census Tract 291.05; Richmond County; New York","118597","19156",
"1400000US36085029106","Census Tract 291.06; Richmond County; New York","75347","13117",
"1400000US36085030301","Census Tract 303.01; Richmond County; New York","118913","24870",
"1400000US36085030302","Census Tract 303.02; Richmond County; New York","89917","21258",
"1400000US36085031901","Census Tract 319.01; Richmond County; New York","51743","34921",
"1400000US36085031902","Census Tract 319.02; Richmond County; New York","92083","44990",
"1400000US36085032300","Census Tract 323; Richmond County; New York","79688","20481",
"1400000US36085990100","Census Tract 9901; Richmond County; New York","-","**",
"1400000US36087010101","Census Tract 101.01; Rockland County; New York","153293","16700",
"1400000US36087010102","Census Tract 101.02; Rockland County; New York","132740","30733",
"1400000US36087010200","Census Tract 102; Rockland County; New York","101863","16726",
"1400000US36087010501","Census Tract 105.01; Rockland County; New York","133623","19293",
"1400000US36087010503","Census Tract 105.03; Rockland County; New York","147083","39414",
"1400000US36087010504","Census Tract 105.04; Rockland County; New York","83778","18583",
"1400000US36087010601","Census Tract 106.01; Rockland County; New York","120500","22131",
"1400000US36087010602","Census Tract 106.02; Rockland County; New York","66541","12171",
"1400000US36087010701","Census Tract 107.01; Rockland County; New York","81628","12657",
"1400000US36087010702","Census Tract 107.02; Rockland County; New York","63929","15831",
"1400000US36087010703","Census Tract 107.03; Rockland County; New York","77708","19542",
"1400000US36087010801","Census Tract 108.01; Rockland County; New York","242708","24748",
"1400000US36087010802","Census Tract 108.02; Rockland County; New York","189211","15346",
"1400000US36087010803","Census Tract 108.03; Rockland County; New York","113155","23323",
"1400000US36087010804","Census Tract 108.04; Rockland County; New York","165147","40642",
"1400000US36087010901","Census Tract 109.01; Rockland County; New York","184063","36472",
"1400000US36087010902","Census Tract 109.02; Rockland County; New York","129135","28841",
"1400000US36087011000","Census Tract 110; Rockland County; New York","188125","64869",
"1400000US36087011101","Census Tract 111.01; Rockland County; New York","125705","32949",
"1400000US36087011102","Census Tract 111.02; Rockland County; New York","129219","40417",
"1400000US36087011200","Census Tract 112; Rockland County; New York","136818","57504",
"1400000US36087011302","Census Tract 113.02; Rockland County; New York","131406","20976",
"1400000US36087011303","Census Tract 113.03; Rockland County; New York","116019","38006",
"1400000US36087011304","Census Tract 113.04; Rockland County; New York","57031","25628",
"1400000US36087011305","Census Tract 113.05; Rockland County; New York","106458","23769",
"1400000US36087011401","Census Tract 114.01; Rockland County; New York","191435","18109",
"1400000US36087011403","Census Tract 114.03; Rockland County; New York","152500","40614",
"1400000US36087011404","Census Tract 114.04; Rockland County; New York","126726","18274",
"1400000US36087011405","Census Tract 114.05; Rockland County; New York","158259","36987",
"1400000US36087011505","Census Tract 115.05; Rockland County; New York","30568","2779",
"1400000US36087011506","Census Tract 115.06; Rockland County; New York","34767","15232",
"1400000US36087011507","Census Tract 115.07; Rockland County; New York","165263","37254",
"1400000US36087011508","Census Tract 115.08; Rockland County; New York","164609","60108",
"1400000US36087011509","Census Tract 115.09; Rockland County; New York","113902","9131",
"1400000US36087011510","Census Tract 115.10; Rockland County; New York","125565","18907",
"1400000US36087011511","Census Tract 115.11; Rockland County; New York","127016","30135",
"1400000US36087011512","Census Tract 115.12; Rockland County; New York","151790","14796",
"1400000US36087011601","Census Tract 116.01; Rockland County; New York","172841","36772",
"1400000US36087011602","Census Tract 116.02; Rockland County; New York","64315","26973",
"1400000US36087011603","Census Tract 116.03; Rockland County; New York","104537","29914",
"1400000US36087011700","Census Tract 117; Rockland County; New York","108043","10164",
"1400000US36087011800","Census Tract 118; Rockland County; New York","90917","17519",
"1400000US36087011901","Census Tract 119.01; Rockland County; New York","111958","22660",
"1400000US36087011902","Census Tract 119.02; Rockland County; New York","112357","38341",
"1400000US36087012000","Census Tract 120; Rockland County; New York","95625","11283",
"1400000US36087012107","Census Tract 121.07; Rockland County; New York","44284","5547",
"1400000US36087012108","Census Tract 121.08; Rockland County; New York","27368","11890",
"1400000US36087012109","Census Tract 121.09; Rockland County; New York","38977","26301",
"1400000US36087012110","Census Tract 121.10; Rockland County; New York","28702","8294",
"1400000US36087012111","Census Tract 121.11; Rockland County; New York","91080","65598",
"1400000US36087012112","Census Tract 121.12; Rockland County; New York","84656","38079",
"1400000US36087012113","Census Tract 121.13; Rockland County; New York","52147","27703",
"1400000US36087012114","Census Tract 121.14; Rockland County; New York","41792","12666",
"1400000US36087012115","Census Tract 121.15; Rockland County; New York","107375","24784",
"1400000US36087012116","Census Tract 121.16; Rockland County; New York","53052","15553",
"1400000US36087012203","Census Tract 122.03; Rockland County; New York","60877","11505",
"1400000US36087012204","Census Tract 122.04; Rockland County; New York","63409","18481",
"1400000US36087012205","Census Tract 122.05; Rockland County; New York","50214","14002",
"1400000US36087012206","Census Tract 122.06; Rockland County; New York","62955","15272",
"1400000US36087012301","Census Tract 123.01; Rockland County; New York","63382","25850",
"1400000US36087012302","Census Tract 123.02; Rockland County; New York","56250","14885",
"1400000US36087012401","Census Tract 124.01; Rockland County; New York","65541","14871",
"1400000US36087012403","Census Tract 124.03; Rockland County; New York","56365","12273",
"1400000US36087012404","Census Tract 124.04; Rockland County; New York","58750","22001",
"1400000US36087012503","Census Tract 125.03; Rockland County; New York","102717","29963",
"1400000US36087012504","Census Tract 125.04; Rockland County; New York","132798","27326",
"1400000US36087012505","Census Tract 125.05; Rockland County; New York","94951","26423",
"1400000US36087012506","Census Tract 125.06; Rockland County; New York","104884","3176",
"1400000US36087012600","Census Tract 126; Rockland County; New York","134750","36827",
"1400000US36087012700","Census Tract 127; Rockland County; New York","111555","24337",
"1400000US36087012800","Census Tract 128; Rockland County; New York","180536","58838",
"1400000US36087013001","Census Tract 130.01; Rockland County; New York","174725","22592",
"1400000US36087013002","Census Tract 130.02; Rockland County; New York","109007","22023",
"1400000US36087013003","Census Tract 130.03; Rockland County; New York","177879","64599",
"1400000US36087013101","Census Tract 131.01; Rockland County; New York","120893","17902",
"1400000US36087013102","Census Tract 131.02; Rockland County; New York","127434","56893",
"1400000US36087013200","Census Tract 132; Rockland County; New York","121667","38504",
"1400000US36087013300","Census Tract 133; Rockland County; New York","140450","30360",
"1400000US36087013401","Census Tract 134.01; Rockland County; New York","151296","28039",
"1400000US36087013402","Census Tract 134.02; Rockland County; New York","192875","49545",
"1400000US36089490100","Census Tract 4901; St. Lawrence County; New York","50930","19222",
"1400000US36089490200","Census Tract 4902; St. Lawrence County; New York","71857","9847",
"1400000US36089490300","Census Tract 4903; St. Lawrence County; New York","46415","7501",
"1400000US36089490400","Census Tract 4904; St. Lawrence County; New York","91429","23132",
"1400000US36089490500","Census Tract 4905; St. Lawrence County; New York","71563","9792",
"1400000US36089490600","Census Tract 4906; St. Lawrence County; New York","67500","13395",
"1400000US36089490700","Census Tract 4907; St. Lawrence County; New York","63929","13515",
"1400000US36089490800","Census Tract 4908; St. Lawrence County; New York","55139","17928",
"1400000US36089490900","Census Tract 4909; St. Lawrence County; New York","38797","9008",
"1400000US36089491000","Census Tract 4910; St. Lawrence County; New York","60813","8201",
"1400000US36089491100","Census Tract 4911; St. Lawrence County; New York","-","**",
"1400000US36089491200","Census Tract 4912; St. Lawrence County; New York","-","**",
"1400000US36089491300","Census Tract 4913; St. Lawrence County; New York","73963","12001",
"1400000US36089491400","Census Tract 4914; St. Lawrence County; New York","62188","12907",
"1400000US36089491500","Census Tract 4915; St. Lawrence County; New York","63808","18830",
"1400000US36089491600","Census Tract 4916; St. Lawrence County; New York","58088","12153",
"1400000US36089491700","Census Tract 4917; St. Lawrence County; New York","85263","12182",
"1400000US36089491800","Census Tract 4918; St. Lawrence County; New York","65086","6361",
"1400000US36089491900","Census Tract 4919; St. Lawrence County; New York","-","**",
"1400000US36089492000","Census Tract 4920; St. Lawrence County; New York","80833","8413",
"1400000US36089492100","Census Tract 4921; St. Lawrence County; New York","47991","21524",
"1400000US36089492301","Census Tract 4923.01; St. Lawrence County; New York","71444","8499",
"1400000US36089492302","Census Tract 4923.02; St. Lawrence County; New York","92500","18702",
"1400000US36089492401","Census Tract 4924.01; St. Lawrence County; New York","62778","8484",
"1400000US36089492501","Census Tract 4925.01; St. Lawrence County; New York","52391","10517",
"1400000US36089492600","Census Tract 4926; St. Lawrence County; New York","60444","6100",
"1400000US36089492700","Census Tract 4927; St. Lawrence County; New York","44411","14308",
"1400000US36089492800","Census Tract 4928; St. Lawrence County; New York","67614","12298",
"1400000US36089492900","Census Tract 4929; St. Lawrence County; New York","72885","9246",
"1400000US36089493000","Census Tract 4930; St. Lawrence County; New York","68553","12870",
"1400000US36091060102","Census Tract 601.02; Saratoga County; New York","95861","15423",
"1400000US36091060103","Census Tract 601.03; Saratoga County; New York","117132","19269",
"1400000US36091060104","Census Tract 601.04; Saratoga County; New York","65761","12833",
"1400000US36091060200","Census Tract 602; Saratoga County; New York","58542","16866",
"1400000US36091060301","Census Tract 603.01; Saratoga County; New York","84606","7690",
"1400000US36091060400","Census Tract 604; Saratoga County; New York","76071","13456",
"1400000US36091060501","Census Tract 605.01; Saratoga County; New York","73750","32452",
"1400000US36091060504","Census Tract 605.04; Saratoga County; New York","74063","11201",
"1400000US36091060505","Census Tract 605.05; Saratoga County; New York","58083","11639",
"1400000US36091060506","Census Tract 605.06; Saratoga County; New York","88188","21933",
"1400000US36091060507","Census Tract 605.07; Saratoga County; New York","107500","20938",
"1400000US36091060601","Census Tract 606.01; Saratoga County; New York","86833","27813",
"1400000US36091060602","Census Tract 606.02; Saratoga County; New York","85375","20607",
"1400000US36091060703","Census Tract 607.03; Saratoga County; New York","108952","19287",
"1400000US36091060704","Census Tract 607.04; Saratoga County; New York","82250","14081",
"1400000US36091060705","Census Tract 607.05; Saratoga County; New York","90313","26863",
"1400000US36091060706","Census Tract 607.06; Saratoga County; New York","135368","35914",
"1400000US36091060800","Census Tract 608; Saratoga County; New York","91178","15342",
"1400000US36091060901","Census Tract 609.01; Saratoga County; New York","114840","26456",
"1400000US36091060902","Census Tract 609.02; Saratoga County; New York","69423","14921",
"1400000US36091061001","Census Tract 610.01; Saratoga County; New York","100192","34099",
"1400000US36091061002","Census Tract 610.02; Saratoga County; New York","65530","18808",
"1400000US36091061101","Census Tract 611.01; Saratoga County; New York","108299","11078",
"1400000US36091061102","Census Tract 611.02; Saratoga County; New York","116324","12985",
"1400000US36091061201","Census Tract 612.01; Saratoga County; New York","95878","17786",
"1400000US36091061202","Census Tract 612.02; Saratoga County; New York","118646","22032",
"1400000US36091061301","Census Tract 613.01; Saratoga County; New York","166382","34990",
"1400000US36091061303","Census Tract 613.03; Saratoga County; New York","-","**",
"1400000US36091061304","Census Tract 613.04; Saratoga County; New York","120079","23488",
"1400000US36091061305","Census Tract 613.05; Saratoga County; New York","77347","16277",
"1400000US36091061401","Census Tract 614.01; Saratoga County; New York","79141","24105",
"1400000US36091061403","Census Tract 614.03; Saratoga County; New York","98203","14957",
"1400000US36091061404","Census Tract 614.04; Saratoga County; New York","163050","22516",
"1400000US36091061500","Census Tract 615; Saratoga County; New York","110149","24706",
"1400000US36091061600","Census Tract 616; Saratoga County; New York","106801","22091",
"1400000US36091061701","Census Tract 617.01; Saratoga County; New York","118162","18608",
"1400000US36091061702","Census Tract 617.02; Saratoga County; New York","115893","28792",
"1400000US36091061800","Census Tract 618; Saratoga County; New York","102104","12063",
"1400000US36091061904","Census Tract 619.04; Saratoga County; New York","110353","21219",
"1400000US36091061905","Census Tract 619.05; Saratoga County; New York","103405","25569",
"1400000US36091061906","Census Tract 619.06; Saratoga County; New York","101375","29917",
"1400000US36091061907","Census Tract 619.07; Saratoga County; New York","118859","15814",
"1400000US36091062001","Census Tract 620.01; Saratoga County; New York","105903","7897",
"1400000US36091062002","Census Tract 620.02; Saratoga County; New York","121806","38415",
"1400000US36091062100","Census Tract 621; Saratoga County; New York","90060","10605",
"1400000US36091062200","Census Tract 622; Saratoga County; New York","48658","7258",
"1400000US36091062300","Census Tract 623; Saratoga County; New York","53462","6961",
"1400000US36091062404","Census Tract 624.04; Saratoga County; New York","98854","10726",
"1400000US36091062406","Census Tract 624.06; Saratoga County; New York","100552","10919",
"1400000US36091062407","Census Tract 624.07; Saratoga County; New York","119478","27440",
"1400000US36091062408","Census Tract 624.08; Saratoga County; New York","103560","17784",
"1400000US36091062409","Census Tract 624.09; Saratoga County; New York","80218","13921",
"1400000US36091062410","Census Tract 624.10; Saratoga County; New York","84529","7261",
"1400000US36091062501","Census Tract 625.01; Saratoga County; New York","146544","24545",
"1400000US36091062503","Census Tract 625.03; Saratoga County; New York","115759","29459",
"1400000US36091062505","Census Tract 625.05; Saratoga County; New York","150995","14880",
"1400000US36091062506","Census Tract 625.06; Saratoga County; New York","124878","20687",
"1400000US36091062507","Census Tract 625.07; Saratoga County; New York","112986","31293",
"1400000US36091062508","Census Tract 625.08; Saratoga County; New York","111352","16145",
"1400000US36091062509","Census Tract 625.09; Saratoga County; New York","137091","9021",
"1400000US36091062601","Census Tract 626.01; Saratoga County; New York","162396","27522",
"1400000US36091062602","Census Tract 626.02; Saratoga County; New York","167389","13480",
"1400000US36091062700","Census Tract 627; Saratoga County; New York","93214","13007",
"1400000US36091062800","Census Tract 628; Saratoga County; New York","72938","11860",
"1400000US36091062900","Census Tract 629; Saratoga County; New York","92604","23815",
"1400000US36093020101","Census Tract 201.01; Schenectady County; New York","96207","20961",
"1400000US36093020102","Census Tract 201.02; Schenectady County; New York","54089","23808",
"1400000US36093020200","Census Tract 202; Schenectady County; New York","58304","4146",
"1400000US36093020300","Census Tract 203; Schenectady County; New York","47969","24601",
"1400000US36093020500","Census Tract 205; Schenectady County; New York","74697","6753",
"1400000US36093020600","Census Tract 206; Schenectady County; New York","84525","13382",
"1400000US36093020700","Census Tract 207; Schenectady County; New York","64073","14192",
"1400000US36093020800","Census Tract 208; Schenectady County; New York","31902","10772",
"1400000US36093020900","Census Tract 209; Schenectady County; New York","32336","11637",
"1400000US36093021001","Census Tract 210.01; Schenectady County; New York","38125","32876",
"1400000US36093021002","Census Tract 210.02; Schenectady County; New York","14329","2608",
"1400000US36093021200","Census Tract 212; Schenectady County; New York","58705","30811",
"1400000US36093021400","Census Tract 214; Schenectady County; New York","55012","16564",
"1400000US36093021500","Census Tract 215; Schenectady County; New York","33889","12370",
"1400000US36093021600","Census Tract 216; Schenectady County; New York","67813","25289",
"1400000US36093021700","Census Tract 217; Schenectady County; New York","54472","16251",
"1400000US36093021801","Census Tract 218.01; Schenectady County; New York","94154","16846",
"1400000US36093021802","Census Tract 218.02; Schenectady County; New York","69025","18859",
"1400000US36093031901","Census Tract 319.01; Schenectady County; New York","136582","18408",
"1400000US36093031902","Census Tract 319.02; Schenectady County; New York","119688","20392",
"1400000US36093032000","Census Tract 320; Schenectady County; New York","107233","9164",
"1400000US36093032101","Census Tract 321.01; Schenectady County; New York","185464","12908",
"1400000US36093032102","Census Tract 321.02; Schenectady County; New York","180761","17614",
"1400000US36093032200","Census Tract 322; Schenectady County; New York","79390","19413",
"1400000US36093032300","Census Tract 323; Schenectady County; New York","71906","20195",
"1400000US36093032402","Census Tract 324.02; Schenectady County; New York","83644","10145",
"1400000US36093032403","Census Tract 324.03; Schenectady County; New York","100417","18642",
"1400000US36093032404","Census Tract 324.04; Schenectady County; New York","106134","12028",
"1400000US36093032502","Census Tract 325.02; Schenectady County; New York","109444","16602",
"1400000US36093032503","Census Tract 325.03; Schenectady County; New York","116622","16608",
"1400000US36093032504","Census Tract 325.04; Schenectady County; New York","109750","17734",
"1400000US36093032601","Census Tract 326.01; Schenectady County; New York","105139","20673",
"1400000US36093032602","Census Tract 326.02; Schenectady County; New York","78654","5334",
"1400000US36093032700","Census Tract 327; Schenectady County; New York","72667","12528",
"1400000US36093032901","Census Tract 329.01; Schenectady County; New York","90602","10883",
"1400000US36093032902","Census Tract 329.02; Schenectady County; New York","88065","3685",
"1400000US36093033002","Census Tract 330.02; Schenectady County; New York","113850","27980",
"1400000US36093033003","Census Tract 330.03; Schenectady County; New York","90547","17024",
"1400000US36093033004","Census Tract 330.04; Schenectady County; New York","94375","12716",
"1400000US36093033101","Census Tract 331.01; Schenectady County; New York","98438","21288",
"1400000US36093033102","Census Tract 331.02; Schenectady County; New York","95378","34830",
"1400000US36093033200","Census Tract 332; Schenectady County; New York","69258","13665",
"1400000US36093033300","Census Tract 333; Schenectady County; New York","75344","9528",
"1400000US36093033400","Census Tract 334; Schenectady County; New York","69176","9540",
"1400000US36093033500","Census Tract 335; Schenectady County; New York","60286","18177",
"1400000US36095740100","Census Tract 7401; Schoharie County; New York","71957","11544",
"1400000US36095740200","Census Tract 7402; Schoharie County; New York","54706","16076",
"1400000US36095740300","Census Tract 7403; Schoharie County; New York","-","**",
"1400000US36095740400","Census Tract 7404; Schoharie County; New York","79432","7551",
"1400000US36095740500","Census Tract 7405; Schoharie County; New York","59236","13689",
"1400000US36095740600","Census Tract 7406; Schoharie County; New York","71949","6177",
"1400000US36095740700","Census Tract 7407; Schoharie County; New York","57238","9042",
"1400000US36095740800","Census Tract 7408; Schoharie County; New York","82917","12204",
"1400000US36097950100","Census Tract 9501; Schuyler County; New York","79904","19062",
"1400000US36097950200","Census Tract 9502; Schuyler County; New York","86131","9420",
"1400000US36097950300","Census Tract 9503; Schuyler County; New York","64702","7271",
"1400000US36097950400","Census Tract 9504; Schuyler County; New York","53668","8263",
"1400000US36097950500","Census Tract 9505; Schuyler County; New York","65240","10676",
"1400000US36099950100","Census Tract 9501; Seneca County; New York","70769","6084",
"1400000US36099950200","Census Tract 9502; Seneca County; New York","61071","10486",
"1400000US36099950300","Census Tract 9503; Seneca County; New York","71324","18187",
"1400000US36099950400","Census Tract 9504; Seneca County; New York","59268","12246",
"1400000US36099950500","Census Tract 9505; Seneca County; New York","49527","7633",
"1400000US36099950600","Census Tract 9506; Seneca County; New York","69279","2994",
"1400000US36099950700","Census Tract 9507; Seneca County; New York","77875","24787",
"1400000US36099950801","Census Tract 9508.01; Seneca County; New York","-","**",
"1400000US36099950802","Census Tract 9508.02; Seneca County; New York","74292","8110",
"1400000US36099950900","Census Tract 9509; Seneca County; New York","74231","12555",
"1400000US36099951000","Census Tract 9510; Seneca County; New York","75688","16232",
"1400000US36101960100","Census Tract 9601; Steuben County; New York","68906","7555",
"1400000US36101960200","Census Tract 9602; Steuben County; New York","69107","14490",
"1400000US36101960300","Census Tract 9603; Steuben County; New York","65286","7836",
"1400000US36101960400","Census Tract 9604; Steuben County; New York","65385","15091",
"1400000US36101960500","Census Tract 9605; Steuben County; New York","69194","7265",
"1400000US36101960600","Census Tract 9606; Steuben County; New York","73014","8333",
"1400000US36101960700","Census Tract 9607; Steuben County; New York","47188","19083",
"1400000US36101960800","Census Tract 9608; Steuben County; New York","47969","11757",
"1400000US36101960900","Census Tract 9609; Steuben County; New York","46989","19865",
"1400000US36101961000","Census Tract 9610; Steuben County; New York","69668","5538",
"1400000US36101961100","Census Tract 9611; Steuben County; New York","49271","11807",
"1400000US36101961200","Census Tract 9612; Steuben County; New York","48936","5086",
"1400000US36101961300","Census Tract 9613; Steuben County; New York","51420","11157",
"1400000US36101961400","Census Tract 9614; Steuben County; New York","76845","7883",
"1400000US36101961500","Census Tract 9615; Steuben County; New York","81250","14942",
"1400000US36101961600","Census Tract 9616; Steuben County; New York","88281","16735",
"1400000US36101961700","Census Tract 9617; Steuben County; New York","74508","19522",
"1400000US36101961800","Census Tract 9618; Steuben County; New York","65398","5338",
"1400000US36101961900","Census Tract 9619; Steuben County; New York","62660","8492",
"1400000US36101962000","Census Tract 9620; Steuben County; New York","73521","3723",
"1400000US36101962100","Census Tract 9621; Steuben County; New York","64450","8928",
"1400000US36101962200","Census Tract 9622; Steuben County; New York","57105","12134",
"1400000US36101962301","Census Tract 9623.01; Steuben County; New York","104706","32497",
"1400000US36101962302","Census Tract 9623.02; Steuben County; New York","70100","15247",
"1400000US36101962400","Census Tract 9624; Steuben County; New York","66908","9543",
"1400000US36101962500","Census Tract 9625; Steuben County; New York","49605","16251",
"1400000US36101962600","Census Tract 9626; Steuben County; New York","59773","18398",
"1400000US36101962700","Census Tract 9627; Steuben County; New York","60677","14820",
"1400000US36101962800","Census Tract 9628; Steuben County; New York","88113","15100",
"1400000US36101962900","Census Tract 9629; Steuben County; New York","90882","14446",
"1400000US36101963000","Census Tract 9630; Steuben County; New York","94712","12302",
"1400000US36103110101","Census Tract 1101.01; Suffolk County; New York","250,000+","***",
"1400000US36103110103","Census Tract 1101.03; Suffolk County; New York","163716","22058",
"1400000US36103110104","Census Tract 1101.04; Suffolk County; New York","250,000+","***",
"1400000US36103110200","Census Tract 1102; Suffolk County; New York","168000","38920",
"1400000US36103110300","Census Tract 1103; Suffolk County; New York","225613","45206",
"1400000US36103110401","Census Tract 1104.01; Suffolk County; New York","196029","38016",
"1400000US36103110402","Census Tract 1104.02; Suffolk County; New York","182250","31873",
"1400000US36103110501","Census Tract 1105.01; Suffolk County; New York","229712","29552",
"1400000US36103110502","Census Tract 1105.02; Suffolk County; New York","182283","37290",
"1400000US36103110601","Census Tract 1106.01; Suffolk County; New York","145423","27505",
"1400000US36103110602","Census Tract 1106.02; Suffolk County; New York","161288","35312",
"1400000US36103110801","Census Tract 1108.01; Suffolk County; New York","203500","44004",
"1400000US36103110803","Census Tract 1108.03; Suffolk County; New York","169896","29410",
"1400000US36103110901","Census Tract 1109.01; Suffolk County; New York","158852","45297",
"1400000US36103110902","Census Tract 1109.02; Suffolk County; New York","136885","22970",
"1400000US36103111001","Census Tract 1110.01; Suffolk County; New York","136107","15809",
"1400000US36103111002","Census Tract 1110.02; Suffolk County; New York","126375","34019",
"1400000US36103111101","Census Tract 1111.01; Suffolk County; New York","130417","41796",
"1400000US36103111102","Census Tract 1111.02; Suffolk County; New York","158667","69751",
"1400000US36103111103","Census Tract 1111.03; Suffolk County; New York","124091","61869",
"1400000US36103111201","Census Tract 1112.01; Suffolk County; New York","146270","15817",
"1400000US36103111202","Census Tract 1112.02; Suffolk County; New York","106451","30291",
"1400000US36103111300","Census Tract 1113; Suffolk County; New York","189118","26428",
"1400000US36103111401","Census Tract 1114.01; Suffolk County; New York","174635","20467",
"1400000US36103111402","Census Tract 1114.02; Suffolk County; New York","161681","47566",
"1400000US36103111503","Census Tract 1115.03; Suffolk County; New York","131726","56607",
"1400000US36103111504","Census Tract 1115.04; Suffolk County; New York","180139","18296",
"1400000US36103111506","Census Tract 1115.06; Suffolk County; New York","205526","29385",
"1400000US36103111507","Census Tract 1115.07; Suffolk County; New York","191204","38571",
"1400000US36103111508","Census Tract 1115.08; Suffolk County; New York","159196","13816",
"1400000US36103111601","Census Tract 1116.01; Suffolk County; New York","168056","25329",
"1400000US36103111602","Census Tract 1116.02; Suffolk County; New York","117557","67693",
"1400000US36103111701","Census Tract 1117.01; Suffolk County; New York","157948","16209",
"1400000US36103111703","Census Tract 1117.03; Suffolk County; New York","158646","41458",
"1400000US36103111704","Census Tract 1117.04; Suffolk County; New York","161815","17143",
"1400000US36103111801","Census Tract 1118.01; Suffolk County; New York","173333","21852",
"1400000US36103111802","Census Tract 1118.02; Suffolk County; New York","168125","21459",
"1400000US36103111803","Census Tract 1118.03; Suffolk County; New York","194188","16857",
"1400000US36103111804","Census Tract 1118.04; Suffolk County; New York","181940","18707",
"1400000US36103111900","Census Tract 1119; Suffolk County; New York","185745","10223",
"1400000US36103112001","Census Tract 1120.01; Suffolk County; New York","142869","12293",
"1400000US36103112002","Census Tract 1120.02; Suffolk County; New York","162973","22911",
"1400000US36103112102","Census Tract 1121.02; Suffolk County; New York","250,000+","***",
"1400000US36103112103","Census Tract 1121.03; Suffolk County; New York","146875","22006",
"1400000US36103112104","Census Tract 1121.04; Suffolk County; New York","213684","55692",
"1400000US36103112204","Census Tract 1122.04; Suffolk County; New York","159671","29461",
"1400000US36103112211","Census Tract 1122.11; Suffolk County; New York","196034","24319",
"1400000US36103112212","Census Tract 1122.12; Suffolk County; New York","250,000+","***",
"1400000US36103112213","Census Tract 1122.13; Suffolk County; New York","210469","24526",
"1400000US36103112215","Census Tract 1122.15; Suffolk County; New York","126046","39420",
"1400000US36103112216","Census Tract 1122.16; Suffolk County; New York","209663","59320",
"1400000US36103112217","Census Tract 1122.17; Suffolk County; New York","250,000+","***",
"1400000US36103112218","Census Tract 1122.18; Suffolk County; New York","201200","27131",
"1400000US36103112219","Census Tract 1122.19; Suffolk County; New York","105047","33133",
"1400000US36103112220","Census Tract 1122.20; Suffolk County; New York","250,000+","***",
"1400000US36103122300","Census Tract 1223; Suffolk County; New York","129592","35206",
"1400000US36103122405","Census Tract 1224.05; Suffolk County; New York","142625","32587",
"1400000US36103122407","Census Tract 1224.07; Suffolk County; New York","87784","53366",
"1400000US36103122408","Census Tract 1224.08; Suffolk County; New York","152500","22034",
"1400000US36103122502","Census Tract 1225.02; Suffolk County; New York","155931","18201",
"1400000US36103122602","Census Tract 1226.02; Suffolk County; New York","151852","27888",
"1400000US36103122603","Census Tract 1226.03; Suffolk County; New York","158843","9432",
"1400000US36103122604","Census Tract 1226.04; Suffolk County; New York","125714","21686",
"1400000US36103122605","Census Tract 1226.05; Suffolk County; New York","132985","13798",
"1400000US36103122704","Census Tract 1227.04; Suffolk County; New York","109063","40984",
"1400000US36103122705","Census Tract 1227.05; Suffolk County; New York","135426","31248",
"1400000US36103122706","Census Tract 1227.06; Suffolk County; New York","117390","7738",
"1400000US36103122707","Census Tract 1227.07; Suffolk County; New York","158405","9297",
"1400000US36103122801","Census Tract 1228.01; Suffolk County; New York","134464","39970",
"1400000US36103122802","Census Tract 1228.02; Suffolk County; New York","133446","8638",
"1400000US36103122901","Census Tract 1229.01; Suffolk County; New York","142333","23256",
"1400000US36103122902","Census Tract 1229.02; Suffolk County; New York","128729","9753",
"1400000US36103123001","Census Tract 1230.01; Suffolk County; New York","153785","20045",
"1400000US36103123002","Census Tract 1230.02; Suffolk County; New York","123333","15244",
"1400000US36103123101","Census Tract 1231.01; Suffolk County; New York","122056","17985",
"1400000US36103123102","Census Tract 1231.02; Suffolk County; New York","146806","16162",
"1400000US36103123201","Census Tract 1232.01; Suffolk County; New York","87679","23182",
"1400000US36103123203","Census Tract 1232.03; Suffolk County; New York","137538","40101",
"1400000US36103123204","Census Tract 1232.04; Suffolk County; New York","130068","31297",
"1400000US36103123303","Census Tract 1233.03; Suffolk County; New York","168125","34157",
"1400000US36103123304","Census Tract 1233.04; Suffolk County; New York","100815","57283",
"1400000US36103123401","Census Tract 1234.01; Suffolk County; New York","107574","41200",
"1400000US36103123403","Census Tract 1234.03; Suffolk County; New York","111384","21930",
"1400000US36103123404","Census Tract 1234.04; Suffolk County; New York","129144","34310",
"1400000US36103123500","Census Tract 1235; Suffolk County; New York","89716","16822",
"1400000US36103123600","Census Tract 1236; Suffolk County; New York","119677","25846",
"1400000US36103123701","Census Tract 1237.01; Suffolk County; New York","125953","15971",
"1400000US36103123703","Census Tract 1237.03; Suffolk County; New York","90592","38555",
"1400000US36103123704","Census Tract 1237.04; Suffolk County; New York","144026","15112",
"1400000US36103123801","Census Tract 1238.01; Suffolk County; New York","141181","15685",
"1400000US36103123802","Census Tract 1238.02; Suffolk County; New York","123047","35272",
"1400000US36103123900","Census Tract 1239; Suffolk County; New York","108785","24251",
"1400000US36103124001","Census Tract 1240.01; Suffolk County; New York","140762","21915",
"1400000US36103124002","Census Tract 1240.02; Suffolk County; New York","171250","38123",
"1400000US36103124101","Census Tract 1241.01; Suffolk County; New York","135096","33120",
"1400000US36103124102","Census Tract 1241.02; Suffolk County; New York","111782","39324",
"1400000US36103124200","Census Tract 1242; Suffolk County; New York","126875","17853",
"1400000US36103124301","Census Tract 1243.01; Suffolk County; New York","116250","40535",
"1400000US36103124302","Census Tract 1243.02; Suffolk County; New York","116667","38818",
"1400000US36103124401","Census Tract 1244.01; Suffolk County; New York","109500","21368",
"1400000US36103124402","Census Tract 1244.02; Suffolk County; New York","98188","65221",
"1400000US36103124500","Census Tract 1245; Suffolk County; New York","152188","25236",
"1400000US36103124601","Census Tract 1246.01; Suffolk County; New York","111618","37541",
"1400000US36103124602","Census Tract 1246.02; Suffolk County; New York","150893","23962",
"1400000US36103134702","Census Tract 1347.02; Suffolk County; New York","105987","40839",
"1400000US36103134703","Census Tract 1347.03; Suffolk County; New York","203365","19797",
"1400000US36103134704","Census Tract 1347.04; Suffolk County; New York","126094","38133",
"1400000US36103134902","Census Tract 1349.02; Suffolk County; New York","164327","30994",
"1400000US36103134906","Census Tract 1349.06; Suffolk County; New York","116100","30625",
"1400000US36103134907","Census Tract 1349.07; Suffolk County; New York","144901","27965",
"1400000US36103134908","Census Tract 1349.08; Suffolk County; New York","191806","88578",
"1400000US36103134909","Census Tract 1349.09; Suffolk County; New York","144615","15774",
"1400000US36103135002","Census Tract 1350.02; Suffolk County; New York","131875","21989",
"1400000US36103135003","Census Tract 1350.03; Suffolk County; New York","173125","45100",
"1400000US36103135004","Census Tract 1350.04; Suffolk County; New York","207500","21502",
"1400000US36103135005","Census Tract 1350.05; Suffolk County; New York","113355","21650",
"1400000US36103135101","Census Tract 1351.01; Suffolk County; New York","192045","29978",
"1400000US36103135102","Census Tract 1351.02; Suffolk County; New York","177188","25596",
"1400000US36103135103","Census Tract 1351.03; Suffolk County; New York","192841","23600",
"1400000US36103135104","Census Tract 1351.04; Suffolk County; New York","181650","23883",
"1400000US36103135201","Census Tract 1352.01; Suffolk County; New York","208024","19290",
"1400000US36103135205","Census Tract 1352.05; Suffolk County; New York","160552","16879",
"1400000US36103135208","Census Tract 1352.08; Suffolk County; New York","134531","39038",
"1400000US36103135209","Census Tract 1352.09; Suffolk County; New York","172679","26493",
"1400000US36103135303","Census Tract 1353.03; Suffolk County; New York","130027","24563",
"1400000US36103135305","Census Tract 1353.05; Suffolk County; New York","130588","36740",
"1400000US36103135306","Census Tract 1353.06; Suffolk County; New York","154063","17321",
"1400000US36103135401","Census Tract 1354.01; Suffolk County; New York","135375","29621",
"1400000US36103135402","Census Tract 1354.02; Suffolk County; New York","158269","30209",
"1400000US36103135403","Census Tract 1354.03; Suffolk County; New York","113068","25681",
"1400000US36103135500","Census Tract 1355; Suffolk County; New York","152000","49540",
"1400000US36103145701","Census Tract 1457.01; Suffolk County; New York","121959","11399",
"1400000US36103145703","Census Tract 1457.03; Suffolk County; New York","107250","27991",
"1400000US36103145705","Census Tract 1457.05; Suffolk County; New York","72547","13426",
"1400000US36103145706","Census Tract 1457.06; Suffolk County; New York","136685","10710",
"1400000US36103145803","Census Tract 1458.03; Suffolk County; New York","138864","17100",
"1400000US36103145804","Census Tract 1458.04; Suffolk County; New York","116313","7931",
"1400000US36103145807","Census Tract 1458.07; Suffolk County; New York","148299","21196",
"1400000US36103145808","Census Tract 1458.08; Suffolk County; New York","116875","44507",
"1400000US36103145809","Census Tract 1458.09; Suffolk County; New York","131528","31687",
"1400000US36103145810","Census Tract 1458.10; Suffolk County; New York","101420","8509",
"1400000US36103145901","Census Tract 1459.01; Suffolk County; New York","122679","32821",
"1400000US36103145903","Census Tract 1459.03; Suffolk County; New York","172264","29753",
"1400000US36103145904","Census Tract 1459.04; Suffolk County; New York","100693","32913",
"1400000US36103145905","Census Tract 1459.05; Suffolk County; New York","127134","43566",
"1400000US36103146002","Census Tract 1460.02; Suffolk County; New York","151250","20248",
"1400000US36103146004","Census Tract 1460.04; Suffolk County; New York","79750","27293",
"1400000US36103146005","Census Tract 1460.05; Suffolk County; New York","114983","12984",
"1400000US36103146102","Census Tract 1461.02; Suffolk County; New York","118750","56835",
"1400000US36103146103","Census Tract 1461.03; Suffolk County; New York","131408","13225",
"1400000US36103146202","Census Tract 1462.02; Suffolk County; New York","136813","28158",
"1400000US36103146203","Census Tract 1462.03; Suffolk County; New York","102054","23791",
"1400000US36103146205","Census Tract 1462.05; Suffolk County; New York","119205","36344",
"1400000US36103146206","Census Tract 1462.06; Suffolk County; New York","137870","24441",
"1400000US36103146300","Census Tract 1463; Suffolk County; New York","104722","18283",
"1400000US36103146402","Census Tract 1464.02; Suffolk County; New York","147411","26577",
"1400000US36103146403","Census Tract 1464.03; Suffolk County; New York","115089","29567",
"1400000US36103146404","Census Tract 1464.04; Suffolk County; New York","131938","34036",
"1400000US36103146500","Census Tract 1465; Suffolk County; New York","155313","23561",
"1400000US36103146607","Census Tract 1466.07; Suffolk County; New York","94948","38353",
"1400000US36103146608","Census Tract 1466.08; Suffolk County; New York","147500","50270",
"1400000US36103146611","Census Tract 1466.11; Suffolk County; New York","114968","20957",
"1400000US36103146612","Census Tract 1466.12; Suffolk County; New York","140435","14859",
"1400000US36103146613","Census Tract 1466.13; Suffolk County; New York","143686","21055",
"1400000US36103146614","Census Tract 1466.14; Suffolk County; New York","147971","14842",
"1400000US36103146616","Census Tract 1466.16; Suffolk County; New York","163523","40558",
"1400000US36103146617","Census Tract 1466.17; Suffolk County; New York","119732","28038",
"1400000US36103146618","Census Tract 1466.18; Suffolk County; New York","121903","16480",
"1400000US36103146619","Census Tract 1466.19; Suffolk County; New York","131375","37709",
"1400000US36103146620","Census Tract 1466.20; Suffolk County; New York","137250","32890",
"1400000US36103146703","Census Tract 1467.03; Suffolk County; New York","118693","23431",
"1400000US36103146704","Census Tract 1467.04; Suffolk County; New York","133355","50016",
"1400000US36103146705","Census Tract 1467.05; Suffolk County; New York","175700","20674",
"1400000US36103146706","Census Tract 1467.06; Suffolk County; New York","160795","31602",
"1400000US36103146800","Census Tract 1468; Suffolk County; New York","176382","21150",
"1400000US36103146901","Census Tract 1469.01; Suffolk County; New York","188056","45315",
"1400000US36103146902","Census Tract 1469.02; Suffolk County; New York","223273","18952",
"1400000US36103147001","Census Tract 1470.01; Suffolk County; New York","154792","54034",
"1400000US36103147003","Census Tract 1470.03; Suffolk County; New York","137083","26314",
"1400000US36103147004","Census Tract 1470.04; Suffolk County; New York","41711","6905",
"1400000US36103147100","Census Tract 1471; Suffolk County; New York","218000","23916",
"1400000US36103147201","Census Tract 1472.01; Suffolk County; New York","110694","18421",
"1400000US36103147202","Census Tract 1472.02; Suffolk County; New York","79600","19066",
"1400000US36103147301","Census Tract 1473.01; Suffolk County; New York","46760","13981",
"1400000US36103147302","Census Tract 1473.02; Suffolk County; New York","81094","30858",
"1400000US36103147401","Census Tract 1474.01; Suffolk County; New York","105667","33065",
"1400000US36103147402","Census Tract 1474.02; Suffolk County; New York","133977","82876",
"1400000US36103147502","Census Tract 1475.02; Suffolk County; New York","167340","34217",
"1400000US36103147503","Census Tract 1475.03; Suffolk County; New York","136071","35948",
"1400000US36103147504","Census Tract 1475.04; Suffolk County; New York","188036","71351",
"1400000US36103147505","Census Tract 1475.05; Suffolk County; New York","134682","5444",
"1400000US36103147601","Census Tract 1476.01; Suffolk County; New York","178431","21978",
"1400000US36103147602","Census Tract 1476.02; Suffolk County; New York","90500","15747",
"1400000US36103147701","Census Tract 1477.01; Suffolk County; New York","143304","54770",
"1400000US36103147702","Census Tract 1477.02; Suffolk County; New York","166671","11705",
"1400000US36103147802","Census Tract 1478.02; Suffolk County; New York","134375","38018",
"1400000US36103147803","Census Tract 1478.03; Suffolk County; New York","134667","27540",
"1400000US36103147804","Census Tract 1478.04; Suffolk County; New York","157738","16756",
"1400000US36103147901","Census Tract 1479.01; Suffolk County; New York","114103","16224",
"1400000US36103147902","Census Tract 1479.02; Suffolk County; New York","200446","50894",
"1400000US36103158001","Census Tract 1580.01; Suffolk County; New York","205375","29228",
"1400000US36103158009","Census Tract 1580.09; Suffolk County; New York","171705","26520",
"1400000US36103158010","Census Tract 1580.10; Suffolk County; New York","205030","23573",
"1400000US36103158011","Census Tract 1580.11; Suffolk County; New York","152662","19921",
"1400000US36103158012","Census Tract 1580.12; Suffolk County; New York","166094","37977",
"1400000US36103158013","Census Tract 1580.13; Suffolk County; New York","133977","12167",
"1400000US36103158014","Census Tract 1580.14; Suffolk County; New York","-","**",
"1400000US36103158015","Census Tract 1580.15; Suffolk County; New York","-","**",
"1400000US36103158016","Census Tract 1580.16; Suffolk County; New York","238750","58563",
"1400000US36103158017","Census Tract 1580.17; Suffolk County; New York","216481","33073",
"1400000US36103158102","Census Tract 1581.02; Suffolk County; New York","116683","15585",
"1400000US36103158103","Census Tract 1581.03; Suffolk County; New York","128067","23826",
"1400000US36103158107","Census Tract 1581.07; Suffolk County; New York","94229","26406",
"1400000US36103158108","Census Tract 1581.08; Suffolk County; New York","156953","34124",
"1400000US36103158111","Census Tract 1581.11; Suffolk County; New York","126595","17511",
"1400000US36103158112","Census Tract 1581.12; Suffolk County; New York","127304","9909",
"1400000US36103158114","Census Tract 1581.14; Suffolk County; New York","107292","21731",
"1400000US36103158116","Census Tract 1581.16; Suffolk County; New York","125195","56450",
"1400000US36103158117","Census Tract 1581.17; Suffolk County; New York","120605","36549",
"1400000US36103158118","Census Tract 1581.18; Suffolk County; New York","117961","30211",
"1400000US36103158119","Census Tract 1581.19; Suffolk County; New York","125313","13843",
"1400000US36103158120","Census Tract 1581.20; Suffolk County; New York","133750","30701",
"1400000US36103158205","Census Tract 1582.05; Suffolk County; New York","147308","60167",
"1400000US36103158206","Census Tract 1582.06; Suffolk County; New York","138818","12704",
"1400000US36103158207","Census Tract 1582.07; Suffolk County; New York","166587","30887",
"1400000US36103158208","Census Tract 1582.08; Suffolk County; New York","155197","38511",
"1400000US36103158209","Census Tract 1582.09; Suffolk County; New York","81042","54649",
"1400000US36103158304","Census Tract 1583.04; Suffolk County; New York","149280","52772",
"1400000US36103158306","Census Tract 1583.06; Suffolk County; New York","134985","27333",
"1400000US36103158309","Census Tract 1583.09; Suffolk County; New York","93056","20515",
"1400000US36103158310","Census Tract 1583.10; Suffolk County; New York","92273","23292",
"1400000US36103158315","Census Tract 1583.15; Suffolk County; New York","111824","23892",
"1400000US36103158317","Census Tract 1583.17; Suffolk County; New York","131629","20402",
"1400000US36103158318","Census Tract 1583.18; Suffolk County; New York","138336","13299",
"1400000US36103158319","Census Tract 1583.19; Suffolk County; New York","130500","35934",
"1400000US36103158320","Census Tract 1583.20; Suffolk County; New York","83832","17566",
"1400000US36103158322","Census Tract 1583.22; Suffolk County; New York","161625","37092",
"1400000US36103158324","Census Tract 1583.24; Suffolk County; New York","121447","44464",
"1400000US36103158325","Census Tract 1583.25; Suffolk County; New York","116817","11803",
"1400000US36103158326","Census Tract 1583.26; Suffolk County; New York","52250","21002",
"1400000US36103158327","Census Tract 1583.27; Suffolk County; New York","120721","21926",
"1400000US36103158328","Census Tract 1583.28; Suffolk County; New York","154940","26832",
"1400000US36103158329","Census Tract 1583.29; Suffolk County; New York","170893","45330",
"1400000US36103158401","Census Tract 1584.01; Suffolk County; New York","96932","41226",
"1400000US36103158402","Census Tract 1584.02; Suffolk County; New York","149083","25209",
"1400000US36103158403","Census Tract 1584.03; Suffolk County; New York","91961","9699",
"1400000US36103158407","Census Tract 1584.07; Suffolk County; New York","127262","29803",
"1400000US36103158408","Census Tract 1584.08; Suffolk County; New York","105119","42669",
"1400000US36103158409","Census Tract 1584.09; Suffolk County; New York","89474","19118",
"1400000US36103158410","Census Tract 1584.10; Suffolk County; New York","49320","4004",
"1400000US36103158411","Census Tract 1584.11; Suffolk County; New York","176944","46302",
"1400000US36103158412","Census Tract 1584.12; Suffolk County; New York","120826","7180",
"1400000US36103158502","Census Tract 1585.02; Suffolk County; New York","85854","25677",
"1400000US36103158505","Census Tract 1585.05; Suffolk County; New York","118571","55719",
"1400000US36103158506","Census Tract 1585.06; Suffolk County; New York","127273","17786",
"1400000US36103158509","Census Tract 1585.09; Suffolk County; New York","81429","8335",
"1400000US36103158510","Census Tract 1585.10; Suffolk County; New York","115024","20862",
"1400000US36103158511","Census Tract 1585.11; Suffolk County; New York","148482","12845",
"1400000US36103158512","Census Tract 1585.12; Suffolk County; New York","109979","34991",
"1400000US36103158513","Census Tract 1585.13; Suffolk County; New York","120724","20912",
"1400000US36103158514","Census Tract 1585.14; Suffolk County; New York","137760","34673",
"1400000US36103158604","Census Tract 1586.04; Suffolk County; New York","157917","21569",
"1400000US36103158605","Census Tract 1586.05; Suffolk County; New York","138485","40239",
"1400000US36103158606","Census Tract 1586.06; Suffolk County; New York","150674","8137",
"1400000US36103158607","Census Tract 1586.07; Suffolk County; New York","104808","34394",
"1400000US36103158608","Census Tract 1586.08; Suffolk County; New York","99549","17186",
"1400000US36103158609","Census Tract 1586.09; Suffolk County; New York","107325","36873",
"1400000US36103158705","Census Tract 1587.05; Suffolk County; New York","106828","26676",
"1400000US36103158707","Census Tract 1587.07; Suffolk County; New York","111211","13488",
"1400000US36103158708","Census Tract 1587.08; Suffolk County; New York","67256","12976",
"1400000US36103158709","Census Tract 1587.09; Suffolk County; New York","90173","33856",
"1400000US36103158710","Census Tract 1587.10; Suffolk County; New York","119049","20962",
"1400000US36103158711","Census Tract 1587.11; Suffolk County; New York","108698","37159",
"1400000US36103158712","Census Tract 1587.12; Suffolk County; New York","128170","16313",
"1400000US36103158713","Census Tract 1587.13; Suffolk County; New York","97517","16062",
"1400000US36103158714","Census Tract 1587.14; Suffolk County; New York","91705","21468",
"1400000US36103158715","Census Tract 1587.15; Suffolk County; New York","96214","20666",
"1400000US36103158802","Census Tract 1588.02; Suffolk County; New York","154625","20946",
"1400000US36103158803","Census Tract 1588.03; Suffolk County; New York","152260","20528",
"1400000US36103158805","Census Tract 1588.05; Suffolk County; New York","107717","9999",
"1400000US36103158806","Census Tract 1588.06; Suffolk County; New York","107661","44557",
"1400000US36103158901","Census Tract 1589.01; Suffolk County; New York","108750","31786",
"1400000US36103158902","Census Tract 1589.02; Suffolk County; New York","111797","35109",
"1400000US36103159000","Census Tract 1590; Suffolk County; New York","104575","18790",
"1400000US36103159103","Census Tract 1591.03; Suffolk County; New York","94022","23673",
"1400000US36103159106","Census Tract 1591.06; Suffolk County; New York","119577","6451",
"1400000US36103159107","Census Tract 1591.07; Suffolk County; New York","154183","38106",
"1400000US36103159108","Census Tract 1591.08; Suffolk County; New York","124490","26895",
"1400000US36103159109","Census Tract 1591.09; Suffolk County; New York","88162","19610",
"1400000US36103159110","Census Tract 1591.10; Suffolk County; New York","74438","25934",
"1400000US36103159111","Census Tract 1591.11; Suffolk County; New York","126977","20158",
"1400000US36103159112","Census Tract 1591.12; Suffolk County; New York","67211","10196",
"1400000US36103159201","Census Tract 1592.01; Suffolk County; New York","139950","30984",
"1400000US36103159203","Census Tract 1592.03; Suffolk County; New York","139322","19415",
"1400000US36103159204","Census Tract 1592.04; Suffolk County; New York","108036","37505",
"1400000US36103159300","Census Tract 1593; Suffolk County; New York","146083","30909",
"1400000US36103159406","Census Tract 1594.06; Suffolk County; New York","145379","14153",
"1400000US36103159407","Census Tract 1594.07; Suffolk County; New York","143287","38708",
"1400000US36103159408","Census Tract 1594.08; Suffolk County; New York","110865","32817",
"1400000US36103159410","Census Tract 1594.10; Suffolk County; New York","168905","27036",
"1400000US36103159411","Census Tract 1594.11; Suffolk County; New York","101458","16278",
"1400000US36103159413","Census Tract 1594.13; Suffolk County; New York","106327","15514",
"1400000US36103159414","Census Tract 1594.14; Suffolk County; New York","109519","30219",
"1400000US36103159415","Census Tract 1594.15; Suffolk County; New York","52209","24790",
"1400000US36103159416","Census Tract 1594.16; Suffolk County; New York","74364","37557",
"1400000US36103159509","Census Tract 1595.09; Suffolk County; New York","95952","39629",
"1400000US36103159510","Census Tract 1595.10; Suffolk County; New York","153542","91332",
"1400000US36103159511","Census Tract 1595.11; Suffolk County; New York","84515","28314",
"1400000US36103159512","Census Tract 1595.12; Suffolk County; New York","95875","38331",
"1400000US36103159513","Census Tract 1595.13; Suffolk County; New York","94537","22273",
"1400000US36103159514","Census Tract 1595.14; Suffolk County; New York","139083","49420",
"1400000US36103159515","Census Tract 1595.15; Suffolk County; New York","118920","20128",
"1400000US36103159516","Census Tract 1595.16; Suffolk County; New York","120318","14492",
"1400000US36103159517","Census Tract 1595.17; Suffolk County; New York","112372","19840",
"1400000US36103159518","Census Tract 1595.18; Suffolk County; New York","92941","21112",
"1400000US36103159602","Census Tract 1596.02; Suffolk County; New York","152609","59802",
"1400000US36103159603","Census Tract 1596.03; Suffolk County; New York","99167","27351",
"1400000US36103159604","Census Tract 1596.04; Suffolk County; New York","170197","24959",
"1400000US36103159700","Census Tract 1597; Suffolk County; New York","101250","38805",
"1400000US36103169701","Census Tract 1697.01; Suffolk County; New York","136549","10103",
"1400000US36103169703","Census Tract 1697.03; Suffolk County; New York","100476","26519",
"1400000US36103169705","Census Tract 1697.05; Suffolk County; New York","77137","5267",
"1400000US36103169706","Census Tract 1697.06; Suffolk County; New York","56994","11969",
"1400000US36103169800","Census Tract 1698; Suffolk County; New York","107482","27303",
"1400000US36103169903","Census Tract 1699.03; Suffolk County; New York","63255","10155",
"1400000US36103169904","Census Tract 1699.04; Suffolk County; New York","97656","30593",
"1400000US36103169905","Census Tract 1699.05; Suffolk County; New York","97005","25644",
"1400000US36103169906","Census Tract 1699.06; Suffolk County; New York","118465","28617",
"1400000US36103170003","Census Tract 1700.03; Suffolk County; New York","138413","36119",
"1400000US36103170004","Census Tract 1700.04; Suffolk County; New York","122575","29408",
"1400000US36103170005","Census Tract 1700.05; Suffolk County; New York","136563","26167",
"1400000US36103170006","Census Tract 1700.06; Suffolk County; New York","119679","46701",
"1400000US36103170101","Census Tract 1701.01; Suffolk County; New York","81094","15082",
"1400000US36103170203","Census Tract 1702.03; Suffolk County; New York","111385","31359",
"1400000US36103170204","Census Tract 1702.04; Suffolk County; New York","134250","31165",
"1400000US36103170205","Census Tract 1702.05; Suffolk County; New York","93983","33054",
"1400000US36103170206","Census Tract 1702.06; Suffolk County; New York","96827","15496",
"1400000US36103180300","Census Tract 1803; Suffolk County; New York","133967","47985",
"1400000US36103190402","Census Tract 1904.02; Suffolk County; New York","77188","15561",
"1400000US36103190403","Census Tract 1904.03; Suffolk County; New York","115372","23736",
"1400000US36103190404","Census Tract 1904.04; Suffolk County; New York","67647","36257",
"1400000US36103190405","Census Tract 1904.05; Suffolk County; New York","88393","31471",
"1400000US36103190502","Census Tract 1905.02; Suffolk County; New York","140388","24959",
"1400000US36103190503","Census Tract 1905.03; Suffolk County; New York","165313","72235",
"1400000US36103190504","Census Tract 1905.04; Suffolk County; New York","166875","34745",
"1400000US36103190603","Census Tract 1906.03; Suffolk County; New York","121847","19112",
"1400000US36103190604","Census Tract 1906.04; Suffolk County; New York","153734","29803",
"1400000US36103190605","Census Tract 1906.05; Suffolk County; New York","89896","32025",
"1400000US36103190606","Census Tract 1906.06; Suffolk County; New York","93460","8601",
"1400000US36103190706","Census Tract 1907.06; Suffolk County; New York","138382","36858",
"1400000US36103190708","Census Tract 1907.08; Suffolk County; New York","144750","26365",
"1400000US36103190709","Census Tract 1907.09; Suffolk County; New York","118983","35365",
"1400000US36103190710","Census Tract 1907.10; Suffolk County; New York","178021","36901",
"1400000US36103190711","Census Tract 1907.11; Suffolk County; New York","128333","22065",
"1400000US36103190712","Census Tract 1907.12; Suffolk County; New York","186906","82327",
"1400000US36103190713","Census Tract 1907.13; Suffolk County; New York","250,000+","***",
"1400000US36103190714","Census Tract 1907.14; Suffolk County; New York","122888","40156",
"1400000US36103190801","Census Tract 1908.01; Suffolk County; New York","250,000+","***",
"1400000US36103190802","Census Tract 1908.02; Suffolk County; New York","149519","41554",
"1400000US36103200901","Census Tract 2009.01; Suffolk County; New York","106250","16336",
"1400000US36103200903","Census Tract 2009.03; Suffolk County; New York","150179","46038",
"1400000US36103200904","Census Tract 2009.04; Suffolk County; New York","108099","27056",
"1400000US36103200905","Census Tract 2009.05; Suffolk County; New York","178203","59400",
"1400000US36103200906","Census Tract 2009.06; Suffolk County; New York","141321","58003",
"1400000US36103201005","Census Tract 2010.05; Suffolk County; New York","123750","22390",
"1400000US36103201006","Census Tract 2010.06; Suffolk County; New York","123388","44960",
"1400000US36103201007","Census Tract 2010.07; Suffolk County; New York","171307","32871",
"1400000US36103201008","Census Tract 2010.08; Suffolk County; New York","122050","30503",
"1400000US36103201009","Census Tract 2010.09; Suffolk County; New York","137072","34610",
"1400000US36103201010","Census Tract 2010.10; Suffolk County; New York","178135","42868",
"1400000US36103990100","Census Tract 9901; Suffolk County; New York","-","**",
"1400000US36105950100","Census Tract 9501; Sullivan County; New York","80682","27870",
"1400000US36105950201","Census Tract 9502.01; Sullivan County; New York","47614","18835",
"1400000US36105950202","Census Tract 9502.02; Sullivan County; New York","70438","40582",
"1400000US36105950300","Census Tract 9503; Sullivan County; New York","67115","24628",
"1400000US36105950400","Census Tract 9504; Sullivan County; New York","92833","11823",
"1400000US36105950500","Census Tract 9505; Sullivan County; New York","57357","14471",
"1400000US36105950600","Census Tract 9506; Sullivan County; New York","85391","26144",
"1400000US36105950701","Census Tract 9507.01; Sullivan County; New York","69487","12378",
"1400000US36105950702","Census Tract 9507.02; Sullivan County; New York","62969","16627",
"1400000US36105950801","Census Tract 9508.01; Sullivan County; New York","54703","19909",
"1400000US36105950802","Census Tract 9508.02; Sullivan County; New York","60634","4378",
"1400000US36105950900","Census Tract 9509; Sullivan County; New York","46607","20846",
"1400000US36105951000","Census Tract 9510; Sullivan County; New York","71287","12968",
"1400000US36105951100","Census Tract 9511; Sullivan County; New York","76719","21027",
"1400000US36105951201","Census Tract 9512.01; Sullivan County; New York","98717","10954",
"1400000US36105951202","Census Tract 9512.02; Sullivan County; New York","91306","31206",
"1400000US36105951301","Census Tract 9513.01; Sullivan County; New York","92404","17633",
"1400000US36105951302","Census Tract 9513.02; Sullivan County; New York","62708","23509",
"1400000US36105951500","Census Tract 9515; Sullivan County; New York","52270","11873",
"1400000US36105951600","Census Tract 9516; Sullivan County; New York","91199","7928",
"1400000US36105951701","Census Tract 9517.01; Sullivan County; New York","109297","20501",
"1400000US36105951702","Census Tract 9517.02; Sullivan County; New York","133438","42147",
"1400000US36105951801","Census Tract 9518.01; Sullivan County; New York","50045","27634",
"1400000US36105951802","Census Tract 9518.02; Sullivan County; New York","56591","12921",
"1400000US36105951900","Census Tract 9519; Sullivan County; New York","86310","20045",
"1400000US36105952000","Census Tract 9520; Sullivan County; New York","66258","6182",
"1400000US36105952100","Census Tract 9521; Sullivan County; New York","96146","27778",
"1400000US36105952200","Census Tract 9522; Sullivan County; New York","72292","36460",
"1400000US36105952300","Census Tract 9523; Sullivan County; New York","75893","20871",
"1400000US36105952400","Census Tract 9524; Sullivan County; New York","63846","26073",
"1400000US36105952500","Census Tract 9525; Sullivan County; New York","102957","21530",
"1400000US36107020101","Census Tract 201.01; Tioga County; New York","70893","6603",
"1400000US36107020102","Census Tract 201.02; Tioga County; New York","80938","7503",
"1400000US36107020200","Census Tract 202; Tioga County; New York","49036","4307",
"1400000US36107020300","Census Tract 203; Tioga County; New York","94182","15317",
"1400000US36107020401","Census Tract 204.01; Tioga County; New York","77984","12395",
"1400000US36107020402","Census Tract 204.02; Tioga County; New York","124966","14002",
"1400000US36107020500","Census Tract 205; Tioga County; New York","60139","17435",
"1400000US36107020600","Census Tract 206; Tioga County; New York","75239","8714",
"1400000US36107020701","Census Tract 207.01; Tioga County; New York","63309","18940",
"1400000US36107020702","Census Tract 207.02; Tioga County; New York","61667","15302",
"1400000US36107020703","Census Tract 207.03; Tioga County; New York","53505","5384",
"1400000US36109000100","Census Tract 1; Tompkins County; New York","40988","6979",
"1400000US36109000201","Census Tract 2.01; Tompkins County; New York","41245","27001",
"1400000US36109000202","Census Tract 2.02; Tompkins County; New York","-","**",
"1400000US36109000300","Census Tract 3; Tompkins County; New York","-","**",
"1400000US36109000400","Census Tract 4; Tompkins County; New York","57875","30305",
"1400000US36109000500","Census Tract 5; Tompkins County; New York","95881","5557",
"1400000US36109000600","Census Tract 6; Tompkins County; New York","132853","25453",
"1400000US36109000700","Census Tract 7; Tompkins County; New York","74750","10955",
"1400000US36109000800","Census Tract 8; Tompkins County; New York","60833","33295",
"1400000US36109000900","Census Tract 9; Tompkins County; New York","89347","17968",
"1400000US36109001000","Census Tract 10; Tompkins County; New York","69569","13123",
"1400000US36109001100","Census Tract 11; Tompkins County; New York","54691","22924",
"1400000US36109001200","Census Tract 12; Tompkins County; New York","-","**",
"1400000US36109001301","Census Tract 13.01; Tompkins County; New York","47252","35743",
"1400000US36109001302","Census Tract 13.02; Tompkins County; New York","115299","37327",
"1400000US36109001400","Census Tract 14; Tompkins County; New York","91620","8097",
"1400000US36109001500","Census Tract 15; Tompkins County; New York","77675","9694",
"1400000US36109001600","Census Tract 16; Tompkins County; New York","70690","7085",
"1400000US36109001700","Census Tract 17; Tompkins County; New York","100347","22383",
"1400000US36109001800","Census Tract 18; Tompkins County; New York","68125","17085",
"1400000US36109001901","Census Tract 19.01; Tompkins County; New York","80658","18862",
"1400000US36109001902","Census Tract 19.02; Tompkins County; New York","99886","39855",
"1400000US36109002000","Census Tract 20; Tompkins County; New York","73672","23516",
"1400000US36109002100","Census Tract 21; Tompkins County; New York","82644","14625",
"1400000US36109002200","Census Tract 22; Tompkins County; New York","62132","9082",
"1400000US36109002300","Census Tract 23; Tompkins County; New York","90765","14166",
"1400000US36111950100","Census Tract 9501; Ulster County; New York","89191","31732",
"1400000US36111950200","Census Tract 9502; Ulster County; New York","57778","16517",
"1400000US36111950300","Census Tract 9503; Ulster County; New York","69125","21616",
"1400000US36111950400","Census Tract 9504; Ulster County; New York","100375","26933",
"1400000US36111950500","Census Tract 9505; Ulster County; New York","93860","18317",
"1400000US36111950600","Census Tract 9506; Ulster County; New York","86133","30920",
"1400000US36111950900","Census Tract 9509; Ulster County; New York","76667","21110",
"1400000US36111951000","Census Tract 9510; Ulster County; New York","114018","28634",
"1400000US36111951100","Census Tract 9511; Ulster County; New York","94844","16524",
"1400000US36111951200","Census Tract 9512; Ulster County; New York","110369","28234",
"1400000US36111951300","Census Tract 9513; Ulster County; New York","68333","17933",
"1400000US36111951400","Census Tract 9514; Ulster County; New York","65917","25128",
"1400000US36111951500","Census Tract 9515; Ulster County; New York","103209","12257",
"1400000US36111951600","Census Tract 9516; Ulster County; New York","81292","18801",
"1400000US36111951700","Census Tract 9517; Ulster County; New York","65579","10256",
"1400000US36111951800","Census Tract 9518; Ulster County; New York","39643","30701",
"1400000US36111951900","Census Tract 9519; Ulster County; New York","76458","13943",
"1400000US36111952000","Census Tract 9520; Ulster County; New York","52173","13646",
"1400000US36111952100","Census Tract 9521; Ulster County; New York","67738","8215",
"1400000US36111952200","Census Tract 9522; Ulster County; New York","95000","23006",
"1400000US36111952300","Census Tract 9523; Ulster County; New York","73250","29918",
"1400000US36111952400","Census Tract 9524; Ulster County; New York","51221","14072",
"1400000US36111952500","Census Tract 9525; Ulster County; New York","79295","22035",
"1400000US36111952600","Census Tract 9526; Ulster County; New York","90000","12105",
"1400000US36111952700","Census Tract 9527; Ulster County; New York","70689","11675",
"1400000US36111952800","Census Tract 9528; Ulster County; New York","87308","28668",
"1400000US36111952901","Census Tract 9529.01; Ulster County; New York","106058","30175",
"1400000US36111952902","Census Tract 9529.02; Ulster County; New York","127789","24275",
"1400000US36111953000","Census Tract 9530; Ulster County; New York","120667","37494",
"1400000US36111953300","Census Tract 9533; Ulster County; New York","138322","25675",
"1400000US36111953400","Census Tract 9534; Ulster County; New York","66181","25558",
"1400000US36111953500","Census Tract 9535; Ulster County; New York","71053","45473",
"1400000US36111953600","Census Tract 9536; Ulster County; New York","91523","19621",
"1400000US36111953700","Census Tract 9537; Ulster County; New York","105227","30168",
"1400000US36111953800","Census Tract 9538; Ulster County; New York","94659","21049",
"1400000US36111953900","Census Tract 9539; Ulster County; New York","114450","17689",
"1400000US36111954000","Census Tract 9540; Ulster County; New York","100278","42736",
"1400000US36111954100","Census Tract 9541; Ulster County; New York","104136","22711",
"1400000US36111954200","Census Tract 9542; Ulster County; New York","115234","11714",
"1400000US36111954401","Census Tract 9544.01; Ulster County; New York","146824","62618",
"1400000US36111954402","Census Tract 9544.02; Ulster County; New York","96389","14637",
"1400000US36111954500","Census Tract 9545; Ulster County; New York","62169","18902",
"1400000US36111954600","Census Tract 9546; Ulster County; New York","97250","9806",
"1400000US36111954700","Census Tract 9547; Ulster County; New York","92054","19636",
"1400000US36111954800","Census Tract 9548; Ulster County; New York","37068","28894",
"1400000US36111954900","Census Tract 9549; Ulster County; New York","95375","18864",
"1400000US36111955001","Census Tract 9550.01; Ulster County; New York","95650","39754",
"1400000US36111955002","Census Tract 9550.02; Ulster County; New York","79042","8948",
"1400000US36111955300","Census Tract 9553; Ulster County; New York","61354","34414",
"1400000US36111955400","Census Tract 9554; Ulster County; New York","116875","11743",
"1400000US36113070100","Census Tract 701; Warren County; New York","89387","12803",
"1400000US36113070200","Census Tract 702; Warren County; New York","57228","12096",
"1400000US36113070300","Census Tract 703; Warren County; New York","76587","8034",
"1400000US36113070400","Census Tract 704; Warren County; New York","67040","7544",
"1400000US36113070500","Census Tract 705; Warren County; New York","43333","17001",
"1400000US36113070602","Census Tract 706.02; Warren County; New York","127692","32349",
"1400000US36113070603","Census Tract 706.03; Warren County; New York","76287","32198",
"1400000US36113070604","Census Tract 706.04; Warren County; New York","79238","9980",
"1400000US36113070701","Census Tract 707.01; Warren County; New York","70794","4071",
"1400000US36113070702","Census Tract 707.02; Warren County; New York","89559","12805",
"1400000US36113070801","Census Tract 708.01; Warren County; New York","91855","11979",
"1400000US36113070802","Census Tract 708.02; Warren County; New York","88750","45915",
"1400000US36113070900","Census Tract 709; Warren County; New York","123155","21297",
"1400000US36113071000","Census Tract 710; Warren County; New York","46633","6562",
"1400000US36113072001","Census Tract 720.01; Warren County; New York","68281","15752",
"1400000US36113072002","Census Tract 720.02; Warren County; New York","126510","41174",
"1400000US36113073000","Census Tract 730; Warren County; New York","60907","12321",
"1400000US36113073500","Census Tract 735; Warren County; New York","62222","8469",
"1400000US36113074000","Census Tract 740; Warren County; New York","60987","7860",
"1400000US36113075001","Census Tract 750.01; Warren County; New York","83917","26581",
"1400000US36113075002","Census Tract 750.02; Warren County; New York","93214","17699",
"1400000US36113076000","Census Tract 760; Warren County; New York","81635","14858",
"1400000US36113078000","Census Tract 780; Warren County; New York","102898","19916",
"1400000US36115080100","Census Tract 801; Washington County; New York","61522","6118",
"1400000US36115080200","Census Tract 802; Washington County; New York","76467","5814",
"1400000US36115080301","Census Tract 803.01; Washington County; New York","71627","14147",
"1400000US36115080302","Census Tract 803.02; Washington County; New York","97633","7411",
"1400000US36115081001","Census Tract 810.01; Washington County; New York","86894","2770",
"1400000US36115081002","Census Tract 810.02; Washington County; New York","77958","9532",
"1400000US36115082001","Census Tract 820.01; Washington County; New York","56397","6010",
"1400000US36115082002","Census Tract 820.02; Washington County; New York","80556","16225",
"1400000US36115084001","Census Tract 840.01; Washington County; New York","76250","13284",
"1400000US36115084002","Census Tract 840.02; Washington County; New York","52969","21631",
"1400000US36115085000","Census Tract 850; Washington County; New York","65163","6010",
"1400000US36115086000","Census Tract 860; Washington County; New York","73205","4412",
"1400000US36115087000","Census Tract 870; Washington County; New York","83000","14331",
"1400000US36115088001","Census Tract 880.01; Washington County; New York","59640","16098",
"1400000US36115088002","Census Tract 880.02; Washington County; New York","71979","7890",
"1400000US36115089000","Census Tract 890; Washington County; New York","73537","18779",
"1400000US36115090000","Census Tract 900; Washington County; New York","83398","12074",
"1400000US36115091000","Census Tract 910; Washington County; New York","77375","8227",
"1400000US36115092000","Census Tract 920; Washington County; New York","72853","5401",
"1400000US36115093000","Census Tract 930; Washington County; New York","87796","14215",
"1400000US36115094000","Census Tract 940; Washington County; New York","85625","14540",
"1400000US36117020103","Census Tract 201.03; Wayne County; New York","104635","19980",
"1400000US36117020104","Census Tract 201.04; Wayne County; New York","97355","7052",
"1400000US36117020105","Census Tract 201.05; Wayne County; New York","79917","18209",
"1400000US36117020106","Census Tract 201.06; Wayne County; New York","49219","16206",
"1400000US36117020201","Census Tract 202.01; Wayne County; New York","93913","9424",
"1400000US36117020202","Census Tract 202.02; Wayne County; New York","94839","31728",
"1400000US36117020302","Census Tract 203.02; Wayne County; New York","100600","25052",
"1400000US36117020303","Census Tract 203.03; Wayne County; New York","87950","18953",
"1400000US36117020401","Census Tract 204.01; Wayne County; New York","107279","21195",
"1400000US36117020402","Census Tract 204.02; Wayne County; New York","76518","5400",
"1400000US36117020500","Census Tract 205; Wayne County; New York","80469","11968",
"1400000US36117020601","Census Tract 206.01; Wayne County; New York","60662","6075",
"1400000US36117020602","Census Tract 206.02; Wayne County; New York","83850","24206",
"1400000US36117020700","Census Tract 207; Wayne County; New York","63984","10312",
"1400000US36117020800","Census Tract 208; Wayne County; New York","97849","20380",
"1400000US36117020900","Census Tract 209; Wayne County; New York","53480","6744",
"1400000US36117021000","Census Tract 210; Wayne County; New York","80662","7294",
"1400000US36117021100","Census Tract 211; Wayne County; New York","61135","7468",
"1400000US36117021200","Census Tract 212; Wayne County; New York","57346","11682",
"1400000US36117021400","Census Tract 214; Wayne County; New York","67115","5943",
"1400000US36117021501","Census Tract 215.01; Wayne County; New York","90000","9513",
"1400000US36117021502","Census Tract 215.02; Wayne County; New York","54569","9855",
"1400000US36117021600","Census Tract 216; Wayne County; New York","59669","7290",
"1400000US36117021700","Census Tract 217; Wayne County; New York","66063","8419",
"1400000US36117021800","Census Tract 218; Wayne County; New York","62407","11640",
"1400000US36117990100","Census Tract 9901; Wayne County; New York","-","**",
"1400000US36119000101","Census Tract 1.01; Westchester County; New York","51164","13319",
"1400000US36119000103","Census Tract 1.03; Westchester County; New York","39000","12062",
"1400000US36119000104","Census Tract 1.04; Westchester County; New York","-","**",
"1400000US36119000202","Census Tract 2.02; Westchester County; New York","105795","24864",
"1400000US36119000203","Census Tract 2.03; Westchester County; New York","68797","34547",
"1400000US36119000204","Census Tract 2.04; Westchester County; New York","45511","20030",
"1400000US36119000205","Census Tract 2.05; Westchester County; New York","52729","8637",
"1400000US36119000300","Census Tract 3; Westchester County; New York","45390","12893",
"1400000US36119000401","Census Tract 4.01; Westchester County; New York","79120","16087",
"1400000US36119000403","Census Tract 4.03; Westchester County; New York","51923","22230",
"1400000US36119000404","Census Tract 4.04; Westchester County; New York","60398","10044",
"1400000US36119000501","Census Tract 5.01; Westchester County; New York","57731","26517",
"1400000US36119000502","Census Tract 5.02; Westchester County; New York","18732","916",
"1400000US36119000601","Census Tract 6.01; Westchester County; New York","40956","28645",
"1400000US36119000602","Census Tract 6.02; Westchester County; New York","61130","14490",
"1400000US36119000701","Census Tract 7.01; Westchester County; New York","102235","45441",
"1400000US36119000702","Census Tract 7.02; Westchester County; New York","86174","30823",
"1400000US36119000801","Census Tract 8.01; Westchester County; New York","108053","25522",
"1400000US36119000802","Census Tract 8.02; Westchester County; New York","95994","17345",
"1400000US36119000803","Census Tract 8.03; Westchester County; New York","98558","3988",
"1400000US36119000900","Census Tract 9; Westchester County; New York","135781","50547",
"1400000US36119001000","Census Tract 10; Westchester County; New York","31806","7314",
"1400000US36119001101","Census Tract 11.01; Westchester County; New York","44620","4211",
"1400000US36119001102","Census Tract 11.02; Westchester County; New York","111438","21804",
"1400000US36119001200","Census Tract 12; Westchester County; New York","52412","34424",
"1400000US36119001301","Census Tract 13.01; Westchester County; New York","207759","73020",
"1400000US36119001302","Census Tract 13.02; Westchester County; New York","55647","12820",
"1400000US36119001304","Census Tract 13.04; Westchester County; New York","56136","10682",
"1400000US36119001305","Census Tract 13.05; Westchester County; New York","75848","21468",
"1400000US36119001401","Census Tract 14.01; Westchester County; New York","141224","29606",
"1400000US36119001402","Census Tract 14.02; Westchester County; New York","112389","26988",
"1400000US36119001403","Census Tract 14.03; Westchester County; New York","75658","23465",
"1400000US36119001502","Census Tract 15.02; Westchester County; New York","106725","36537",
"1400000US36119001503","Census Tract 15.03; Westchester County; New York","82059","31992",
"1400000US36119001504","Census Tract 15.04; Westchester County; New York","121774","7746",
"1400000US36119001505","Census Tract 15.05; Westchester County; New York","88598","27993",
"1400000US36119001600","Census Tract 16; Westchester County; New York","63846","1172",
"1400000US36119001701","Census Tract 17.01; Westchester County; New York","99554","26293",
"1400000US36119001702","Census Tract 17.02; Westchester County; New York","79688","33601",
"1400000US36119001800","Census Tract 18; Westchester County; New York","120880","40079",
"1400000US36119001900","Census Tract 19; Westchester County; New York","121607","60489",
"1400000US36119002000","Census Tract 20; Westchester County; New York","153578","17639",
"1400000US36119002101","Census Tract 21.01; Westchester County; New York","89862","9906",
"1400000US36119002103","Census Tract 21.03; Westchester County; New York","225521","73557",
"1400000US36119002104","Census Tract 21.04; Westchester County; New York","102674","29990",
"1400000US36119002105","Census Tract 21.05; Westchester County; New York","186058","42083",
"1400000US36119002106","Census Tract 21.06; Westchester County; New York","95625","19659",
"1400000US36119002107","Census Tract 21.07; Westchester County; New York","109188","34762",
"1400000US36119002201","Census Tract 22.01; Westchester County; New York","160197","25679",
"1400000US36119002202","Census Tract 22.02; Westchester County; New York","118750","41559",
"1400000US36119002203","Census Tract 22.03; Westchester County; New York","63770","21490",
"1400000US36119002204","Census Tract 22.04; Westchester County; New York","113438","24120",
"1400000US36119002300","Census Tract 23; Westchester County; New York","138587","56393",
"1400000US36119002401","Census Tract 24.01; Westchester County; New York","105476","44074",
"1400000US36119002402","Census Tract 24.02; Westchester County; New York","93209","9214",
"1400000US36119002403","Census Tract 24.03; Westchester County; New York","82605","20368",
"1400000US36119002404","Census Tract 24.04; Westchester County; New York","150400","55683",
"1400000US36119002405","Census Tract 24.05; Westchester County; New York","116250","17440",
"1400000US36119002600","Census Tract 26; Westchester County; New York","85434","19669",
"1400000US36119002700","Census Tract 27; Westchester County; New York","73030","58883",
"1400000US36119002800","Census Tract 28; Westchester County; New York","63594","31399",
"1400000US36119002900","Census Tract 29; Westchester County; New York","-","**",
"1400000US36119003000","Census Tract 30; Westchester County; New York","101899","24424",
"1400000US36119003100","Census Tract 31; Westchester County; New York","30714","20420",
"1400000US36119003200","Census Tract 32; Westchester County; New York","43319","32925",
"1400000US36119003300","Census Tract 33; Westchester County; New York","92569","19883",
"1400000US36119003400","Census Tract 34; Westchester County; New York","98804","30164",
"1400000US36119003500","Census Tract 35; Westchester County; New York","52064","10343",
"1400000US36119003600","Census Tract 36; Westchester County; New York","80639","24007",
"1400000US36119003700","Census Tract 37; Westchester County; New York","104048","22030",
"1400000US36119003800","Census Tract 38; Westchester County; New York","83632","9286",
"1400000US36119003900","Census Tract 39; Westchester County; New York","102008","34764",
"1400000US36119004001","Census Tract 40.01; Westchester County; New York","61509","25091",
"1400000US36119004002","Census Tract 40.02; Westchester County; New York","90647","18641",
"1400000US36119004100","Census Tract 41; Westchester County; New York","71314","5990",
"1400000US36119004200","Census Tract 42; Westchester County; New York","96299","37545",
"1400000US36119004500","Census Tract 45; Westchester County; New York","116552","24590",
"1400000US36119004600","Census Tract 46; Westchester County; New York","159707","22666",
"1400000US36119004700","Census Tract 47; Westchester County; New York","250,000+","***",
"1400000US36119004801","Census Tract 48.01; Westchester County; New York","103531","33284",
"1400000US36119004802","Census Tract 48.02; Westchester County; New York","115236","39206",
"1400000US36119004900","Census Tract 49; Westchester County; New York","135046","23210",
"1400000US36119005001","Census Tract 50.01; Westchester County; New York","154722","77724",
"1400000US36119005002","Census Tract 50.02; Westchester County; New York","218631","49782",
"1400000US36119005100","Census Tract 51; Westchester County; New York","107337","19071",
"1400000US36119005200","Census Tract 52; Westchester County; New York","250,000+","***",
"1400000US36119005300","Census Tract 53; Westchester County; New York","178023","24591",
"1400000US36119005400","Census Tract 54; Westchester County; New York","250,000+","***",
"1400000US36119005500","Census Tract 55; Westchester County; New York","250,000+","***",
"1400000US36119005600","Census Tract 56; Westchester County; New York","-","**",
"1400000US36119005702","Census Tract 57.02; Westchester County; New York","72846","19892",
"1400000US36119005703","Census Tract 57.03; Westchester County; New York","76801","50224",
"1400000US36119005704","Census Tract 57.04; Westchester County; New York","84250","25418",
"1400000US36119005800","Census Tract 58; Westchester County; New York","94107","39768",
"1400000US36119005901","Census Tract 59.01; Westchester County; New York","72813","15929",
"1400000US36119005902","Census Tract 59.02; Westchester County; New York","126473","21327",
"1400000US36119006000","Census Tract 60; Westchester County; New York","102672","27500",
"1400000US36119006100","Census Tract 61; Westchester County; New York","106719","23716",
"1400000US36119006200","Census Tract 62; Westchester County; New York","59327","16139",
"1400000US36119006301","Census Tract 63.01; Westchester County; New York","41711","11404",
"1400000US36119006302","Census Tract 63.02; Westchester County; New York","-","**",
"1400000US36119006400","Census Tract 64; Westchester County; New York","89129","44426",
"1400000US36119006500","Census Tract 65; Westchester County; New York","155000","58231",
"1400000US36119006600","Census Tract 66; Westchester County; New York","169097","73033",
"1400000US36119006700","Census Tract 67; Westchester County; New York","250,000+","***",
"1400000US36119006801","Census Tract 68.01; Westchester County; New York","250,000+","***",
"1400000US36119006802","Census Tract 68.02; Westchester County; New York","215694","19741",
"1400000US36119006900","Census Tract 69; Westchester County; New York","250,000+","***",
"1400000US36119007000","Census Tract 70; Westchester County; New York","227308","77757",
"1400000US36119007100","Census Tract 71; Westchester County; New York","167536","42822",
"1400000US36119007200","Census Tract 72; Westchester County; New York","104615","17283",
"1400000US36119007300","Census Tract 73; Westchester County; New York","115500","43337",
"1400000US36119007401","Census Tract 74.01; Westchester County; New York","123977","32392",
"1400000US36119007402","Census Tract 74.02; Westchester County; New York","173070","29904",
"1400000US36119007500","Census Tract 75; Westchester County; New York","250,000+","***",
"1400000US36119007600","Census Tract 76; Westchester County; New York","250,000+","***",
"1400000US36119007700","Census Tract 77; Westchester County; New York","188909","34051",
"1400000US36119007800","Census Tract 78; Westchester County; New York","60211","12865",
"1400000US36119007901","Census Tract 79.01; Westchester County; New York","99722","71049",
"1400000US36119007902","Census Tract 79.02; Westchester County; New York","96858","19625",
"1400000US36119008000","Census Tract 80; Westchester County; New York","70829","16157",
"1400000US36119008100","Census Tract 81; Westchester County; New York","87717","13177",
"1400000US36119008200","Census Tract 82; Westchester County; New York","121250","8045",
"1400000US36119008301","Census Tract 83.01; Westchester County; New York","129750","57207",
"1400000US36119008302","Census Tract 83.02; Westchester County; New York","250,000+","***",
"1400000US36119008401","Census Tract 84.01; Westchester County; New York","250,000+","***",
"1400000US36119008403","Census Tract 84.03; Westchester County; New York","136217","52158",
"1400000US36119008404","Census Tract 84.04; Westchester County; New York","142122","20180",
"1400000US36119008500","Census Tract 85; Westchester County; New York","250,000+","***",
"1400000US36119008602","Census Tract 86.02; Westchester County; New York","250,000+","***",
"1400000US36119008700","Census Tract 87; Westchester County; New York","130183","43324",
"1400000US36119008801","Census Tract 88.01; Westchester County; New York","108603","55763",
"1400000US36119008802","Census Tract 88.02; Westchester County; New York","95217","21594",
"1400000US36119008901","Census Tract 89.01; Westchester County; New York","98882","32779",
"1400000US36119008902","Census Tract 89.02; Westchester County; New York","78889","35482",
"1400000US36119009000","Census Tract 90; Westchester County; New York","99459","14860",
"1400000US36119009100","Census Tract 91; Westchester County; New York","93919","32675",
"1400000US36119009201","Census Tract 92.01; Westchester County; New York","138938","43853",
"1400000US36119009202","Census Tract 92.02; Westchester County; New York","71354","37193",
"1400000US36119009300","Census Tract 93; Westchester County; New York","65843","23387",
"1400000US36119009400","Census Tract 94; Westchester County; New York","83773","17891",
"1400000US36119009500","Census Tract 95; Westchester County; New York","115268","60018",
"1400000US36119009600","Census Tract 96; Westchester County; New York","182143","41631",
"1400000US36119009701","Census Tract 97.01; Westchester County; New York","207955","91382",
"1400000US36119009702","Census Tract 97.02; Westchester County; New York","123929","44079",
"1400000US36119009703","Census Tract 97.03; Westchester County; New York","235417","33700",
"1400000US36119009800","Census Tract 98; Westchester County; New York","250,000+","***",
"1400000US36119009900","Census Tract 99; Westchester County; New York","250,000+","***",
"1400000US36119010000","Census Tract 100; Westchester County; New York","250,000+","***",
"1400000US36119010100","Census Tract 101; Westchester County; New York","250,000+","***",
"1400000US36119010200","Census Tract 102; Westchester County; New York","242885","17548",
"1400000US36119010300","Census Tract 103; Westchester County; New York","138482","38440",
"1400000US36119010400","Census Tract 104; Westchester County; New York","135463","45604",
"1400000US36119010500","Census Tract 105; Westchester County; New York","172929","19133",
"1400000US36119010600","Census Tract 106; Westchester County; New York","243000","45858",
"1400000US36119010701","Census Tract 107.01; Westchester County; New York","250,000+","***",
"1400000US36119010702","Census Tract 107.02; Westchester County; New York","134842","26614",
"1400000US36119010801","Census Tract 108.01; Westchester County; New York","176890","31228",
"1400000US36119010803","Census Tract 108.03; Westchester County; New York","115380","22770",
"1400000US36119010804","Census Tract 108.04; Westchester County; New York","107852","37604",
"1400000US36119010901","Census Tract 109.01; Westchester County; New York","127686","11780",
"1400000US36119010902","Census Tract 109.02; Westchester County; New York","152386","47108",
"1400000US36119010903","Census Tract 109.03; Westchester County; New York","127780","34916",
"1400000US36119011000","Census Tract 110; Westchester County; New York","148229","16814",
"1400000US36119011101","Census Tract 111.01; Westchester County; New York","136726","47867",
"1400000US36119011102","Census Tract 111.02; Westchester County; New York","179302","37647",
"1400000US36119011200","Census Tract 112; Westchester County; New York","128558","38148",
"1400000US36119011300","Census Tract 113; Westchester County; New York","173248","20355",
"1400000US36119011401","Census Tract 114.01; Westchester County; New York","107201","57897",
"1400000US36119011402","Census Tract 114.02; Westchester County; New York","198878","20885",
"1400000US36119011500","Census Tract 115; Westchester County; New York","103258","23622",
"1400000US36119011601","Census Tract 116.01; Westchester County; New York","74757","45255",
"1400000US36119011602","Census Tract 116.02; Westchester County; New York","93260","23319",
"1400000US36119011700","Census Tract 117; Westchester County; New York","191193","77726",
"1400000US36119011800","Census Tract 118; Westchester County; New York","250,000+","***",
"1400000US36119011902","Census Tract 119.02; Westchester County; New York","150476","27538",
"1400000US36119012000","Census Tract 120; Westchester County; New York","140903","20507",
"1400000US36119012101","Census Tract 121.01; Westchester County; New York","227727","46148",
"1400000US36119012102","Census Tract 121.02; Westchester County; New York","174750","32861",
"1400000US36119012201","Census Tract 122.01; Westchester County; New York","212200","85960",
"1400000US36119012202","Census Tract 122.02; Westchester County; New York","97905","34049",
"1400000US36119012301","Census Tract 123.01; Westchester County; New York","85900","19121",
"1400000US36119012303","Census Tract 123.03; Westchester County; New York","227578","27258",
"1400000US36119012304","Census Tract 123.04; Westchester County; New York","250,000+","***",
"1400000US36119012400","Census Tract 124; Westchester County; New York","250,000+","***",
"1400000US36119012501","Census Tract 125.01; Westchester County; New York","250,000+","***",
"1400000US36119012502","Census Tract 125.02; Westchester County; New York","220388","52245",
"1400000US36119012503","Census Tract 125.03; Westchester County; New York","207589","39081",
"1400000US36119012600","Census Tract 126; Westchester County; New York","226600","39922",
"1400000US36119012700","Census Tract 127; Westchester County; New York","250,000+","***",
"1400000US36119012803","Census Tract 128.03; Westchester County; New York","190985","27658",
"1400000US36119012804","Census Tract 128.04; Westchester County; New York","106684","28675",
"1400000US36119012900","Census Tract 129; Westchester County; New York","79107","19851",
"1400000US36119013000","Census Tract 130; Westchester County; New York","123284","51837",
"1400000US36119013102","Census Tract 131.02; Westchester County; New York","250,000+","***",
"1400000US36119013103","Census Tract 131.03; Westchester County; New York","241250","22487",
"1400000US36119013104","Census Tract 131.04; Westchester County; New York","250,000+","***",
"1400000US36119013201","Census Tract 132.01; Westchester County; New York","250,000+","***",
"1400000US36119013202","Census Tract 132.02; Westchester County; New York","188512","27577",
"1400000US36119013301","Census Tract 133.01; Westchester County; New York","99750","49208",
"1400000US36119013304","Census Tract 133.04; Westchester County; New York","89832","28788",
"1400000US36119013401","Census Tract 134.01; Westchester County; New York","76987","13869",
"1400000US36119013402","Census Tract 134.02; Westchester County; New York","115673","43682",
"1400000US36119013500","Census Tract 135; Westchester County; New York","128546","25332",
"1400000US36119013600","Census Tract 136; Westchester County; New York","98750","30751",
"1400000US36119013700","Census Tract 137; Westchester County; New York","147847","20803",
"1400000US36119013800","Census Tract 138; Westchester County; New York","221821","28460",
"1400000US36119013900","Census Tract 139; Westchester County; New York","173269","55389",
"1400000US36119014000","Census Tract 140; Westchester County; New York","128218","22837",
"1400000US36119014100","Census Tract 141; Westchester County; New York","70573","15419",
"1400000US36119014200","Census Tract 142; Westchester County; New York","89760","13866",
"1400000US36119014300","Census Tract 143; Westchester County; New York","84221","25325",
"1400000US36119014400","Census Tract 144; Westchester County; New York","89253","15615",
"1400000US36119014500","Census Tract 145; Westchester County; New York","100975","10022",
"1400000US36119014604","Census Tract 146.04; Westchester County; New York","122171","32509",
"1400000US36119014605","Census Tract 146.05; Westchester County; New York","72500","28331",
"1400000US36119014606","Census Tract 146.06; Westchester County; New York","211016","58353",
"1400000US36119014607","Census Tract 146.07; Westchester County; New York","171538","14382",
"1400000US36119014701","Census Tract 147.01; Westchester County; New York","126570","21467",
"1400000US36119014703","Census Tract 147.03; Westchester County; New York","111771","31843",
"1400000US36119014704","Census Tract 147.04; Westchester County; New York","124167","32156",
"1400000US36119014805","Census Tract 148.05; Westchester County; New York","215417","26862",
"1400000US36119014806","Census Tract 148.06; Westchester County; New York","182986","50303",
"1400000US36119014808","Census Tract 148.08; Westchester County; New York","212841","44079",
"1400000US36119014809","Census Tract 148.09; Westchester County; New York","153864","68535",
"1400000US36119014810","Census Tract 148.10; Westchester County; New York","68810","10301",
"1400000US36119014811","Census Tract 148.11; Westchester County; New York","187375","16372",
"1400000US36119014812","Census Tract 148.12; Westchester County; New York","177466","48432",
"1400000US36119014813","Census Tract 148.13; Westchester County; New York","144250","53582",
"1400000US36119014901","Census Tract 149.01; Westchester County; New York","250,000+","***",
"1400000US36119014903","Census Tract 149.03; Westchester County; New York","128456","17370",
"1400000US36119014907","Census Tract 149.07; Westchester County; New York","195302","20158",
"1400000US36119014908","Census Tract 149.08; Westchester County; New York","170517","33779",
"1400000US36119014909","Census Tract 149.09; Westchester County; New York","113611","29457",
"1400000US36119015000","Census Tract 150; Westchester County; New York","178750","28908",
"1400000US36119015100","Census Tract 151; Westchester County; New York","149681","13732",
"1400000US36119981000","Census Tract 9810; Westchester County; New York","2,500-","***",
"1400000US36119982000","Census Tract 9820; Westchester County; New York","-","**",
"1400000US36119983000","Census Tract 9830; Westchester County; New York","-","**",
"1400000US36119984000","Census Tract 9840; Westchester County; New York","35781","17574",
"1400000US36119985000","Census Tract 9850; Westchester County; New York","-","**",
"1400000US36121970100","Census Tract 9701; Wyoming County; New York","73958","11347",
"1400000US36121970201","Census Tract 9702.01; Wyoming County; New York","-","**",
"1400000US36121970202","Census Tract 9702.02; Wyoming County; New York","76554","6575",
"1400000US36121970300","Census Tract 9703; Wyoming County; New York","89050","10190",
"1400000US36121970400","Census Tract 9704; Wyoming County; New York","72154","4238",
"1400000US36121970500","Census Tract 9705; Wyoming County; New York","56894","5077",
"1400000US36121970600","Census Tract 9706; Wyoming County; New York","62615","5046",
"1400000US36121970700","Census Tract 9707; Wyoming County; New York","65625","12670",
"1400000US36121970800","Census Tract 9708; Wyoming County; New York","67000","13664",
"1400000US36121970900","Census Tract 9709; Wyoming County; New York","95129","24007",
"1400000US36121971000","Census Tract 9710; Wyoming County; New York","62011","7821",
"1400000US36121971100","Census Tract 9711; Wyoming County; New York","69375","6200",
"1400000US36123150101","Census Tract 1501.01; Yates County; New York","55115","6509",
"1400000US36123150102","Census Tract 1501.02; Yates County; New York","84205","23156",
"1400000US36123150200","Census Tract 1502; Yates County; New York","67566","10582",
"1400000US36123150301","Census Tract 1503.01; Yates County; New York","68077","14911",
"1400000US36123150302","Census Tract 1503.02; Yates County; New York","61892","5877",
"1400000US36123150400","Census Tract 1504; Yates County; New York","87370","16136",
"1400000US36123150501","Census Tract 1505.01; Yates County; New York","65925","16460",
"1400000US36123150502","Census Tract 1505.02; Yates County; New York","76550","4125",
