{"type": "FeatureCollection", "features": [{"type": "Feature", "properties": {"route_id": "B1", "tier": "secondary", "high_need_count": 2}, "geometry": {"type": "LineString", "coordinates": [[-73.940025, 40.578329], [-73.940719, 40.578252], [-73.941669, 40.578142], [-73.942579, 40.578042], [-73.943016, 40.577996], [-73.943016, 40.577996], [-73.943529, 40.577942], [-73.943769, 40.577912], [-73.944479, 40.577842], [-73.944625, 40.577824], [-73.944625, 40.577824], [-73.944889, 40.577792], [-73.945369, 40.577742], [-73.946185, 40.577644], [-73.946185, 40.577644], [-73.946289, 40.577632], [-73.947269, 40.577522], [-73.948259, 40.577422], [-73.949189, 40.577312], [-73.949539, 40.577277], [-73.949539, 40.577277], [-73.950099, 40.577222], [-73.951009, 40.577122], [-73.951378, 40.577085], [-73.951378, 40.577085], [-73.951919, 40.577032], [-73.952711, 40.576938], [-73.952711, 40.576938], [-73.952759, 40.576932], [-73.952889, 40.576872], [-73.953559, 40.576752], [-73.953699, 40.577412], [-73.953739, 40.577442], [-73.953999, 40.577402], [-73.954396, 40.577341], [-73.954396, 40.577341], [-73.954519, 40.577322], [-73.954659, 40.577322], [-73.954799, 40.577352], [-73.955219, 40.577482], [-73.955789, 40.577662], [-73.956029, 40.577742], [-73.956429, 40.577863], [-73.956429, 40.577863], [-73.956659, 40.577932], [-73.956879, 40.577992], [-73.956919, 40.578002], [-73.957769, 40.578242], [-73.957979, 40.578262], [-73.958159, 40.578252], [-73.958173, 40.578252], [-73.958173, 40.578252], [-73.958259, 40.578252], [-73.958709, 40.578182], [-73.958959, 40.578122], [-73.959039, 40.578102], [-73.959629, 40.577962], [-73.959909, 40.578012], [-73.960222, 40.577912], [-73.960222, 40.577912], [-73.960569, 40.577802], [-73.961469, 40.577602], [-73.962389, 40.577402], [-73.962804, 40.577314], [-73.962804, 40.577314], [-73.963289, 40.577212], [-73.964189, 40.577022], [-73.964569, 40.576942], [-73.964569, 40.576942], [-73.965089, 40.576832], [-73.965539, 40.576732], [-73.965879, 40.576652], [-73.966328, 40.57656], [-73.966328, 40.57656], [-73.966419, 40.576542], [-73.967179, 40.576392], [-73.967379, 40.576352], [-73.967427, 40.576347]]}}, {"type": "Feature", "properties": {"route_id": "B11", "tier": "priority", "high_need_count": 4}, "geometry": {"type": "LineString", "coordinates": [[-73.946759, 40.631956], [-73.947689, 40.632822], [-73.948809, 40.633912], [-73.949429, 40.634502], [-73.949553, 40.634426], [-73.949553, 40.634426], [-73.950229, 40.634012], [-73.950419, 40.633902], [-73.950829, 40.633652], [-73.950999, 40.633622], [-73.951215, 40.633602], [-73.951215, 40.633602], [-73.951639, 40.633562], [-73.951999, 40.633522], [-73.952219, 40.633502], [-73.952969, 40.633412], [-73.952907, 40.633095], [-73.952907, 40.633095], [-73.952849, 40.632802], [-73.952719, 40.632122], [-73.952693, 40.631981], [-73.952693, 40.631981], [-73.952569, 40.631302], [-73.952349, 40.630162], [-73.952319, 40.630012], [-73.952049, 40.628622], [-73.951996, 40.628347], [-73.951996, 40.628347], [-73.951618, 40.626371], [-73.951618, 40.626371], [-73.951599, 40.626272], [-73.952569, 40.626152], [-73.953509, 40.626052], [-73.953889, 40.626011], [-73.953889, 40.626011], [-73.954429, 40.625952], [-73.955349, 40.625842], [-73.956379, 40.625722], [-73.956549, 40.625703], [-73.956549, 40.625703], [-73.957589, 40.625592], [-73.958539, 40.625492], [-73.958921, 40.625452], [-73.958921, 40.625452], [-73.959499, 40.625392], [-73.960459, 40.625292], [-73.960669, 40.625262], [-73.960849, 40.625242], [-73.961089, 40.625212], [-73.961275, 40.625193], [-73.961275, 40.625193], [-73.961389, 40.625182], [-73.962159, 40.625082], [-73.962319, 40.625062], [-73.962369, 40.625052], [-73.962789, 40.625012], [-73.963239, 40.624962], [-73.964169, 40.624862], [-73.964982, 40.624787], [-73.964982, 40.624787], [-73.965149, 40.624772], [-73.965169, 40.624852], [-73.965279, 40.625462], [-73.965449, 40.626342], [-73.965529, 40.626732], [-73.965609, 40.627132], [-73.966103, 40.627078], [-73.966103, 40.627078], [-73.966619, 40.627022], [-73.967539, 40.626922], [-73.967955, 40.626877], [-73.967955, 40.626877], [-73.968479, 40.626822], [-73.969549, 40.626702], [-73.969957, 40.626657], [-73.969957, 40.626657], [-73.970639, 40.626582], [-73.970919, 40.626552], [-73.971199, 40.626522], [-73.971269, 40.626512], [-73.971612, 40.626475], [-73.971612, 40.626475], [-73.972299, 40.626402], [-73.973219, 40.626302], [-73.974149, 40.626192], [-73.974565, 40.626147], [-73.974565, 40.626147], [-73.975079, 40.626092], [-73.976059, 40.625988], [-73.976059, 40.625988], [-73.976209, 40.625972], [-73.976249, 40.625972], [-73.976449, 40.626992], [-73.976499, 40.627262], [-73.976519, 40.627382], [-73.976549, 40.627582], [-73.976709, 40.628362], [-73.977111, 40.628166], [-73.977111, 40.628166], [-73.977489, 40.627982], [-73.977769, 40.628162], [-73.978199, 40.628432], [-73.978989, 40.628902], [-73.979859, 40.629432], [-73.980085, 40.62921], [-73.980085, 40.62921], [-73.980429, 40.628872], [-73.980989, 40.628292], [-73.981099, 40.628362], [-73.98133, 40.628502], [-73.98133, 40.628502], [-73.982599, 40.629272], [-73.983039, 40.629552], [-73.983368, 40.629747], [-73.983368, 40.629747], [-73.985509, 40.631012], [-73.985804, 40.63119], [-73.985804, 40.63119], [-73.987729, 40.632352], [-73.988032, 40.632535], [-73.988032, 40.632535], [-73.989919, 40.633672], [-73.99026, 40.633881], [-73.99026, 40.633881], [-73.992119, 40.635022], [-73.992511, 40.635253], [-73.992511, 40.635253], [-73.994339, 40.636332], [-73.99466, 40.636538], [-73.99466, 40.636538], [-73.994729, 40.636582], [-73.996509, 40.637662], [-73.996824, 40.637849], [-73.996824, 40.637849], [-73.997669, 40.638352], [-73.998596, 40.638908], [-73.998596, 40.638908], [-73.998719, 40.638982], [-74.000919, 40.640322], [-74.001299, 40.640552], [-74.001299, 40.640552], [-74.002389, 40.641212], [-74.003129, 40.641652], [-74.003478, 40.641863], [-74.003478, 40.641863], [-74.004829, 40.642682], [-74.005339, 40.642982], [-74.005663, 40.643181], [-74.005663, 40.643181], [-74.007529, 40.644332], [-74.007785, 40.644484], [-74.007785, 40.644484], [-74.009749, 40.645652], [-74.010087, 40.645858], [-74.010087, 40.645858], [-74.011856, 40.646932], [-74.011856, 40.646932], [-74.011939, 40.646982], [-74.012039, 40.647042], [-74.012629, 40.646492], [-74.013219, 40.645922], [-74.013799, 40.645372], [-74.014389, 40.644812], [-74.014677, 40.644543], [-74.014677, 40.644543], [-74.014979, 40.644262], [-74.015549, 40.643702], [-74.015925, 40.643929], [-74.015925, 40.643929], [-74.016839, 40.644482], [-74.017329, 40.644772], [-74.017399, 40.644812], [-74.017469, 40.644862], [-74.017499, 40.644882], [-74.017539, 40.644902], [-74.017599, 40.644932], [-74.017649, 40.644962], [-74.017989, 40.645159], [-74.017989, 40.645159], [-74.018149, 40.645252], [-74.019708, 40.646167], [-74.019708, 40.646167], [-74.019869, 40.646262], [-74.019249, 40.646842], [-74.018679, 40.647392], [-74.018942, 40.647552], [-74.018942, 40.647552], [-74.020784, 40.64867], [-74.020784, 40.64867], [-74.020869, 40.648722], [-74.021449, 40.648152], [-74.022029, 40.647602], [-74.022574, 40.647084], [-74.022574, 40.647084], [-74.022629, 40.647032], [-74.022879, 40.646782], [-74.023179, 40.646482], [-74.023429, 40.646252], [-74.023819, 40.645892], [-74.023129, 40.645488]]}}, {"type": "Feature", "properties": {"route_id": "B12", "tier": "secondary", "high_need_count": 2}, "geometry": {"type": "LineString", "coordinates": [[-73.89998, 40.676715], [-73.900009, 40.676832], [-73.900159, 40.676932], [-73.900239, 40.676892], [-73.900349, 40.676842], [-73.900679, 40.676702], [-73.900819, 40.676652], [-73.900939, 40.676562], [-73.901119, 40.676482], [-73.901499, 40.676312], [-73.902409, 40.675922], [-73.902509, 40.675882], [-73.902759, 40.675792], [-73.902889, 40.675742], [-73.902929, 40.675732], [-73.903019, 40.675702], [-73.903789, 40.675442], [-73.903959, 40.675382], [-73.904209, 40.675302], [-73.904419, 40.675172], [-73.906033, 40.675253], [-73.906033, 40.675253], [-73.906219, 40.675262], [-73.907399, 40.675332], [-73.908169, 40.675382], [-73.908299, 40.675392], [-73.908409, 40.675302], [-73.908509, 40.675222], [-73.909219, 40.674662], [-73.910199, 40.673922], [-73.910679, 40.673532], [-73.911009, 40.673282], [-73.911219, 40.673142], [-73.911219, 40.673042], [-73.911289, 40.672282], [-73.911292, 40.672256], [-73.911292, 40.672256], [-73.911309, 40.672092], [-73.911319, 40.672002], [-73.911319, 40.671922], [-73.911299, 40.671822], [-73.911199, 40.671472], [-73.911059, 40.670932], [-73.910729, 40.669682], [-73.911192, 40.669618], [-73.911192, 40.669618], [-73.912983, 40.669352], [-73.912983, 40.669352], [-73.913559, 40.669262], [-73.914509, 40.669122], [-73.914903, 40.66906], [-73.914903, 40.66906], [-73.915409, 40.668982], [-73.916339, 40.668852], [-73.916748, 40.668793], [-73.916748, 40.668793], [-73.917309, 40.668712], [-73.918269, 40.668572], [-73.919199, 40.668422], [-73.919649, 40.668352], [-73.919789, 40.668332], [-73.919919, 40.668332], [-73.920019, 40.668352], [-73.920139, 40.668272], [-73.920669, 40.668012], [-73.921029, 40.667842], [-73.921879, 40.667472], [-73.922189, 40.667332], [-73.922749, 40.667082], [-73.922829, 40.667052], [-73.923079, 40.666945], [-73.923079, 40.666945], [-73.924655, 40.666259], [-73.924655, 40.666259], [-73.926546, 40.665422], [-73.926546, 40.665422], [-73.927485, 40.665021], [-73.927485, 40.665021], [-73.929734, 40.664036], [-73.929734, 40.664036], [-73.929879, 40.663972], [-73.930679, 40.663592], [-73.931059, 40.663572], [-73.931609, 40.663552], [-73.932152, 40.663521], [-73.932152, 40.663521], [-73.932319, 40.663512], [-73.932519, 40.663542], [-73.932959, 40.663582], [-73.934409, 40.663612], [-73.934539, 40.663352], [-73.934501, 40.663003], [-73.934501, 40.663003], [-73.934499, 40.662982], [-73.934459, 40.662552], [-73.937339, 40.662382], [-73.937764, 40.662354], [-73.937764, 40.662354], [-73.939969, 40.662212], [-73.939918, 40.661795], [-73.939918, 40.661795], [-73.939777, 40.660494], [-73.939777, 40.660494], [-73.93967, 40.659458], [-73.93967, 40.659458], [-73.939659, 40.659342], [-73.939569, 40.658512], [-73.939539, 40.658192], [-73.939619, 40.657742], [-73.939679, 40.657352], [-73.939679, 40.657202], [-73.939663, 40.657072], [-73.939663, 40.657072], [-73.939609, 40.656612], [-73.939549, 40.656042], [-73.940041, 40.656006], [-73.940041, 40.656006], [-73.941869, 40.655893], [-73.941869, 40.655893], [-73.942119, 40.655882], [-73.942379, 40.655862], [-73.943349, 40.655792], [-73.944436, 40.655738], [-73.944436, 40.655738], [-73.944569, 40.655732], [-73.944969, 40.655702], [-73.945709, 40.655662], [-73.94701, 40.655592], [-73.94701, 40.655592], [-73.950921, 40.655362], [-73.950921, 40.655362], [-73.952799, 40.655251], [-73.952799, 40.655251], [-73.952959, 40.655242], [-73.956289, 40.655042], [-73.956851, 40.655009], [-73.956851, 40.655009], [-73.959565, 40.65485], [-73.959565, 40.65485], [-73.959699, 40.654842], [-73.960739, 40.654462], [-73.961577, 40.654113], [-73.961577, 40.654113], [-73.961749, 40.654042], [-73.961779, 40.654222], [-73.961799, 40.654372], [-73.961879, 40.654862], [-73.961791, 40.654899]]}}, {"type": "Feature", "properties": {"route_id": "B16", "tier": "priority", "high_need_count": 3}, "geometry": {"type": "LineString", "coordinates": [[-73.961444, 40.660785], [-73.962049, 40.660672], [-73.962779, 40.660532], [-73.962721, 40.660162], [-73.962721, 40.660162], [-73.962639, 40.659632], [-73.962579, 40.659252], [-73.962302, 40.657497], [-73.962302, 40.657497], [-73.962289, 40.657412], [-73.962259, 40.657232], [-73.962009, 40.655682], [-73.961949, 40.655322], [-73.961879, 40.654862], [-73.961822, 40.654514], [-73.961822, 40.654514], [-73.961799, 40.654372], [-73.961779, 40.654222], [-73.961749, 40.654042], [-73.961589, 40.653152], [-73.961489, 40.652652], [-73.961426, 40.652303], [-73.961426, 40.652303], [-73.961399, 40.652152], [-73.961589, 40.652082], [-73.961989, 40.651932], [-73.962609, 40.651692], [-73.963029, 40.651522], [-73.963368, 40.651383], [-73.963368, 40.651383], [-73.963469, 40.651342], [-73.963719, 40.651252], [-73.964359, 40.650972], [-73.964659, 40.650852], [-73.965055, 40.65071], [-73.965055, 40.65071], [-73.965299, 40.650622], [-73.965759, 40.650442], [-73.966159, 40.650282], [-73.966699, 40.650062], [-73.967059, 40.649922], [-73.967919, 40.649592], [-73.968222, 40.64948], [-73.968222, 40.64948], [-73.968819, 40.649262], [-73.969609, 40.648932], [-73.969719, 40.648882], [-73.969869, 40.648822], [-73.970099, 40.648732], [-73.970699, 40.648492], [-73.971149, 40.648322], [-73.971209, 40.648302], [-73.971209, 40.648302], [-73.971389, 40.648242], [-73.971569, 40.648182], [-73.971879, 40.648072], [-73.972289, 40.647932], [-73.972729, 40.647762], [-73.972929, 40.647682], [-73.973109, 40.647602], [-73.973199, 40.647572], [-73.973319, 40.647562], [-73.973489, 40.647582], [-73.973669, 40.647602], [-73.974069, 40.647662], [-73.974563, 40.647738], [-73.974563, 40.647738], [-73.974589, 40.647742], [-73.974669, 40.647752], [-73.974889, 40.647782], [-73.975029, 40.647792], [-73.975159, 40.647802], [-73.975299, 40.647812], [-73.975449, 40.647812], [-73.975649, 40.647802], [-73.976269, 40.647722], [-73.976329, 40.647712], [-73.976718, 40.647674], [-73.976718, 40.647674], [-73.977249, 40.647622], [-73.978099, 40.647522], [-73.978189, 40.647512], [-73.978535, 40.647475], [-73.978535, 40.647475], [-73.979039, 40.647422], [-73.979099, 40.647412], [-73.979719, 40.647332], [-73.980069, 40.647282], [-73.980106, 40.647277], [-73.980106, 40.647277], [-73.980289, 40.647252], [-73.981329, 40.647142], [-73.981269, 40.646842], [-73.981199, 40.646462], [-73.981119, 40.646092], [-73.981074, 40.645861], [-73.981074, 40.645861], [-73.981049, 40.645732], [-73.981929, 40.645392], [-73.984409, 40.644442], [-73.98471, 40.644323], [-73.98471, 40.644323], [-73.986709, 40.643532], [-73.986789, 40.643582], [-73.987319, 40.643052], [-73.987025, 40.642873], [-73.987025, 40.642873], [-73.985279, 40.641807], [-73.985279, 40.641807], [-73.985139, 40.641722], [-73.985709, 40.641162], [-73.986289, 40.640632], [-73.98656, 40.64036], [-73.98656, 40.64036], [-73.986859, 40.640062], [-73.987459, 40.639492], [-73.987701, 40.639267], [-73.987701, 40.639267], [-73.988039, 40.638952], [-73.988619, 40.638382], [-73.988856, 40.638153], [-73.988856, 40.638153], [-73.989199, 40.637822], [-73.989779, 40.637252], [-73.990014, 40.637025], [-73.990014, 40.637025], [-73.990359, 40.636692], [-73.990949, 40.636142], [-73.991197, 40.635906], [-73.991197, 40.635906], [-73.991529, 40.635592], [-73.992119, 40.635022], [-73.992332, 40.634823], [-73.992332, 40.634823], [-73.992719, 40.634462], [-73.992931, 40.634257], [-73.992931, 40.634257], [-73.993299, 40.633902], [-73.993869, 40.633332], [-73.994113, 40.633104], [-73.994113, 40.633104], [-73.994469, 40.632772], [-73.994936, 40.632304], [-73.994936, 40.632304], [-73.995029, 40.632212], [-73.995379, 40.631872], [-73.995569, 40.631652], [-73.996179, 40.631082], [-73.996415, 40.630849], [-73.996415, 40.630849], [-73.996749, 40.630522], [-73.998989, 40.631862], [-73.999292, 40.632043], [-73.999292, 40.632043], [-74.001179, 40.633172], [-74.00157, 40.633408], [-74.00157, 40.633408], [-74.003276, 40.634438], [-74.003276, 40.634438], [-74.003399, 40.634512], [-74.004109, 40.634032], [-74.004408, 40.633838], [-74.004408, 40.633838], [-74.004849, 40.633552], [-74.005559, 40.633062], [-74.005879, 40.632856], [-74.005879, 40.632856], [-74.006319, 40.632572], [-74.006739, 40.632312], [-74.006899, 40.632202], [-74.006919, 40.632189], [-74.006919, 40.632189], [-74.007059, 40.632102], [-74.007359, 40.631902], [-74.007789, 40.631612], [-74.008289, 40.631262], [-74.008469, 40.631142], [-74.008577, 40.63107], [-74.008577, 40.63107], [-74.008879, 40.630872], [-74.009219, 40.630642], [-74.009559, 40.630412], [-74.009999, 40.630122], [-74.010139, 40.630029], [-74.010139, 40.630029], [-74.010379, 40.629872], [-74.010719, 40.629642], [-74.011429, 40.629162], [-74.012149, 40.628672], [-74.012209, 40.628632], [-74.012209, 40.628632], [-74.012859, 40.628202], [-74.013599, 40.627722], [-74.014309, 40.627232], [-74.015029, 40.626762], [-74.015342, 40.626553], [-74.015342, 40.626553], [-74.015719, 40.626302], [-74.016375, 40.625856], [-74.016375, 40.625856], [-74.016499, 40.625772], [-74.017259, 40.625262], [-74.017599, 40.625022], [-74.017959, 40.624782], [-74.018189, 40.624612], [-74.018446, 40.624461], [-74.018446, 40.624461], [-74.018479, 40.624442], [-74.018649, 40.624372], [-74.018819, 40.624332], [-74.018979, 40.624302], [-74.019189, 40.624272], [-74.019379, 40.624272], [-74.019499, 40.624272], [-74.019599, 40.624272], [-74.019759, 40.624272], [-74.020039, 40.624282], [-74.020303, 40.623978], [-74.020303, 40.623978], [-74.020379, 40.623892], [-74.020599, 40.623632], [-74.021119, 40.623042], [-74.02133, 40.622779], [-74.02133, 40.622779], [-74.021619, 40.622422], [-74.021769, 40.622282], [-74.022159, 40.621982], [-74.022299, 40.621892], [-74.022409, 40.621812], [-74.022571, 40.621706], [-74.022571, 40.621706], [-74.022639, 40.621662], [-74.022749, 40.621592], [-74.022979, 40.621442], [-74.023709, 40.620942], [-74.023889, 40.620812], [-74.024439, 40.620422], [-74.024848, 40.62066], [-74.024848, 40.62066], [-74.025369, 40.620962], [-74.026219, 40.621482], [-74.026397, 40.621589], [-74.026397, 40.621589], [-74.027829, 40.622452], [-74.028359, 40.622772], [-74.028799, 40.622932], [-74.028809, 40.622935], [-74.028809, 40.622935], [-74.029139, 40.623022], [-74.029989, 40.623212], [-74.030549, 40.623342], [-74.030902, 40.623418], [-74.030902, 40.623418], [-74.031059, 40.623452], [-74.031659, 40.623592], [-74.033759, 40.624102], [-74.034169, 40.624198], [-74.034169, 40.624198], [-74.034269, 40.624222], [-74.036419, 40.624732], [-74.036871, 40.62484], [-74.036871, 40.62484], [-74.039119, 40.625382], [-74.040399, 40.625682], [-74.040586, 40.625723], [-74.040586, 40.625723], [-74.040719, 40.625752], [-74.040639, 40.625262], [-74.040659, 40.624892], [-74.040739, 40.624452], [-74.040764, 40.624286], [-74.040764, 40.624286], [-74.040779, 40.624192], [-74.040809, 40.623992], [-74.040829, 40.623752], [-74.040809, 40.623482], [-74.040719, 40.623272], [-74.040689, 40.623212], [-74.040439, 40.622842], [-74.040367, 40.622735], [-74.040367, 40.622735], [-74.040339, 40.622692], [-74.040289, 40.622572], [-74.040259, 40.622492], [-74.040229, 40.622392], [-74.040179, 40.622232], [-74.040169, 40.622182], [-74.040159, 40.622042], [-74.040179, 40.621582], [-74.040279, 40.621312], [-74.040299, 40.621272], [-74.040327, 40.621207], [-74.040327, 40.621207], [-74.040419, 40.621002], [-74.040429, 40.620952], [-74.040459, 40.620792], [-74.040469, 40.620712], [-74.040499, 40.620532], [-74.040489, 40.620262], [-74.040409, 40.619962], [-74.040289, 40.619692], [-74.040169, 40.619492], [-74.040129, 40.619432], [-74.040039, 40.619282], [-74.039969, 40.619152], [-74.039939, 40.619092], [-74.039822, 40.618903], [-74.039822, 40.618903], [-74.039579, 40.618512], [-74.039169, 40.617862], [-74.038749, 40.617172], [-74.038618, 40.616961], [-74.038618, 40.616961], [-74.038329, 40.616492], [-74.037959, 40.615852], [-74.037799, 40.615542], [-74.037759, 40.615452], [-74.037669, 40.615252], [-74.037639, 40.615182], [-74.037573, 40.615002], [-74.037573, 40.615002], [-74.037369, 40.614442], [-74.037069, 40.613812], [-74.036942, 40.613605], [-74.036942, 40.613605], [-74.036909, 40.613552], [-74.036689, 40.613212], [-74.036409, 40.612872], [-74.036089, 40.612542], [-74.035969, 40.612712], [-74.035969, 40.612712], [-74.035969, 40.612712], [-74.035719, 40.613092], [-74.035359, 40.613652], [-74.034949, 40.614272], [-74.034829, 40.614472], [-74.034624, 40.614836], [-74.034624, 40.614836], [-74.034559, 40.614952], [-74.032819, 40.614073], [-74.032819, 40.614073], [-74.032639, 40.613982], [-74.03307, 40.613484], [-74.03307, 40.613484], [-74.033159, 40.613382], [-74.033659, 40.612822], [-74.033857, 40.612571], [-74.033857, 40.612571], [-74.034109, 40.612252], [-74.034339, 40.612002], [-74.034549, 40.611762], [-74.034809, 40.611472], [-74.034889, 40.611382], [-74.034939, 40.611432], [-74.035166, 40.611665]]}}, {"type": "Feature", "properties": {"route_id": "B35", "tier": "priority", "high_need_count": 4}, "geometry": {"type": "LineString", "coordinates": [[-73.923415, 40.652515], [-73.923679, 40.652542], [-73.924649, 40.652502], [-73.925491, 40.652441], [-73.925491, 40.652441], [-73.925609, 40.652432], [-73.926549, 40.652382], [-73.927509, 40.652312], [-73.928489, 40.652172], [-73.928824, 40.652083], [-73.928824, 40.652083], [-73.929389, 40.651932], [-73.930159, 40.651732], [-73.930409, 40.651712], [-73.930552, 40.651706], [-73.930552, 40.651706], [-73.931389, 40.651672], [-73.932319, 40.651632], [-73.932461, 40.651624], [-73.932461, 40.651624], [-73.932499, 40.651622], [-73.933099, 40.651602], [-73.933299, 40.651592], [-73.933879, 40.651562], [-73.934269, 40.651542], [-73.935039, 40.651502], [-73.935209, 40.651492], [-73.935829, 40.651462], [-73.936169, 40.651452], [-73.936594, 40.65143], [-73.936594, 40.65143], [-73.937139, 40.651402], [-73.938069, 40.651352], [-73.938442, 40.651332], [-73.938442, 40.651332], [-73.939039, 40.651302], [-73.939229, 40.651292], [-73.940019, 40.651252], [-73.940949, 40.651202], [-73.941334, 40.651177], [-73.941334, 40.651177], [-73.941879, 40.651142], [-73.942819, 40.651082], [-73.943299, 40.651052], [-73.943799, 40.651092], [-73.94423, 40.651069], [-73.94423, 40.651069], [-73.944769, 40.651042], [-73.945699, 40.650972], [-73.946669, 40.650922], [-73.947106, 40.6509], [-73.947106, 40.6509], [-73.947659, 40.650872], [-73.948599, 40.650832], [-73.949579, 40.650802], [-73.950003, 40.650783], [-73.950003, 40.650783], [-73.951349, 40.650722], [-73.952449, 40.650662], [-73.952868, 40.650645], [-73.952868, 40.650645], [-73.952949, 40.650642], [-73.954789, 40.650572], [-73.955819, 40.650522], [-73.956263, 40.650503], [-73.956263, 40.650503], [-73.958499, 40.650412], [-73.958699, 40.650372], [-73.958909, 40.650332], [-73.959393, 40.650272], [-73.959393, 40.650272], [-73.959969, 40.650202], [-73.961009, 40.650072], [-73.961159, 40.650062], [-73.961425, 40.649992], [-73.961425, 40.649992], [-73.962189, 40.649792], [-73.963069, 40.649432], [-73.963319, 40.649332], [-73.963448, 40.649279], [-73.963448, 40.649279], [-73.963989, 40.649062], [-73.964909, 40.648712], [-73.965779, 40.648372], [-73.966439, 40.648112], [-73.966669, 40.648022], [-73.967021, 40.647878], [-73.967021, 40.647878], [-73.967549, 40.647662], [-73.968429, 40.647322], [-73.96874, 40.647203], [-73.96874, 40.647203], [-73.969319, 40.646982], [-73.970309, 40.646572], [-73.970655, 40.646431], [-73.970655, 40.646431], [-73.970849, 40.646352], [-73.971729, 40.645982], [-73.972079, 40.645842], [-73.972539, 40.645652], [-73.973099, 40.645432], [-73.973443, 40.645293], [-73.973443, 40.645293], [-73.973619, 40.645222], [-73.974129, 40.645022], [-73.974379, 40.644922], [-73.974629, 40.644832], [-73.974749, 40.644782], [-73.975139, 40.644622], [-73.975689, 40.644392], [-73.975934, 40.644288], [-73.975934, 40.644288], [-73.976139, 40.644202], [-73.976579, 40.644012], [-73.977449, 40.643632], [-73.977788, 40.643491], [-73.977788, 40.643491], [-73.978339, 40.643262], [-73.978939, 40.642992], [-73.979159, 40.642902], [-73.979449, 40.642782], [-73.979699, 40.642682], [-73.979832, 40.642626]]}}, {"type": "Feature", "properties": {"route_id": "B36", "tier": "secondary", "high_need_count": 1}, "geometry": {"type": "LineString", "coordinates": [[-74.002241, 40.573245], [-74.002579, 40.573302], [-74.002809, 40.574612], [-74.002874, 40.57496], [-74.002874, 40.57496], [-74.003149, 40.576432], [-74.003239, 40.576882], [-74.003293, 40.577183], [-74.003293, 40.577183], [-74.003599, 40.578872], [-74.003667, 40.579228], [-74.003667, 40.579228], [-74.003869, 40.580282], [-74.003942, 40.580714], [-74.003942, 40.580714], [-74.003959, 40.580812], [-74.003189, 40.580892], [-74.002929, 40.580922], [-74.002504, 40.580965], [-74.002504, 40.580965], [-74.001239, 40.581092], [-74.000709, 40.581042], [-74.000699, 40.580742], [-74.00069, 40.580693], [-74.00069, 40.580693], [-74.000403, 40.579182], [-74.000403, 40.579182], [-74.000068, 40.577417], [-74.000068, 40.577417], [-74.000039, 40.577262], [-73.999699, 40.575412], [-73.999642, 40.5751], [-73.999642, 40.5751], [-73.999619, 40.574972], [-73.999226, 40.573], [-73.999226, 40.573], [-73.999189, 40.572812], [-73.998109, 40.572742], [-73.997601, 40.572737], [-73.997601, 40.572737], [-73.997019, 40.572732], [-73.996619, 40.572742], [-73.995949, 40.572772], [-73.995369, 40.572812], [-73.995111, 40.57284], [-73.995111, 40.57284], [-73.994909, 40.572862], [-73.993819, 40.573002], [-73.993356, 40.573083], [-73.993356, 40.573083], [-73.992789, 40.573182], [-73.992689, 40.573202], [-73.991759, 40.573412], [-73.991311, 40.573532], [-73.991311, 40.573532], [-73.990719, 40.573692], [-73.989814, 40.573958], [-73.989814, 40.573958], [-73.989699, 40.573992], [-73.988709, 40.574272], [-73.987649, 40.574582], [-73.987261, 40.574692], [-73.987261, 40.574692], [-73.986599, 40.574882], [-73.985839, 40.575072], [-73.985539, 40.575142], [-73.985209, 40.575192], [-73.985128, 40.575201], [-73.985128, 40.575201], [-73.984529, 40.575272], [-73.983429, 40.575402], [-73.982988, 40.575451], [-73.982988, 40.575451], [-73.982799, 40.575472], [-73.982409, 40.575502], [-73.982259, 40.575512], [-73.981719, 40.575542], [-73.981249, 40.575552], [-73.981069, 40.575562], [-73.980963, 40.575562], [-73.980963, 40.575562], [-73.979899, 40.575562], [-73.979649, 40.575552], [-73.978769, 40.575512], [-73.977859, 40.575452], [-73.977425, 40.575404], [-73.977425, 40.575404], [-73.976859, 40.575342], [-73.976769, 40.575332], [-73.976689, 40.575322], [-73.976589, 40.575312], [-73.976549, 40.575302], [-73.976439, 40.575292], [-73.976219, 40.575262], [-73.975659, 40.575182], [-73.974929, 40.575072], [-73.974583, 40.575011], [-73.974583, 40.575011], [-73.974129, 40.574932], [-73.973449, 40.574802], [-73.973269, 40.575122], [-73.973119, 40.575582], [-73.973008, 40.575928], [-73.973008, 40.575928], [-73.972969, 40.576052], [-73.972929, 40.576212], [-73.972849, 40.576502], [-73.972799, 40.576702], [-73.972709, 40.576972], [-73.97267, 40.577111], [-73.97267, 40.577111], [-73.972639, 40.577222], [-73.971911, 40.579552], [-73.971911, 40.579552], [-73.971849, 40.579752], [-73.971279, 40.579712], [-73.970819, 40.579712], [-73.970379, 40.579732], [-73.970019, 40.579792], [-73.969479, 40.579932], [-73.968929, 40.580052], [-73.968179, 40.580202], [-73.968121, 40.580221], [-73.968121, 40.580221], [-73.967879, 40.580302], [-73.967619, 40.580352], [-73.967469, 40.580892], [-73.967326, 40.581425], [-73.967326, 40.581425], [-73.967309, 40.581492], [-73.967299, 40.581542], [-73.967079, 40.582522], [-73.966889, 40.583352], [-73.966779, 40.583922], [-73.966759, 40.584022], [-73.966619, 40.584542], [-73.966449, 40.585312], [-73.966412, 40.585494], [-73.966412, 40.585494], [-73.966349, 40.585802], [-73.966299, 40.586042], [-73.966159, 40.586642], [-73.965849, 40.586682], [-73.965485, 40.58672], [-73.965485, 40.58672], [-73.963869, 40.586892], [-73.962979, 40.586992], [-73.962489, 40.587052], [-73.96217, 40.587088], [-73.96217, 40.587088], [-73.962049, 40.587102], [-73.961989, 40.587112], [-73.961869, 40.587122], [-73.960558, 40.587268], [-73.960558, 40.587268], [-73.960439, 40.587282], [-73.960349, 40.587292], [-73.959889, 40.587342], [-73.959359, 40.587392], [-73.958328, 40.587507], [-73.958328, 40.587507], [-73.958199, 40.587522], [-73.957119, 40.587642], [-73.956189, 40.587742], [-73.955815, 40.587783], [-73.955815, 40.587783], [-73.955639, 40.587802], [-73.955269, 40.587842], [-73.954359, 40.587942], [-73.954059, 40.587982], [-73.953779, 40.588012], [-73.953692, 40.588022], [-73.953692, 40.588022], [-73.953439, 40.588052], [-73.952459, 40.588162], [-73.951489, 40.588282], [-73.951389, 40.588292], [-73.950649, 40.588362], [-73.950539, 40.588372], [-73.950147, 40.588419], [-73.950147, 40.588419], [-73.949709, 40.588472], [-73.949379, 40.588512], [-73.948897, 40.588553], [-73.948897, 40.588553], [-73.948319, 40.588602], [-73.947389, 40.588712], [-73.947069, 40.588746], [-73.947069, 40.588746], [-73.946449, 40.588812], [-73.946009, 40.588862], [-73.945529, 40.588912], [-73.944749, 40.589012], [-73.944569, 40.589032], [-73.944171, 40.589075], [-73.944171, 40.589075], [-73.943829, 40.589112], [-73.943619, 40.589132], [-73.943479, 40.589142], [-73.942849, 40.589212], [-73.942679, 40.589232], [-73.941939, 40.589312], [-73.941759, 40.589332], [-73.941411, 40.589369], [-73.941411, 40.589369], [-73.940819, 40.589432], [-73.940709, 40.589442], [-73.939959, 40.589522], [-73.939789, 40.589542], [-73.939799, 40.589602], [-73.939819, 40.589732], [-73.939854, 40.589913], [-73.939854, 40.589913], [-73.940039, 40.590872], [-73.940179, 40.591672], [-73.94024, 40.592009], [-73.94024, 40.592009], [-73.940409, 40.592932], [-73.940519, 40.593402], [-73.940599, 40.593792], [-73.940639, 40.594002], [-73.940709, 40.594372], [-73.940789, 40.594777], [-73.940789, 40.594777], [-73.940986, 40.595776], [-73.940986, 40.595776], [-73.941009, 40.595892], [-73.941069, 40.596232], [-73.941369, 40.597772], [-73.941409, 40.597992], [-73.941448, 40.598155], [-73.941448, 40.598155], [-73.941479, 40.598282], [-73.9417, 40.599449], [-73.9417, 40.599449], [-73.941839, 40.600182], [-73.942607, 40.599838]]}}, {"type": "Feature", "properties": {"route_id": "B4", "tier": "secondary", "high_need_count": 2}, "geometry": {"type": "LineString", "coordinates": [[-73.954561, 40.583028], [-73.954989, 40.582932], [-73.955439, 40.582822], [-73.955529, 40.582802], [-73.956059, 40.582712], [-73.956299, 40.582672], [-73.956449, 40.582642], [-73.956509, 40.582632], [-73.956819, 40.582582], [-73.957189, 40.582522], [-73.957359, 40.582492], [-73.957589, 40.582443], [-73.957589, 40.582443], [-73.958959, 40.582152], [-73.959349, 40.582062], [-73.959939, 40.581932], [-73.960404, 40.581835], [-73.960404, 40.581835], [-73.960419, 40.581832], [-73.960919, 40.581732], [-73.961019, 40.581712], [-73.961929, 40.581522], [-73.962029, 40.581502], [-73.962729, 40.581342], [-73.962839, 40.581312], [-73.963228, 40.581231], [-73.963228, 40.581231], [-73.963759, 40.581122], [-73.964509, 40.580962], [-73.964599, 40.580942], [-73.964929, 40.580877], [-73.964929, 40.580877], [-73.965569, 40.580752], [-73.965929, 40.580672], [-73.966229, 40.580622], [-73.967127, 40.580437], [-73.967127, 40.580437], [-73.967299, 40.580402], [-73.967619, 40.580352], [-73.967469, 40.580892], [-73.967326, 40.581425], [-73.967326, 40.581425], [-73.967309, 40.581492], [-73.967299, 40.581542], [-73.967079, 40.582522], [-73.966889, 40.583352], [-73.966779, 40.583922], [-73.966759, 40.584022], [-73.966619, 40.584542], [-73.966449, 40.585312], [-73.966412, 40.585494], [-73.966412, 40.585494], [-73.966349, 40.585802], [-73.966299, 40.586042], [-73.966159, 40.586642], [-73.966439, 40.586612], [-73.966807, 40.586573], [-73.966807, 40.586573], [-73.967579, 40.586492], [-73.968509, 40.586382], [-73.969308, 40.586295], [-73.969308, 40.586295], [-73.969429, 40.586282], [-73.970349, 40.586182], [-73.971142, 40.586097], [-73.971142, 40.586097], [-73.971289, 40.586082], [-73.972199, 40.585982], [-73.974189, 40.585768], [-73.974189, 40.585768], [-73.974339, 40.585752], [-73.974299, 40.586482], [-73.974259, 40.587182], [-73.974199, 40.587932], [-73.974169, 40.588692], [-73.974153, 40.58895], [-73.974153, 40.58895], [-73.974109, 40.589672], [-73.974089, 40.589972], [-73.974089, 40.590102], [-73.974139, 40.590102], [-73.974209, 40.590092], [-73.974479, 40.590232], [-73.975159, 40.590642], [-73.975719, 40.590982], [-73.975799, 40.591032], [-73.976183, 40.591262], [-73.976183, 40.591262], [-73.976499, 40.591452], [-73.977269, 40.591922], [-73.977319, 40.591952], [-73.977689, 40.592182], [-73.978038, 40.592376], [-73.978038, 40.592376], [-73.978139, 40.592432], [-73.978209, 40.592472], [-73.978269, 40.592512], [-73.978469, 40.592632], [-73.978519, 40.592662], [-73.978789, 40.592832], [-73.979949, 40.593552], [-73.980305, 40.59376], [-73.980305, 40.59376], [-73.980669, 40.593972], [-73.980909, 40.594122], [-73.982009, 40.594792], [-73.983039, 40.595422], [-73.983468, 40.595686], [-73.983468, 40.595686], [-73.983689, 40.595822], [-73.984119, 40.596052], [-73.985246, 40.596742], [-73.985246, 40.596742], [-73.985279, 40.596762], [-73.985489, 40.597922], [-73.985561, 40.598278], [-73.985561, 40.598278], [-73.985689, 40.598912], [-73.985759, 40.599312], [-73.985889, 40.600012], [-73.985939, 40.600312], [-73.985993, 40.600644], [-73.985993, 40.600644], [-73.986059, 40.601052], [-73.986269, 40.602112], [-73.986289, 40.602212], [-73.986349, 40.602542], [-73.986369, 40.602632], [-73.986434, 40.602952], [-73.986434, 40.602952], [-73.986459, 40.603072], [-73.986659, 40.604152], [-73.986818, 40.604978], [-73.986818, 40.604978], [-73.986839, 40.605082], [-73.98699, 40.605864], [-73.98699, 40.605864], [-73.987019, 40.606012], [-73.987239, 40.607192], [-73.987249, 40.607252], [-73.987279, 40.607532], [-73.987309, 40.607842], [-73.987329, 40.607952], [-73.987349, 40.608082], [-73.987359, 40.608142], [-73.987589, 40.608332], [-73.987672, 40.608388], [-73.987672, 40.608388], [-73.987769, 40.608452], [-73.989569, 40.609532], [-73.989886, 40.609721], [-73.989886, 40.609721], [-73.991759, 40.610842], [-73.992078, 40.611036], [-73.992078, 40.611036], [-73.993949, 40.612172], [-73.994297, 40.61238], [-73.994297, 40.61238], [-73.995851, 40.613306], [-73.995851, 40.613306], [-73.995979, 40.613382], [-73.998339, 40.614822], [-73.998698, 40.615037], [-73.998698, 40.615037], [-73.999939, 40.615782], [-74.000344, 40.616027], [-74.000344, 40.616027], [-74.000799, 40.616302], [-74.003009, 40.617632], [-74.003369, 40.617852], [-74.003369, 40.617852], [-74.005209, 40.618972], [-74.005524, 40.61916], [-74.005524, 40.61916], [-74.007309, 40.620226], [-74.007309, 40.620226], [-74.007419, 40.620292], [-74.009518, 40.621555], [-74.009518, 40.621555], [-74.009629, 40.621622], [-74.011829, 40.622952], [-74.012139, 40.62314], [-74.012139, 40.62314], [-74.014039, 40.624292], [-74.014311, 40.624455], [-74.014311, 40.624455], [-74.014789, 40.624742], [-74.016385, 40.625703], [-74.016385, 40.625703], [-74.0178, 40.626544], [-74.0178, 40.626544], [-74.020537, 40.628204], [-74.020537, 40.628204], [-74.021379, 40.628722], [-74.022523, 40.629397], [-74.022523, 40.629397], [-74.022649, 40.629472], [-74.023599, 40.630042], [-74.024119, 40.630362], [-74.024519, 40.630612], [-74.024729, 40.630722], [-74.024899, 40.630792], [-74.025059, 40.630822], [-74.025185, 40.630507], [-74.025185, 40.630507], [-74.025349, 40.630102], [-74.025581, 40.629539], [-74.025581, 40.629539], [-74.025659, 40.629352], [-74.025949, 40.628612], [-74.026365, 40.628713], [-74.026365, 40.628713], [-74.028528, 40.62924], [-74.028528, 40.62924], [-74.028699, 40.629282], [-74.031359, 40.629922], [-74.031757, 40.630016], [-74.031757, 40.630016], [-74.034049, 40.630562], [-74.034385, 40.630639], [-74.034385, 40.630639], [-74.036729, 40.631172], [-74.036498, 40.631738]]}}, {"type": "Feature", "properties": {"route_id": "B41", "tier": "secondary", "high_need_count": 2}, "geometry": {"type": "LineString", "coordinates": [[-73.933227, 40.619273], [-73.933539, 40.619552], [-73.933619, 40.619622], [-73.933909, 40.619882], [-73.933969, 40.619942], [-73.934159, 40.620112], [-73.934979, 40.620842], [-73.935319, 40.621172], [-73.935359, 40.621212], [-73.93567, 40.621491], [-73.93567, 40.621491], [-73.936129, 40.621902], [-73.936444, 40.622217], [-73.936444, 40.622217], [-73.936459, 40.622232], [-73.936539, 40.622312], [-73.936609, 40.622382], [-73.936699, 40.622472], [-73.936859, 40.622612], [-73.937289, 40.623002], [-73.937969, 40.623642], [-73.938559, 40.624212], [-73.939409, 40.625022], [-73.939599, 40.625192], [-73.939795, 40.625379], [-73.939795, 40.625379], [-73.939809, 40.625392], [-73.939949, 40.625532], [-73.940239, 40.625802], [-73.940879, 40.626412], [-73.94118, 40.626693], [-73.94118, 40.626693], [-73.941319, 40.626822], [-73.941839, 40.627332], [-73.942179, 40.627652], [-73.9423, 40.627765], [-73.9423, 40.627765], [-73.942339, 40.627802], [-73.943339, 40.628692], [-73.944038, 40.629358], [-73.944038, 40.629358], [-73.944179, 40.629492], [-73.944539, 40.629832], [-73.944849, 40.630162], [-73.945479, 40.630762], [-73.945669, 40.630952], [-73.946469, 40.631692], [-73.946669, 40.631872], [-73.946759, 40.631956], [-73.946759, 40.631956], [-73.947689, 40.632822], [-73.948809, 40.633912], [-73.949184, 40.634269], [-73.949184, 40.634269], [-73.949429, 40.634502], [-73.949909, 40.634942], [-73.951089, 40.636052], [-73.951355, 40.636308], [-73.951355, 40.636308], [-73.952089, 40.637012], [-73.952659, 40.637522], [-73.953619, 40.638442], [-73.953855, 40.638684], [-73.953855, 40.638684], [-73.954029, 40.638862], [-73.954239, 40.639072], [-73.954749, 40.639592], [-73.955669, 40.640532], [-73.955885, 40.640749], [-73.955885, 40.640749], [-73.957049, 40.641922], [-73.957469, 40.642352], [-73.957639, 40.642682], [-73.957723, 40.64306], [-73.957723, 40.64306], [-73.957769, 40.643262], [-73.957909, 40.643992], [-73.957919, 40.644092], [-73.957936, 40.644222], [-73.957936, 40.644222], [-73.957979, 40.644552], [-73.958019, 40.645062], [-73.958039, 40.645292], [-73.958109, 40.646482], [-73.958117, 40.646889], [-73.958117, 40.646889], [-73.958129, 40.647482], [-73.958139, 40.647742], [-73.958189, 40.648182], [-73.958209, 40.648322], [-73.958249, 40.648522], [-73.958269, 40.648602], [-73.958639, 40.650142], [-73.958699, 40.650372], [-73.95885, 40.650935], [-73.95885, 40.650935], [-73.958919, 40.651192], [-73.959159, 40.652132], [-73.959309, 40.652932], [-73.959395, 40.653314], [-73.959395, 40.653314], [-73.959449, 40.653552], [-73.959699, 40.654842], [-73.959783, 40.655243], [-73.959783, 40.655243], [-73.959869, 40.655652], [-73.959939, 40.655932], [-73.960069, 40.656462], [-73.960139, 40.656732], [-73.960229, 40.657102], [-73.960249, 40.657202], [-73.960327, 40.657571], [-73.960327, 40.657571], [-73.960429, 40.658052], [-73.960479, 40.658392], [-73.960519, 40.658782], [-73.960549, 40.659502], [-73.960589, 40.659847], [-73.960589, 40.659847], [-73.960609, 40.660012], [-73.960619, 40.660212], [-73.960629, 40.660292], [-73.960629, 40.660362], [-73.960699, 40.660572], [-73.960769, 40.660722], [-73.960869, 40.660892], [-73.960989, 40.661082], [-73.961409, 40.661672], [-73.961999, 40.662532], [-73.962159, 40.662772], [-73.962299, 40.662977]]}}, {"type": "Feature", "properties": {"route_id": "B44", "tier": "secondary", "high_need_count": 2}, "geometry": {"type": "LineString", "coordinates": [[-73.938349, 40.583963], [-73.938729, 40.583952], [-73.938779, 40.584242], [-73.938819, 40.584432], [-73.938929, 40.584972], [-73.939009, 40.585312], [-73.939029, 40.585402], [-73.939069, 40.585632], [-73.939089, 40.585732], [-73.939115, 40.58589], [-73.939115, 40.58589], [-73.939119, 40.585912], [-73.939129, 40.585972], [-73.939189, 40.586342], [-73.939309, 40.586972], [-73.939359, 40.587292], [-73.939414, 40.587594], [-73.939414, 40.587594], [-73.939529, 40.588222], [-73.939699, 40.589082], [-73.939769, 40.589442], [-73.939789, 40.589542], [-73.939799, 40.589602], [-73.939819, 40.589732], [-73.939854, 40.589913], [-73.939854, 40.589913], [-73.940039, 40.590872], [-73.940179, 40.591672], [-73.94024, 40.592009], [-73.94024, 40.592009], [-73.940409, 40.592932], [-73.940519, 40.593402], [-73.940599, 40.593792], [-73.940639, 40.594002], [-73.940709, 40.594372], [-73.940789, 40.594777], [-73.940789, 40.594777], [-73.940986, 40.595776], [-73.940986, 40.595776], [-73.941009, 40.595892], [-73.941069, 40.596232], [-73.941369, 40.597772], [-73.941409, 40.597992], [-73.941448, 40.598155], [-73.941448, 40.598155], [-73.941479, 40.598282], [-73.941839, 40.600182], [-73.941879, 40.600422], [-73.941978, 40.60094], [-73.941978, 40.60094], [-73.942309, 40.602662], [-73.942319, 40.602702], [-73.942382, 40.603042], [-73.942382, 40.603042], [-73.942749, 40.605012], [-73.942759, 40.605052], [-73.942826, 40.605411], [-73.942826, 40.605411], [-73.942919, 40.605912], [-73.943183, 40.607244], [-73.943183, 40.607244], [-73.943209, 40.607372], [-73.943495, 40.608976], [-73.943495, 40.608976], [-73.943569, 40.609392], [-73.943639, 40.609832], [-73.943689, 40.610092], [-73.943692, 40.610113], [-73.943692, 40.610113], [-73.943699, 40.610172], [-73.943719, 40.610272], [-73.943829, 40.610872], [-73.944049, 40.611982], [-73.944149, 40.612682], [-73.944234, 40.613101], [-73.944234, 40.613101], [-73.944269, 40.613272], [-73.944513, 40.614429], [-73.944513, 40.614429], [-73.944609, 40.614882], [-73.944739, 40.615482], [-73.944799, 40.615792], [-73.944802, 40.615809], [-73.944802, 40.615809], [-73.944819, 40.615882], [-73.944839, 40.616012], [-73.944869, 40.616152], [-73.945069, 40.617212], [-73.945126, 40.617521], [-73.945126, 40.617521], [-73.945509, 40.619582], [-73.945568, 40.619902], [-73.945568, 40.619902], [-73.945649, 40.620342], [-73.945939, 40.62187], [-73.945939, 40.62187], [-73.945959, 40.621972], [-73.945999, 40.622182], [-73.946309, 40.623872], [-73.946389, 40.624292], [-73.946409, 40.624382], [-73.946434, 40.62452], [-73.946434, 40.62452], [-73.946539, 40.625092], [-73.946859, 40.626772], [-73.946921, 40.627107], [-73.946921, 40.627107], [-73.947299, 40.629152], [-73.947332, 40.62948], [-73.947332, 40.62948], [-73.947439, 40.630552], [-73.947539, 40.631552], [-73.947632, 40.632344], [-73.947632, 40.632344], [-73.947689, 40.632822], [-73.947769, 40.633992], [-73.947801, 40.63431], [-73.947801, 40.63431], [-73.947999, 40.636242], [-73.947578, 40.636272], [-73.947578, 40.636272], [-73.947039, 40.636312], [-73.946099, 40.636362], [-73.945129, 40.636422], [-73.945168, 40.636835], [-73.945168, 40.636835], [-73.945289, 40.638092], [-73.945359, 40.638772], [-73.945401, 40.639144], [-73.945401, 40.639144], [-73.945409, 40.639212], [-73.945429, 40.639402], [-73.945459, 40.639762], [-73.945509, 40.640152], [-73.945589, 40.640812], [-73.945615, 40.641015], [-73.945615, 40.641015], [-73.945629, 40.641122], [-73.945869, 40.643412], [-73.945907, 40.643764], [-73.945907, 40.643764], [-73.945989, 40.644522], [-73.946069, 40.645302], [-73.946105, 40.645636], [-73.946105, 40.645636], [-73.946249, 40.646982], [-73.946285, 40.647314], [-73.946285, 40.647314], [-73.946479, 40.649092], [-73.946511, 40.649405], [-73.946511, 40.649405], [-73.946669, 40.650922], [-73.946699, 40.651265], [-73.946699, 40.651265], [-73.946749, 40.651822], [-73.946859, 40.652782], [-73.946899, 40.653012], [-73.94691, 40.653122], [-73.94691, 40.653122], [-73.947029, 40.654312], [-73.947062, 40.654641], [-73.947062, 40.654641], [-73.947159, 40.655582], [-73.947197, 40.655902], [-73.947197, 40.655902], [-73.947259, 40.656412], [-73.947359, 40.657252], [-73.947393, 40.657577], [-73.947393, 40.657577], [-73.947439, 40.658012], [-73.947515, 40.658737], [-73.947515, 40.658737], [-73.947529, 40.658862], [-73.947609, 40.659572], [-73.947663, 40.660216], [-73.947663, 40.660216], [-73.947669, 40.660282], [-73.947689, 40.660472], [-73.947749, 40.660972], [-73.947829, 40.661722], [-73.947863, 40.66206], [-73.947863, 40.66206], [-73.947909, 40.662512], [-73.947919, 40.662622], [-73.947989, 40.663292], [-73.947999, 40.663362], [-73.948029, 40.663652], [-73.948059, 40.663852], [-73.948082, 40.663917], [-73.948082, 40.663917], [-73.948109, 40.663992], [-73.948149, 40.664072], [-73.948189, 40.664122], [-73.948209, 40.664182], [-73.948219, 40.664392], [-73.948139, 40.665242], [-73.948111, 40.665547], [-73.948111, 40.665547], [-73.948059, 40.666122], [-73.947979, 40.667012], [-73.947946, 40.667333], [-73.947946, 40.667333], [-73.947889, 40.667902], [-73.947829, 40.668792], [-73.947798, 40.66906], [-73.947798, 40.66906], [-73.947749, 40.669492], [-73.947729, 40.669692], [-73.947709, 40.669862], [-73.947699, 40.669962], [-73.947678, 40.67023], [-73.947678, 40.67023], [-73.947649, 40.670592], [-73.947649, 40.670662], [-73.947582, 40.671326], [-73.947582, 40.671326], [-73.947569, 40.671462], [-73.947479, 40.672362], [-73.947447, 40.672679], [-73.947447, 40.672679], [-73.947389, 40.673252], [-73.947309, 40.674152], [-73.947285, 40.674449], [-73.947285, 40.674449], [-73.947239, 40.675042], [-73.947149, 40.675825], [-73.947149, 40.675825], [-73.947139, 40.675912], [-73.947059, 40.676702], [-73.947009, 40.677482], [-73.946973, 40.677807], [-73.946973, 40.677807], [-73.946929, 40.678212], [-73.946919, 40.678292], [-73.946909, 40.678342], [-73.946909, 40.678392], [-73.946882, 40.678706], [-73.946882, 40.678706], [-73.946819, 40.679472], [-73.946739, 40.680232], [-73.946933, 40.680242], [-73.946933, 40.680242], [-73.947709, 40.680282], [-73.949549, 40.680382], [-73.94998, 40.680408], [-73.94998, 40.680408], [-73.951199, 40.680482], [-73.952519, 40.680542], [-73.952979, 40.680572], [-73.953059, 40.680582], [-73.953189, 40.680592], [-73.953359, 40.680622], [-73.953435, 40.681029], [-73.953435, 40.681029], [-73.953499, 40.681372], [-73.953639, 40.682102], [-73.953722, 40.682439], [-73.953722, 40.682439], [-73.953819, 40.682832], [-73.953937, 40.683463], [-73.953937, 40.683463], [-73.953959, 40.683582], [-73.954099, 40.684312], [-73.954239, 40.685042], [-73.954285, 40.685269], [-73.954285, 40.685269], [-73.954389, 40.685772], [-73.954529, 40.686492], [-73.954679, 40.687222], [-73.954819, 40.687952], [-73.954892, 40.688292], [-73.954892, 40.688292], [-73.954979, 40.688692], [-73.955101, 40.68934], [-73.955101, 40.68934], [-73.955119, 40.689432], [-73.955269, 40.690162], [-73.955339, 40.690562], [-73.955399, 40.690892], [-73.955473, 40.691279], [-73.955473, 40.691279], [-73.955799, 40.692972], [-73.95588, 40.693364], [-73.95588, 40.693364], [-73.956108, 40.694463], [-73.956108, 40.694463], [-73.956129, 40.694562], [-73.95655, 40.696671], [-73.95655, 40.696671], [-73.956569, 40.696762], [-73.957008, 40.698872], [-73.957008, 40.698872], [-73.957029, 40.698972], [-73.957049, 40.699072], [-73.957169, 40.699682], [-73.957229, 40.699962], [-73.957249, 40.700122], [-73.957269, 40.700242], [-73.957309, 40.700472], [-73.957369, 40.700672], [-73.957429, 40.700812], [-73.957519, 40.700922], [-73.958059, 40.701382], [-73.958699, 40.701952], [-73.959329, 40.702502], [-73.959419, 40.702582], [-73.959662, 40.702794], [-73.959662, 40.702794], [-73.959889, 40.702992], [-73.960069, 40.703162], [-73.960209, 40.703302], [-73.960329, 40.703412], [-73.960449, 40.703522], [-73.960619, 40.703682], [-73.960709, 40.703762], [-73.960849, 40.703882], [-73.960949, 40.703972], [-73.961219, 40.704212], [-73.961849, 40.704792], [-73.962479, 40.705332], [-73.962984, 40.705772], [-73.962984, 40.705772], [-73.963099, 40.705872], [-73.961349, 40.706972], [-73.961279, 40.707062], [-73.961229, 40.707152], [-73.961159, 40.707492], [-73.961079, 40.707912], [-73.960999, 40.708332], [-73.960849, 40.709152], [-73.960799, 40.709432], [-73.960619, 40.709372], [-73.960526, 40.709587], [-73.960426, 40.709591], [-73.960353, 40.709593], [-73.960174, 40.709546], [-73.959605, 40.709341], [-73.959602, 40.70934]]}}, {"type": "Feature", "properties": {"route_id": "B49", "tier": "priority", "high_need_count": 3}, "geometry": {"type": "LineString", "coordinates": [[-73.939949, 40.578055], [-73.939829, 40.578062], [-73.939739, 40.578072], [-73.93974, 40.57817], [-73.939799, 40.578252], [-73.939819, 40.578352], [-73.940719, 40.578252], [-73.941669, 40.578142], [-73.942579, 40.578042], [-73.943016, 40.577996], [-73.943016, 40.577996], [-73.943529, 40.577942], [-73.943769, 40.577912], [-73.944479, 40.577842], [-73.944625, 40.577824], [-73.944625, 40.577824], [-73.944889, 40.577792], [-73.945369, 40.577742], [-73.946185, 40.577644], [-73.946185, 40.577644], [-73.946289, 40.577632], [-73.947269, 40.577522], [-73.948259, 40.577422], [-73.949189, 40.577312], [-73.949539, 40.577277], [-73.949539, 40.577277], [-73.950099, 40.577222], [-73.951009, 40.577122], [-73.951378, 40.577085], [-73.951378, 40.577085], [-73.951919, 40.577032], [-73.952711, 40.576938], [-73.952711, 40.576938], [-73.952759, 40.576932], [-73.952889, 40.576872], [-73.953339, 40.579242], [-73.953399, 40.579565], [-73.953399, 40.579565], [-73.953669, 40.581012], [-73.953784, 40.58161], [-73.953784, 40.58161], [-73.953789, 40.581632], [-73.953809, 40.581722], [-73.953939, 40.582392], [-73.953989, 40.582612], [-73.954051, 40.582922], [-73.954051, 40.582922], [-73.954059, 40.582962], [-73.954189, 40.583092], [-73.953569, 40.583162], [-73.953439, 40.583172], [-73.952499, 40.583252], [-73.950409, 40.583432], [-73.950439, 40.583562], [-73.950489, 40.583672], [-73.950768, 40.584142], [-73.950768, 40.584142], [-73.950869, 40.584312], [-73.951009, 40.584542], [-73.951099, 40.584682], [-73.951249, 40.584922], [-73.951529, 40.584952], [-73.951739, 40.584977], [-73.951739, 40.584977], [-73.951939, 40.585002], [-73.952399, 40.585072], [-73.952629, 40.585112], [-73.952739, 40.585142], [-73.952819, 40.585182], [-73.952879, 40.585232], [-73.952909, 40.585292], [-73.952969, 40.585562], [-73.953009, 40.585792], [-73.953859, 40.585702], [-73.953959, 40.585692], [-73.954419, 40.585622], [-73.954724, 40.585607], [-73.954724, 40.585607], [-73.954839, 40.585602], [-73.955211, 40.587509], [-73.955211, 40.587509], [-73.955239, 40.587652], [-73.955269, 40.587842], [-73.954359, 40.587942], [-73.954059, 40.587982], [-73.953779, 40.588012], [-73.953692, 40.588022], [-73.953692, 40.588022], [-73.953439, 40.588052], [-73.952459, 40.588162], [-73.951489, 40.588282], [-73.951389, 40.588292], [-73.950649, 40.588362], [-73.950539, 40.588372], [-73.950147, 40.588419], [-73.950147, 40.588419], [-73.949709, 40.588472], [-73.949379, 40.588512], [-73.949399, 40.588632], [-73.949434, 40.588838], [-73.949434, 40.588838], [-73.949739, 40.590632], [-73.949749, 40.590692], [-73.949801, 40.590959], [-73.949801, 40.590959], [-73.950039, 40.592172], [-73.950149, 40.592732], [-73.950169, 40.592822], [-73.950215, 40.593057], [-73.950215, 40.593057], [-73.950259, 40.593282], [-73.950559, 40.594852], [-73.950615, 40.595167], [-73.950615, 40.595167], [-73.950809, 40.596262], [-73.950869, 40.596582], [-73.950909, 40.596782], [-73.950999, 40.597252], [-73.951019, 40.597332], [-73.951068, 40.597584], [-73.951068, 40.597584], [-73.951089, 40.597692], [-73.951299, 40.598802], [-73.951389, 40.599252], [-73.951409, 40.599372], [-73.951468, 40.599699], [-73.951468, 40.599699], [-73.951519, 40.599982], [-73.951819, 40.601612], [-73.951959, 40.602272], [-73.952016, 40.60255], [-73.952016, 40.60255], [-73.952209, 40.603482], [-73.952229, 40.603582], [-73.952319, 40.604002], [-73.952359, 40.604212], [-73.952382, 40.604337]]}}, {"type": "Feature", "properties": {"route_id": "B6", "tier": "priority", "high_need_count": 3}, "geometry": {"type": "LineString", "coordinates": [[-73.993829, 40.593267], [-73.993969, 40.593392], [-73.994119, 40.593522], [-73.994279, 40.593652], [-73.994419, 40.593772], [-73.994769, 40.594082], [-73.994839, 40.594132], [-73.994989, 40.594242], [-73.995179, 40.594382], [-73.995299, 40.594432], [-73.995459, 40.594572], [-73.996059, 40.595072], [-73.996709, 40.595612], [-73.997024, 40.595883], [-73.997024, 40.595883], [-73.998339, 40.597007], [-73.998339, 40.597007], [-73.998639, 40.597262], [-73.998249, 40.597632], [-73.997729, 40.598132], [-73.99743, 40.59843], [-73.99743, 40.59843], [-73.995296, 40.600471], [-73.995296, 40.600471], [-73.993366, 40.602365], [-73.993366, 40.602365], [-73.991786, 40.603899], [-73.991786, 40.603899], [-73.991479, 40.604212], [-73.990879, 40.604772], [-73.990309, 40.605312], [-73.990239, 40.605382], [-73.989729, 40.605872], [-73.98921, 40.606381], [-73.98921, 40.606381], [-73.989169, 40.606422], [-73.989049, 40.606532], [-73.988519, 40.607002], [-73.988419, 40.607092], [-73.987959, 40.607542], [-73.9876, 40.6079], [-73.9876, 40.6079], [-73.987359, 40.608142], [-73.986839, 40.608622], [-73.986689, 40.608772], [-73.986109, 40.609312], [-73.985749, 40.609672], [-73.985568, 40.609844], [-73.985568, 40.609844], [-73.985529, 40.609882], [-73.985329, 40.610082], [-73.984969, 40.610442], [-73.984369, 40.610992], [-73.984139, 40.611212], [-73.983896, 40.611455], [-73.983896, 40.611455], [-73.983809, 40.611542], [-73.983339, 40.611982], [-73.983199, 40.612112], [-73.982629, 40.612662], [-73.982367, 40.61291], [-73.982367, 40.61291], [-73.982079, 40.613182], [-73.982029, 40.613232], [-73.981729, 40.613522], [-73.981419, 40.613832], [-73.980789, 40.614442], [-73.98054, 40.614678], [-73.98054, 40.614678], [-73.980209, 40.614992], [-73.979639, 40.615562], [-73.979388, 40.615791], [-73.979388, 40.615791], [-73.979049, 40.616102], [-73.978476, 40.616647], [-73.978476, 40.616647], [-73.978429, 40.616692], [-73.977829, 40.617262], [-73.977669, 40.617442], [-73.977499, 40.617652], [-73.976499, 40.619112], [-73.976129, 40.619642], [-73.975749, 40.620182], [-73.975299, 40.620862], [-73.975249, 40.620922], [-73.975129, 40.621082], [-73.974938, 40.621284], [-73.974938, 40.621284], [-73.974209, 40.622062], [-73.973679, 40.622622], [-73.973582, 40.622718], [-73.973582, 40.622718], [-73.973489, 40.622812], [-73.972699, 40.623632], [-73.972399, 40.623962], [-73.971829, 40.624032], [-73.97153, 40.624067], [-73.97153, 40.624067], [-73.970739, 40.624162], [-73.970459, 40.624192], [-73.970199, 40.624222], [-73.969818, 40.624259], [-73.969818, 40.624259], [-73.969089, 40.624332], [-73.968019, 40.624432], [-73.967642, 40.624484], [-73.967642, 40.624484], [-73.967079, 40.624562], [-73.966159, 40.624672], [-73.965149, 40.624772], [-73.964234, 40.624856], [-73.964234, 40.624856], [-73.964169, 40.624862], [-73.963239, 40.624962], [-73.962789, 40.625012], [-73.962369, 40.625052], [-73.962319, 40.625062], [-73.962159, 40.625082], [-73.961389, 40.625182], [-73.961089, 40.625212], [-73.960849, 40.625242], [-73.960669, 40.625262], [-73.960588, 40.625273], [-73.960588, 40.625273], [-73.960459, 40.625292], [-73.959499, 40.625392], [-73.958539, 40.625492], [-73.958158, 40.625532], [-73.958158, 40.625532], [-73.957589, 40.625592], [-73.956379, 40.625722], [-73.956193, 40.625743], [-73.956193, 40.625743], [-73.955349, 40.625842], [-73.954429, 40.625952], [-73.954068, 40.625991], [-73.954068, 40.625991], [-73.953509, 40.626052], [-73.952569, 40.626152], [-73.951599, 40.626272], [-73.95165, 40.626542], [-73.95165, 40.626542], [-73.952049, 40.628622], [-73.952078, 40.628769], [-73.952078, 40.628769], [-73.952319, 40.630012], [-73.952349, 40.630162], [-73.952569, 40.631302], [-73.952719, 40.632122], [-73.952786, 40.632475], [-73.952786, 40.632475], [-73.952849, 40.632802], [-73.952969, 40.633412], [-73.952828, 40.633429], [-73.952828, 40.633429], [-73.952219, 40.633502], [-73.951999, 40.633522], [-73.951639, 40.633562], [-73.950999, 40.633622], [-73.950829, 40.633652], [-73.950419, 40.633902], [-73.950229, 40.634012], [-73.949585, 40.634406], [-73.949585, 40.634406], [-73.949429, 40.634502], [-73.948809, 40.633912], [-73.947828, 40.633987], [-73.947828, 40.633987], [-73.947769, 40.633992], [-73.946799, 40.634042], [-73.945859, 40.634102], [-73.945493, 40.634124], [-73.945493, 40.634124], [-73.944879, 40.634162], [-73.943919, 40.634222], [-73.943594, 40.634239], [-73.943594, 40.634239], [-73.942969, 40.634272], [-73.941999, 40.634332], [-73.941664, 40.634356], [-73.941664, 40.634356], [-73.941029, 40.634402], [-73.940099, 40.634452], [-73.939706, 40.634473], [-73.939706, 40.634473], [-73.939169, 40.634502], [-73.938229, 40.634572], [-73.937439, 40.634613], [-73.937439, 40.634613], [-73.937269, 40.634622], [-73.937029, 40.632492], [-73.937009, 40.632282], [-73.936591, 40.632308], [-73.936591, 40.632308], [-73.936039, 40.632342], [-73.935129, 40.632402], [-73.934733, 40.632426], [-73.934733, 40.632426], [-73.934139, 40.632462], [-73.933179, 40.632522], [-73.932805, 40.632546], [-73.932805, 40.632546], [-73.932249, 40.632582], [-73.931269, 40.632642], [-73.930417, 40.632714], [-73.930417, 40.632714], [-73.930319, 40.632722], [-73.930049, 40.632742], [-73.929829, 40.632752], [-73.929639, 40.632762], [-73.929369, 40.632782], [-73.928563, 40.632822], [-73.928563, 40.632822], [-73.928379, 40.632832], [-73.927369, 40.632902], [-73.926429, 40.632962], [-73.925985, 40.632984], [-73.925985, 40.632984], [-73.925449, 40.633012], [-73.924519, 40.633082], [-73.924129, 40.633102], [-73.924129, 40.633102], [-73.923539, 40.633132], [-73.922579, 40.633182], [-73.922194, 40.633203], [-73.922194, 40.633203], [-73.922039, 40.633212], [-73.921609, 40.633242], [-73.921489, 40.633252], [-73.920839, 40.633282], [-73.920699, 40.633302], [-73.920539, 40.633352], [-73.920379, 40.633452], [-73.920009, 40.633702], [-73.919992, 40.633713], [-73.919992, 40.633713], [-73.919789, 40.633852], [-73.919679, 40.633922], [-73.918869, 40.634462], [-73.918815, 40.633998], [-73.918815, 40.633998], [-73.918659, 40.632662], [-73.918629, 40.632372], [-73.918599, 40.632072], [-73.918339, 40.632232], [-73.917988, 40.632457], [-73.917988, 40.632457], [-73.915579, 40.634008], [-73.915579, 40.634008], [-73.915479, 40.634072], [-73.914749, 40.634542], [-73.914049, 40.635002], [-73.913599, 40.635302], [-73.913359, 40.635472], [-73.913299, 40.635512], [-73.912959, 40.635722], [-73.912914, 40.635748], [-73.912914, 40.635748], [-73.912569, 40.635952], [-73.912499, 40.635992], [-73.912419, 40.636042], [-73.911912, 40.636368], [-73.911912, 40.636368], [-73.910115, 40.637548], [-73.910115, 40.637548], [-73.908602, 40.63853], [-73.908602, 40.63853], [-73.907143, 40.639474], [-73.907143, 40.639474], [-73.90604, 40.640176], [-73.90604, 40.640176], [-73.904316, 40.641292], [-73.904316, 40.641292], [-73.902761, 40.642298], [-73.902761, 40.642298], [-73.902329, 40.642572], [-73.901469, 40.643122], [-73.901656, 40.643298], [-73.901656, 40.643298], [-73.902169, 40.643782], [-73.903099, 40.644622], [-73.902309, 40.645142], [-73.901511, 40.645653], [-73.901511, 40.645653], [-73.899682, 40.646825], [-73.899682, 40.646825], [-73.899269, 40.647092], [-73.898549, 40.647552], [-73.897829, 40.648052], [-73.897495, 40.648265], [-73.897495, 40.648265], [-73.89602, 40.649225], [-73.89602, 40.649225], [-73.895869, 40.649322], [-73.895689, 40.649442], [-73.895319, 40.649682], [-73.895009, 40.649882], [-73.894809, 40.650012], [-73.894219, 40.650402], [-73.89389, 40.650621], [-73.89389, 40.650621], [-73.893889, 40.650622], [-73.893639, 40.650782], [-73.893539, 40.650842], [-73.893319, 40.650982], [-73.892908, 40.651241], [-73.892908, 40.651241], [-73.892749, 40.651342], [-73.892019, 40.651812], [-73.891849, 40.651962], [-73.891369, 40.652362], [-73.890579, 40.652712], [-73.889809, 40.653042], [-73.889429, 40.653204], [-73.889429, 40.653204], [-73.888969, 40.653402], [-73.888149, 40.653762], [-73.887359, 40.654112], [-73.887229, 40.654172], [-73.886903, 40.654313], [-73.886903, 40.654313], [-73.886539, 40.654472], [-73.886449, 40.654512], [-73.885689, 40.654832], [-73.885294, 40.654999], [-73.885294, 40.654999], [-73.884959, 40.655142], [-73.884599, 40.655292], [-73.884079, 40.655512], [-73.883569, 40.655732], [-73.883159, 40.655912], [-73.88266, 40.656126], [-73.88266, 40.656126], [-73.882459, 40.656212], [-73.882059, 40.656392], [-73.881739, 40.656532], [-73.881569, 40.656602], [-73.880799, 40.656922], [-73.879989, 40.657282], [-73.879189, 40.657632], [-73.879119, 40.657662], [-73.878807, 40.657797], [-73.878807, 40.657797], [-73.878449, 40.657952], [-73.878349, 40.657992], [-73.877899, 40.658182], [-73.877589, 40.658312], [-73.878016, 40.658914], [-73.878016, 40.658914], [-73.878775, 40.659962], [-73.878775, 40.659962], [-73.879849, 40.661401], [-73.879849, 40.661401], [-73.880685, 40.662555], [-73.880685, 40.662555], [-73.880719, 40.662602], [-73.880799, 40.662712], [-73.880859, 40.662812], [-73.880929, 40.662902], [-73.881839, 40.664142], [-73.881029, 40.664482], [-73.882379, 40.666312], [-73.882399, 40.666392], [-73.882399, 40.666482], [-73.882989, 40.666372], [-73.883209, 40.666332], [-73.883361, 40.666311]]}}, {"type": "Feature", "properties": {"route_id": "B68", "tier": "secondary", "high_need_count": 2}, "geometry": {"type": "LineString", "coordinates": [[-73.981302, 40.576995], [-73.981499, 40.576962], [-73.981619, 40.577422], [-73.981749, 40.578092], [-73.981819, 40.578502], [-73.981959, 40.579202], [-73.981629, 40.579222], [-73.981499, 40.579237], [-73.981499, 40.579237], [-73.981379, 40.579252], [-73.981289, 40.579262], [-73.981249, 40.579262], [-73.981129, 40.579272], [-73.980299, 40.579372], [-73.979609, 40.579452], [-73.979406, 40.579473], [-73.979406, 40.579473], [-73.979029, 40.579512], [-73.978169, 40.579612], [-73.977389, 40.579702], [-73.976899, 40.579742], [-73.976461, 40.579775], [-73.976461, 40.579775], [-73.976369, 40.579782], [-73.976299, 40.579782], [-73.976169, 40.579792], [-73.976029, 40.579762], [-73.975859, 40.579772], [-73.975419, 40.579832], [-73.974949, 40.579882], [-73.974869, 40.579892], [-73.974669, 40.579912], [-73.974629, 40.579912], [-73.974439, 40.579912], [-73.974221, 40.5799], [-73.974221, 40.5799], [-73.974059, 40.579892], [-73.973629, 40.579872], [-73.973169, 40.579842], [-73.972679, 40.579802], [-73.971849, 40.579752], [-73.971952, 40.579421], [-73.971952, 40.579421], [-73.972639, 40.577222], [-73.972709, 40.576972], [-73.972799, 40.576702], [-73.972759, 40.576622], [-73.972709, 40.576582], [-73.972273, 40.576545], [-73.972273, 40.576545], [-73.971519, 40.576482], [-73.970619, 40.576392], [-73.97024, 40.576366], [-73.97024, 40.576366], [-73.969729, 40.576332], [-73.969499, 40.576332], [-73.968979, 40.576292], [-73.968966, 40.576292], [-73.968966, 40.576292], [-73.968919, 40.576292], [-73.968809, 40.576342], [-73.968529, 40.576312], [-73.968259, 40.576292], [-73.967909, 40.576302], [-73.967627, 40.576328], [-73.967627, 40.576328], [-73.967379, 40.576352], [-73.967179, 40.576392], [-73.966419, 40.576542], [-73.965879, 40.576652], [-73.965539, 40.576732], [-73.965485, 40.576744], [-73.965485, 40.576744], [-73.965089, 40.576832], [-73.964189, 40.577022], [-73.963815, 40.577101], [-73.963815, 40.577101], [-73.963289, 40.577212], [-73.962389, 40.577402], [-73.96158, 40.577577], [-73.96158, 40.577577], [-73.961469, 40.577602], [-73.960569, 40.577802], [-73.959909, 40.578012], [-73.959629, 40.577962], [-73.959638, 40.578095], [-73.959638, 40.578095], [-73.959649, 40.578242], [-73.959739, 40.579372], [-73.959789, 40.580092], [-73.959796, 40.580178], [-73.959796, 40.580178], [-73.959819, 40.580462], [-73.959849, 40.580752], [-73.959849, 40.580802], [-73.959879, 40.581162], [-73.959909, 40.581482], [-73.959933, 40.58185], [-73.959933, 40.58185], [-73.959939, 40.581932], [-73.959989, 40.582612], [-73.960039, 40.583232], [-73.960059, 40.583322], [-73.960089, 40.583432], [-73.960139, 40.583632], [-73.960209, 40.584492], [-73.960209, 40.584592], [-73.960219, 40.584722], [-73.960229, 40.584832], [-73.960339, 40.586162], [-73.960309, 40.586512], [-73.960309, 40.586882], [-73.960339, 40.587172], [-73.960349, 40.587292], [-73.960378, 40.587649], [-73.960378, 40.587649], [-73.960409, 40.588022], [-73.960469, 40.588692], [-73.960509, 40.589432], [-73.960519, 40.589602], [-73.960533, 40.589763], [-73.960533, 40.589763], [-73.960569, 40.590172], [-73.960629, 40.590852], [-73.960669, 40.591432], [-73.960679, 40.591582], [-73.960705, 40.59196], [-73.960705, 40.59196], [-73.960729, 40.592312], [-73.960789, 40.593002], [-73.960839, 40.593732], [-73.960879, 40.594352], [-73.960908, 40.594695], [-73.960908, 40.594695], [-73.961029, 40.596122], [-73.961051, 40.596436], [-73.961051, 40.596436], [-73.961139, 40.597722], [-73.961172, 40.598188], [-73.961172, 40.598188], [-73.961179, 40.598292], [-73.961229, 40.598852], [-73.961349, 40.600292], [-73.961369, 40.600572], [-73.961389, 40.600895], [-73.961389, 40.600895], [-73.961399, 40.601042], [-73.961449, 40.601672], [-73.961489, 40.602262], [-73.961539, 40.602982], [-73.961565, 40.603335], [-73.961565, 40.603335], [-73.961589, 40.603652], [-73.961609, 40.603922], [-73.961639, 40.604222], [-73.961669, 40.604632], [-73.961719, 40.605352], [-73.961739, 40.60566], [-73.961739, 40.60566], [-73.961759, 40.605972], [-73.961809, 40.606672], [-73.961819, 40.606762], [-73.961863, 40.607175], [-73.961863, 40.607175], [-73.961879, 40.607322], [-73.961959, 40.607822], [-73.962079, 40.608452], [-73.962259, 40.609412], [-73.962369, 40.609972], [-73.962452, 40.610405], [-73.962452, 40.610405], [-73.962509, 40.610702], [-73.962849, 40.612522], [-73.962919, 40.612892], [-73.962919, 40.612892], [-73.963359, 40.615192], [-73.963421, 40.615527], [-73.963421, 40.615527], [-73.963509, 40.616002], [-73.963539, 40.616192], [-73.963619, 40.616562], [-73.963732, 40.617176], [-73.963732, 40.617176], [-73.963749, 40.617262], [-73.963799, 40.617572], [-73.963839, 40.617792], [-73.963849, 40.617822], [-73.963879, 40.617972], [-73.964259, 40.619972], [-73.96433, 40.620339], [-73.96433, 40.620339], [-73.964719, 40.622352], [-73.96479, 40.622714], [-73.96479, 40.622714], [-73.964859, 40.623062], [-73.964949, 40.623542], [-73.965049, 40.624172], [-73.965149, 40.624772], [-73.965169, 40.624852], [-73.965205, 40.625055], [-73.965205, 40.625055], [-73.965279, 40.625462], [-73.965449, 40.626342], [-73.965529, 40.626732], [-73.965582, 40.626999], [-73.965582, 40.626999], [-73.965609, 40.627132], [-73.965889, 40.628632], [-73.966069, 40.629532], [-73.966153, 40.629918], [-73.966153, 40.629918], [-73.966309, 40.630632], [-73.966659, 40.631892], [-73.966741, 40.632214], [-73.966741, 40.632214], [-73.966759, 40.632282], [-73.966939, 40.632882], [-73.967009, 40.633102], [-73.967179, 40.633692], [-73.967261, 40.633977], [-73.967261, 40.633977], [-73.967389, 40.634422], [-73.967509, 40.634842], [-73.967619, 40.635222], [-73.967719, 40.635573], [-73.967719, 40.635573], [-73.967739, 40.635642], [-73.967879, 40.636142], [-73.968019, 40.636622], [-73.968219, 40.637272], [-73.968303, 40.637568], [-73.968303, 40.637568], [-73.968709, 40.638992], [-73.968809, 40.639282], [-73.96891, 40.639635], [-73.96891, 40.639635], [-73.969409, 40.641372], [-73.969489, 40.641662], [-73.969579, 40.64199], [-73.969579, 40.64199], [-73.969679, 40.642352], [-73.969869, 40.643012], [-73.970079, 40.643742], [-73.970319, 40.644532], [-73.970523, 40.645233], [-73.970523, 40.645233], [-73.970549, 40.645322], [-73.970769, 40.646072], [-73.970849, 40.646352], [-73.970955, 40.646749], [-73.970955, 40.646749], [-73.970959, 40.646762], [-73.971079, 40.647192], [-73.971189, 40.647582], [-73.971299, 40.647962], [-73.971389, 40.648242], [-73.971449, 40.648462], [-73.971483, 40.648578], [-73.971483, 40.648578], [-73.971549, 40.648802], [-73.971899, 40.650042], [-73.971989, 40.650312], [-73.971969, 40.650422], [-73.971966, 40.650437], [-73.971966, 40.650437], [-73.971949, 40.650542], [-73.971899, 40.650712], [-73.971819, 40.650762], [-73.971739, 40.650862], [-73.971699, 40.650962], [-73.971689, 40.651032], [-73.971699, 40.651112], [-73.971739, 40.651192], [-73.971819, 40.651272], [-73.971849, 40.651292], [-73.971949, 40.651362], [-73.971999, 40.651372], [-73.972049, 40.651382], [-73.972129, 40.651462], [-73.972269, 40.651592], [-73.972419, 40.651742], [-73.972529, 40.652122], [-73.972609, 40.652422], [-73.972669, 40.652622], [-73.972778, 40.652977], [-73.972778, 40.652977], [-73.973059, 40.653892], [-73.973259, 40.654642], [-73.973369, 40.655022], [-73.973369, 40.655022], [-73.973549, 40.655642], [-73.973779, 40.656382], [-73.973885, 40.656747], [-73.973885, 40.656747], [-73.973989, 40.657102], [-73.974079, 40.657432], [-73.974099, 40.657512], [-73.974129, 40.657642], [-73.974239, 40.657982], [-73.974319, 40.658142], [-73.974409, 40.658262], [-73.974549, 40.658372], [-73.974709, 40.658482], [-73.975029, 40.658642], [-73.975159, 40.658712], [-73.975501, 40.658877], [-73.975501, 40.658877], [-73.976069, 40.659152], [-73.976609, 40.659412], [-73.977529, 40.659852], [-73.977832, 40.66], [-73.977832, 40.66], [-73.978979, 40.660562], [-73.979445, 40.660787]]}}, {"type": "Feature", "properties": {"route_id": "B70", "tier": "secondary", "high_need_count": 1}, "geometry": {"type": "LineString", "coordinates": [[-74.008458, 40.653995], [-74.008319, 40.653912], [-74.008259, 40.653872], [-74.008179, 40.653832], [-74.008099, 40.653782], [-74.008039, 40.653742], [-74.007959, 40.653812], [-74.007659, 40.654102], [-74.007559, 40.654192], [-74.007439, 40.654302], [-74.006839, 40.654872], [-74.005199, 40.653853], [-74.005199, 40.653853], [-74.005069, 40.653772], [-74.005659, 40.653212], [-74.005729, 40.653142], [-74.005979, 40.652902], [-74.006239, 40.652662], [-74.006109, 40.652582], [-74.005759, 40.652372], [-74.005758, 40.652371], [-74.005758, 40.652371], [-74.004042, 40.651343], [-74.004042, 40.651343], [-74.004039, 40.651342], [-74.003889, 40.651252], [-74.001669, 40.649942], [-74.001356, 40.64975], [-74.001356, 40.64975], [-73.999509, 40.648612], [-73.999186, 40.648419], [-73.999186, 40.648419], [-73.997279, 40.647282], [-73.997869, 40.646712], [-73.998152, 40.646434], [-73.998152, 40.646434], [-73.998459, 40.646132], [-73.999059, 40.645572], [-73.999509, 40.645132], [-73.999629, 40.645012], [-73.999799, 40.644842], [-73.999874, 40.644771], [-73.999874, 40.644771], [-74.000169, 40.644492], [-74.000209, 40.644452], [-74.000799, 40.643902], [-74.000979, 40.643722], [-74.001319, 40.643392], [-74.001369, 40.643342], [-74.001628, 40.643089], [-74.001628, 40.643089], [-74.001769, 40.642952], [-74.001949, 40.642782], [-74.002549, 40.642202], [-74.002619, 40.642132], [-74.003129, 40.641652], [-74.003387, 40.641403], [-74.003387, 40.641403], [-74.003709, 40.641092], [-74.004279, 40.640542], [-74.004879, 40.639982], [-74.005126, 40.639739], [-74.005126, 40.639739], [-74.005449, 40.639422], [-74.006009, 40.638882], [-74.006619, 40.638292], [-74.006848, 40.638071], [-74.006848, 40.638071], [-74.007199, 40.637732], [-74.007779, 40.637172], [-74.008359, 40.636612], [-74.008588, 40.63639], [-74.008588, 40.63639], [-74.008949, 40.636042], [-74.009549, 40.635492], [-74.009812, 40.635229], [-74.009812, 40.635229], [-74.010149, 40.634892], [-74.010269, 40.634722], [-74.010529, 40.634462], [-74.010643, 40.634367], [-74.010643, 40.634367], [-74.010649, 40.634362], [-74.010719, 40.634312], [-74.010809, 40.634262], [-74.010989, 40.634092], [-74.011029, 40.634042], [-74.011319, 40.633762], [-74.011419, 40.633652], [-74.011909, 40.633222], [-74.012499, 40.632632], [-74.012791, 40.632353], [-74.012791, 40.632353], [-74.013159, 40.632002], [-74.013719, 40.631472], [-74.013972, 40.631231], [-74.013972, 40.631231], [-74.014329, 40.630892], [-74.014919, 40.630342], [-74.015139, 40.630125], [-74.015139, 40.630125], [-74.015499, 40.629772], [-74.016389, 40.630282], [-74.016619, 40.630392], [-74.016759, 40.630462], [-74.016869, 40.630512], [-74.016999, 40.630572], [-74.017329, 40.630712], [-74.017419, 40.630467], [-74.017419, 40.630467], [-74.017539, 40.630142], [-74.017819, 40.629372], [-74.017899, 40.629102], [-74.017916, 40.629039], [-74.017916, 40.629039], [-74.018039, 40.628582], [-74.018309, 40.627862], [-74.018539, 40.627262], [-74.018619, 40.627042], [-74.01876, 40.626727], [-74.01876, 40.626727], [-74.018959, 40.626282], [-74.019099, 40.625902], [-74.019249, 40.625562], [-74.019396, 40.62526], [-74.019396, 40.62526], [-74.019479, 40.625092], [-74.019639, 40.624852], [-74.019749, 40.624672], [-74.019839, 40.624542], [-74.020039, 40.624282], [-74.020303, 40.623978], [-74.020303, 40.623978], [-74.020379, 40.623892], [-74.020599, 40.623632], [-74.021119, 40.623042], [-74.02133, 40.622779], [-74.02133, 40.622779], [-74.021619, 40.622422], [-74.021769, 40.622282], [-74.022159, 40.621982], [-74.022299, 40.621892], [-74.022409, 40.621812], [-74.022571, 40.621706], [-74.022571, 40.621706], [-74.022639, 40.621662], [-74.022749, 40.621592], [-74.022979, 40.621442], [-74.023709, 40.620942], [-74.023889, 40.620812], [-74.024439, 40.620422], [-74.024497, 40.620357], [-74.024497, 40.620357], [-74.024769, 40.620052], [-74.025369, 40.619392], [-74.026349, 40.618242], [-74.026547, 40.618015], [-74.026547, 40.618015], [-74.027309, 40.617142], [-74.027499, 40.616952], [-74.027269, 40.616832], [-74.027156, 40.616771], [-74.027156, 40.616771], [-74.026919, 40.616642], [-74.026679, 40.616512], [-74.026289, 40.616302], [-74.026109, 40.616212], [-74.025739, 40.616052], [-74.025239, 40.615792], [-74.024839, 40.615592], [-74.023919, 40.615142], [-74.023599, 40.614982], [-74.023069, 40.614722], [-74.022809, 40.614592], [-74.022978, 40.614169], [-74.022978, 40.614169], [-74.023009, 40.614092], [-74.023679, 40.612442], [-74.023749, 40.612262], [-74.023871, 40.61196], [-74.023871, 40.61196], [-74.023899, 40.611892], [-74.024139, 40.611292], [-74.024229, 40.611082], [-74.024569, 40.610252], [-74.024649, 40.610032], [-74.024663, 40.609991], [-74.024663, 40.609991], [-74.024759, 40.609712], [-74.024349, 40.609502], [-74.024209, 40.609402], [-74.023979, 40.609262], [-74.023839, 40.60918]]}}, {"type": "Feature", "properties": {"route_id": "B8", "tier": "priority", "high_need_count": 5}, "geometry": {"type": "LineString", "coordinates": [[-73.907222, 40.655919], [-73.906959, 40.654882], [-73.906939, 40.654802], [-73.908229, 40.654602], [-73.908489, 40.654562], [-73.909584, 40.654397], [-73.909584, 40.654397], [-73.909749, 40.654372], [-73.910529, 40.654262], [-73.910739, 40.654242], [-73.910919, 40.654222], [-73.911629, 40.654202], [-73.912089, 40.65419], [-73.912089, 40.65419], [-73.912399, 40.654182], [-73.913089, 40.654212], [-73.913489, 40.654222], [-73.914099, 40.654242], [-73.915159, 40.654272], [-73.915659, 40.654292], [-73.917499, 40.654372], [-73.917689, 40.654252], [-73.917849, 40.654162], [-73.918258, 40.653893], [-73.918258, 40.653893], [-73.918489, 40.653742], [-73.918849, 40.653512], [-73.919189, 40.653302], [-73.919969, 40.652792], [-73.919724, 40.652572], [-73.919724, 40.652572], [-73.917871, 40.650914], [-73.917871, 40.650914], [-73.916359, 40.649572], [-73.916309, 40.649522], [-73.916359, 40.649492], [-73.916624, 40.649325], [-73.916624, 40.649325], [-73.91881, 40.647904], [-73.91881, 40.647904], [-73.919229, 40.647632], [-73.919319, 40.647572], [-73.920179, 40.647022], [-73.920329, 40.646932], [-73.920389, 40.646902], [-73.920665, 40.64688], [-73.920665, 40.64688], [-73.922449, 40.64676], [-73.922449, 40.64676], [-73.924301, 40.646659], [-73.924301, 40.646659], [-73.924449, 40.646652], [-73.924579, 40.646642], [-73.924739, 40.645842], [-73.924829, 40.645312], [-73.92492, 40.644848], [-73.92492, 40.644848], [-73.924949, 40.644702], [-73.925019, 40.644202], [-73.925139, 40.643592], [-73.925209, 40.643162], [-73.925279, 40.642762], [-73.925324, 40.642511], [-73.925324, 40.642511], [-73.925349, 40.642372], [-73.925509, 40.642362], [-73.926449, 40.642312], [-73.927294, 40.642268], [-73.927294, 40.642268], [-73.929873, 40.642094], [-73.929873, 40.642094], [-73.931646, 40.641984], [-73.931646, 40.641984], [-73.933626, 40.641866], [-73.933626, 40.641866], [-73.936512, 40.641693], [-73.936512, 40.641693], [-73.939317, 40.64151], [-73.939317, 40.64151], [-73.941216, 40.641397], [-73.941216, 40.641397], [-73.943153, 40.641287], [-73.943153, 40.641287], [-73.946012, 40.641098], [-73.946012, 40.641098], [-73.946589, 40.641062], [-73.947539, 40.641012], [-73.948499, 40.640942], [-73.94841, 40.640091]]}}, {"type": "Feature", "properties": {"route_id": "B82", "tier": "secondary", "high_need_count": 1}, "geometry": {"type": "LineString", "coordinates": [[-73.981156, 40.577019], [-73.981779, 40.578269], [-73.981779, 40.578269], [-73.981819, 40.578502], [-73.981959, 40.579202], [-73.982729, 40.579192], [-73.983089, 40.579172], [-73.983639, 40.579122], [-73.984169, 40.579062], [-73.984629, 40.579002], [-73.985249, 40.578932], [-73.985389, 40.579432], [-73.985479, 40.579892], [-73.985619, 40.580622], [-73.985779, 40.581212], [-73.985794, 40.581363], [-73.985794, 40.581363], [-73.985829, 40.581722], [-73.986019, 40.582302], [-73.986229, 40.582962], [-73.986269, 40.583102], [-73.986357, 40.583339], [-73.986357, 40.583339], [-73.986369, 40.583372], [-73.986449, 40.583602], [-73.986539, 40.583812], [-73.986699, 40.584102], [-73.986759, 40.584222], [-73.986959, 40.584562], [-73.987049, 40.584712], [-73.987279, 40.585082], [-73.987339, 40.585202], [-73.987509, 40.585432], [-73.987839, 40.585882], [-73.987974, 40.586052], [-73.987974, 40.586052], [-73.989682, 40.588162], [-73.989682, 40.588162], [-73.989729, 40.588212], [-73.989829, 40.588322], [-73.989949, 40.588462], [-73.990409, 40.589112], [-73.990632, 40.589377], [-73.990632, 40.589377], [-73.991716, 40.590707], [-73.991716, 40.590707], [-73.99294, 40.592251], [-73.99294, 40.592251], [-73.993019, 40.592352], [-73.993559, 40.592992], [-73.993699, 40.593152], [-73.993969, 40.593392], [-73.994119, 40.593522], [-73.994279, 40.593652], [-73.994396, 40.593752], [-73.994396, 40.593752], [-73.994419, 40.593772], [-73.994769, 40.594082], [-73.994839, 40.594132], [-73.994989, 40.594242], [-73.995179, 40.594382], [-73.995299, 40.594432], [-73.995459, 40.594572], [-73.996059, 40.595072], [-73.996709, 40.595612], [-73.997024, 40.595883], [-73.997024, 40.595883], [-73.998339, 40.597007], [-73.998339, 40.597007], [-73.998639, 40.597262], [-73.998249, 40.597632], [-73.997729, 40.598132], [-73.99743, 40.59843], [-73.99743, 40.59843], [-73.995296, 40.600471], [-73.995296, 40.600471], [-73.993366, 40.602365], [-73.993366, 40.602365], [-73.991786, 40.603899], [-73.991786, 40.603899], [-73.990036, 40.605577], [-73.990036, 40.605577], [-73.989729, 40.605872], [-73.98921, 40.606381], [-73.98921, 40.606381], [-73.989169, 40.606422], [-73.989029, 40.606412], [-73.988919, 40.606392], [-73.988499, 40.606302], [-73.987019, 40.606012], [-73.986587, 40.605949], [-73.986587, 40.605949], [-73.984336, 40.605624], [-73.984336, 40.605624], [-73.984069, 40.605582], [-73.984019, 40.605572], [-73.983799, 40.605542], [-73.983499, 40.605512], [-73.983069, 40.605492], [-73.982089, 40.605372], [-73.981129, 40.605272], [-73.980569, 40.605212], [-73.980376, 40.605188], [-73.980376, 40.605188], [-73.980159, 40.605162], [-73.979119, 40.605052], [-73.978079, 40.604902], [-73.977692, 40.604843], [-73.977692, 40.604843], [-73.97631, 40.604638], [-73.97631, 40.604638], [-73.976129, 40.604612], [-73.975159, 40.604502], [-73.974889, 40.604472], [-73.974209, 40.604392], [-73.973969, 40.604362], [-73.973209, 40.604292], [-73.973069, 40.604282], [-73.972469, 40.604202], [-73.972415, 40.604197], [-73.972415, 40.604197], [-73.972359, 40.604192], [-73.972259, 40.604182], [-73.972189, 40.604182], [-73.971949, 40.604192], [-73.971779, 40.604212], [-73.970929, 40.604322], [-73.970859, 40.604332], [-73.970089, 40.604422], [-73.970019, 40.604432], [-73.969588, 40.604483], [-73.969588, 40.604483], [-73.969089, 40.604542], [-73.968799, 40.604592], [-73.968719, 40.604622], [-73.968499, 40.604732], [-73.968339, 40.604832], [-73.968219, 40.604922], [-73.967579, 40.605382], [-73.967429, 40.605472], [-73.967401, 40.605486], [-73.967401, 40.605486], [-73.967329, 40.605522], [-73.967219, 40.605562], [-73.966939, 40.605662], [-73.966689, 40.605742], [-73.966039, 40.605972], [-73.965649, 40.606102], [-73.965295, 40.606226], [-73.965295, 40.606226], [-73.964619, 40.606462], [-73.963719, 40.606742], [-73.962889, 40.607012], [-73.961879, 40.607322], [-73.961401, 40.607506], [-73.961401, 40.607506], [-73.960247, 40.60794], [-73.960247, 40.60794], [-73.960049, 40.608012], [-73.959159, 40.608362], [-73.959059, 40.608402], [-73.958919, 40.608462], [-73.958279, 40.608742], [-73.958039, 40.608852], [-73.957879, 40.608932], [-73.957759, 40.608982], [-73.957649, 40.609032], [-73.957569, 40.609062], [-73.957549, 40.609072], [-73.957549, 40.609072], [-73.957509, 40.609092], [-73.957409, 40.609142], [-73.956489, 40.609532], [-73.955589, 40.609932], [-73.955248, 40.610054], [-73.955248, 40.610054], [-73.953752, 40.610573], [-73.953752, 40.610573], [-73.953639, 40.610612], [-73.953549, 40.610642], [-73.953139, 40.610802], [-73.952589, 40.611092], [-73.951889, 40.611232], [-73.951649, 40.611272], [-73.951379, 40.611332], [-73.951203, 40.611381], [-73.951203, 40.611381], [-73.951199, 40.611382], [-73.951059, 40.611432], [-73.950909, 40.611502], [-73.950769, 40.611582], [-73.949959, 40.612292], [-73.949327, 40.612863], [-73.949327, 40.612863], [-73.949119, 40.613052], [-73.948259, 40.613632], [-73.94762, 40.614075], [-73.94762, 40.614075], [-73.947409, 40.614222], [-73.947159, 40.614392], [-73.946559, 40.614782], [-73.945979, 40.615182], [-73.945848, 40.615271], [-73.945848, 40.615271], [-73.945729, 40.615352], [-73.945249, 40.615712], [-73.944839, 40.616012], [-73.944773, 40.616069], [-73.944773, 40.616069], [-73.944439, 40.616362], [-73.944349, 40.616432], [-73.943969, 40.616782], [-73.943491, 40.617311], [-73.943491, 40.617311], [-73.943409, 40.617402], [-73.943059, 40.617802], [-73.942639, 40.618302], [-73.942409, 40.618572], [-73.942212, 40.618799], [-73.942212, 40.618799], [-73.941889, 40.619172], [-73.941639, 40.619462], [-73.941339, 40.619592], [-73.941269, 40.619592], [-73.941219, 40.619602], [-73.941039, 40.619712], [-73.940949, 40.619802], [-73.940921, 40.619843], [-73.940921, 40.619843], [-73.940849, 40.619952], [-73.940829, 40.620042], [-73.940829, 40.620092], [-73.940829, 40.620142], [-73.940779, 40.620272], [-73.940759, 40.620502], [-73.940429, 40.620812], [-73.939989, 40.621142], [-73.939679, 40.621312], [-73.939369, 40.621452], [-73.93933, 40.621466], [-73.93933, 40.621466], [-73.939119, 40.621542], [-73.938219, 40.621832], [-73.937499, 40.622072], [-73.937469, 40.621972], [-73.93706, 40.622102], [-73.93706, 40.622102], [-73.937029, 40.622112], [-73.936739, 40.622222], [-73.936539, 40.622312], [-73.936459, 40.622232], [-73.936129, 40.621902], [-73.935359, 40.621212], [-73.935309, 40.621252], [-73.935029, 40.621435], [-73.935029, 40.621435], [-73.932795, 40.622874], [-73.932795, 40.622874], [-73.932179, 40.623252], [-73.931299, 40.623852], [-73.930592, 40.624305], [-73.930592, 40.624305], [-73.92797, 40.626017], [-73.92797, 40.626017], [-73.927659, 40.626212], [-73.927189, 40.626512], [-73.926709, 40.626822], [-73.925819, 40.627402], [-73.924929, 40.627982], [-73.924617, 40.628187], [-73.924617, 40.628187], [-73.924289, 40.628402], [-73.924019, 40.628572], [-73.923679, 40.628792], [-73.923129, 40.629162], [-73.922209, 40.629752], [-73.921299, 40.630332], [-73.921013, 40.630512], [-73.921013, 40.630512], [-73.920429, 40.630882], [-73.919549, 40.631442], [-73.919019, 40.631792], [-73.918739, 40.631972], [-73.918599, 40.632072], [-73.918339, 40.632232], [-73.917988, 40.632457], [-73.917988, 40.632457], [-73.915579, 40.634008], [-73.915579, 40.634008], [-73.915479, 40.634072], [-73.914749, 40.634542], [-73.914049, 40.635002], [-73.913599, 40.635302], [-73.913359, 40.635472], [-73.913299, 40.635512], [-73.912959, 40.635722], [-73.912914, 40.635748], [-73.912914, 40.635748], [-73.912569, 40.635952], [-73.912499, 40.635992], [-73.912419, 40.636042], [-73.911912, 40.636368], [-73.911912, 40.636368], [-73.910115, 40.637548], [-73.910115, 40.637548], [-73.908602, 40.63853], [-73.908602, 40.63853], [-73.907143, 40.639474], [-73.907143, 40.639474], [-73.90604, 40.640176], [-73.90604, 40.640176], [-73.904316, 40.641292], [-73.904316, 40.641292], [-73.902761, 40.642298], [-73.902761, 40.642298], [-73.902329, 40.642572], [-73.901469, 40.643122], [-73.901656, 40.643298], [-73.901656, 40.643298], [-73.902169, 40.643782], [-73.903099, 40.644622], [-73.902309, 40.645142], [-73.901785, 40.645477], [-73.901785, 40.645477], [-73.899682, 40.646825], [-73.899682, 40.646825], [-73.899269, 40.647092], [-73.898549, 40.647552], [-73.897829, 40.648052], [-73.897119, 40.647412], [-73.896929, 40.647242], [-73.896169, 40.646562], [-73.895929, 40.646662], [-73.895748, 40.646777], [-73.895748, 40.646777], [-73.894259, 40.647733], [-73.894259, 40.647733], [-73.892615, 40.648787], [-73.892615, 40.648787], [-73.892499, 40.648862], [-73.892269, 40.649052], [-73.892049, 40.649252], [-73.891599, 40.649642], [-73.891209, 40.649982], [-73.891169, 40.650022], [-73.890899, 40.650262], [-73.890329, 40.650772], [-73.890065, 40.651016], [-73.890065, 40.651016], [-73.890059, 40.651022], [-73.889959, 40.651092], [-73.889679, 40.651242], [-73.888749, 40.651632], [-73.888378, 40.65179], [-73.888378, 40.65179], [-73.887929, 40.651982], [-73.887099, 40.652342], [-73.886319, 40.652682], [-73.886051, 40.65232], [-73.886051, 40.65232], [-73.884651, 40.650422], [-73.884651, 40.650422], [-73.884479, 40.650212], [-73.884169, 40.649912], [-73.883769, 40.649562], [-73.883559, 40.649372], [-73.883149, 40.649022], [-73.882819, 40.648712], [-73.882469, 40.648382], [-73.882339, 40.648262], [-73.881869, 40.647832], [-73.881668, 40.64765], [-73.881668, 40.64765], [-73.880024, 40.646199], [-73.880024, 40.646199], [-73.879929, 40.646112], [-73.879339, 40.645562], [-73.879049, 40.645282], [-73.878569, 40.644912], [-73.878359, 40.644802], [-73.878189, 40.644642], [-73.877945, 40.644419], [-73.877945, 40.644419], [-73.877729, 40.644222], [-73.877609, 40.644112], [-73.877519, 40.644022], [-73.877919, 40.643452], [-73.878185, 40.643061], [-73.878253, 40.642962]]}}, {"type": "Feature", "properties": {"route_id": "B9", "tier": "priority", "high_need_count": 3}, "geometry": {"type": "LineString", "coordinates": [[-73.93779, 40.622876], [-73.938409, 40.622802], [-73.939329, 40.622702], [-73.940259, 40.622602], [-73.940633, 40.622561], [-73.940633, 40.622561], [-73.940719, 40.622552], [-73.941219, 40.622492], [-73.942179, 40.622392], [-73.943109, 40.622282], [-73.943421, 40.622249], [-73.943421, 40.622249], [-73.944049, 40.622182], [-73.944969, 40.622082], [-73.945269, 40.622052], [-73.945959, 40.621972], [-73.946163, 40.621948], [-73.946163, 40.621948], [-73.946309, 40.621932], [-73.946659, 40.621892], [-73.946959, 40.621862], [-73.947729, 40.621782], [-73.947889, 40.621762], [-73.9483, 40.621717], [-73.9483, 40.621717], [-73.948809, 40.621662], [-73.949049, 40.621632], [-73.949739, 40.621562], [-73.949809, 40.621552], [-73.950689, 40.621452], [-73.95101, 40.62142], [-73.95101, 40.62142], [-73.951489, 40.621372], [-73.951649, 40.621352], [-73.952589, 40.621252], [-73.952938, 40.62121], [-73.952938, 40.62121], [-73.953519, 40.621142], [-73.954449, 40.621042], [-73.954909, 40.620982], [-73.955469, 40.620922], [-73.955429, 40.620712], [-73.955406, 40.62059], [-73.955406, 40.62059], [-73.955029, 40.618542], [-73.955496, 40.618491], [-73.955496, 40.618491], [-73.956219, 40.618412], [-73.956699, 40.618352], [-73.957179, 40.618302], [-73.95756, 40.618262], [-73.95756, 40.618262], [-73.958139, 40.618202], [-73.959109, 40.618102], [-73.959359, 40.618072], [-73.959479, 40.618052], [-73.959629, 40.618032], [-73.960029, 40.617992], [-73.960418, 40.617945], [-73.960418, 40.617945], [-73.960939, 40.617882], [-73.961229, 40.617852], [-73.961619, 40.617812], [-73.961768, 40.617794], [-73.961768, 40.617794], [-73.961879, 40.617782], [-73.962799, 40.617672], [-73.963359, 40.617622], [-73.963625, 40.617591], [-73.963625, 40.617591], [-73.963799, 40.617572], [-73.964809, 40.617462], [-73.965719, 40.617362], [-73.966091, 40.617322], [-73.966091, 40.617322], [-73.966659, 40.617262], [-73.967729, 40.617142], [-73.968101, 40.617102], [-73.968101, 40.617102], [-73.968769, 40.617032], [-73.968839, 40.617022], [-73.969089, 40.616992], [-73.968649, 40.614602], [-73.968929, 40.614572], [-73.969337, 40.614527], [-73.969337, 40.614527], [-73.970019, 40.614452], [-73.970949, 40.614352], [-73.971889, 40.614252], [-73.972283, 40.614205], [-73.972283, 40.614205], [-73.972899, 40.614132], [-73.973959, 40.614032], [-73.974069, 40.614022], [-73.974512, 40.614301], [-73.974512, 40.614301], [-73.975179, 40.614722], [-73.976209, 40.615342], [-73.976535, 40.61554], [-73.976535, 40.61554], [-73.978429, 40.616692], [-73.978689, 40.616852], [-73.978792, 40.616914], [-73.978792, 40.616914], [-73.980669, 40.618042], [-73.980998, 40.61824], [-73.980998, 40.61824], [-73.982879, 40.619372], [-73.983275, 40.619611], [-73.983275, 40.619611], [-73.985079, 40.620702], [-73.985382, 40.620884], [-73.985382, 40.620884], [-73.987259, 40.622012], [-73.987606, 40.622221], [-73.987606, 40.622221], [-73.989383, 40.623288], [-73.989383, 40.623288], [-73.989489, 40.623352], [-73.991845, 40.624785], [-73.991845, 40.624785], [-73.991939, 40.624842], [-73.992719, 40.625312], [-73.994149, 40.626172], [-73.994482, 40.626374], [-73.994482, 40.626374], [-73.996319, 40.627492], [-73.996529, 40.627652], [-73.99699, 40.627921], [-73.99699, 40.627921], [-73.998539, 40.628822], [-73.998874, 40.629027], [-73.998874, 40.629027], [-74.000729, 40.630162], [-74.001009, 40.630331], [-74.001009, 40.630331], [-74.002939, 40.631502], [-74.003247, 40.631686], [-74.003247, 40.631686], [-74.005149, 40.632822], [-74.005559, 40.633062], [-74.005927, 40.633286], [-74.005927, 40.633286], [-74.007349, 40.634152], [-74.007647, 40.634333], [-74.007647, 40.634333], [-74.009549, 40.635492], [-74.009897, 40.635703], [-74.009897, 40.635703], [-74.010839, 40.636272], [-74.011609, 40.636732], [-74.011749, 40.636812], [-74.012099, 40.637028], [-74.012099, 40.637028], [-74.012949, 40.637552], [-74.013679, 40.637982], [-74.013979, 40.638152], [-74.014275, 40.63833], [-74.014275, 40.63833], [-74.016179, 40.639472], [-74.016519, 40.639678], [-74.016519, 40.639678], [-74.018359, 40.640792], [-74.018489, 40.640872], [-74.018576, 40.640788], [-74.018576, 40.640788], [-74.019089, 40.640292], [-74.019659, 40.639732], [-74.020239, 40.639172], [-74.02038, 40.639038], [-74.02038, 40.639038], [-74.020569, 40.638862], [-74.020829, 40.638622], [-74.021049, 40.638412], [-74.021119, 40.638352], [-74.021169, 40.638302], [-74.021239, 40.638212], [-74.021319, 40.638112], [-74.021339, 40.638072], [-74.021379, 40.637982], [-74.021544, 40.63783], [-74.021544, 40.63783], [-74.021749, 40.637642], [-74.021949, 40.637452], [-74.022039, 40.637372], [-74.022199, 40.637212], [-74.022479, 40.636942], [-74.022609, 40.636792], [-74.022659, 40.636712], [-74.022769, 40.636442], [-74.022919, 40.636082], [-74.022938, 40.636035], [-74.022938, 40.636035], [-74.023229, 40.635322], [-74.023519, 40.634612], [-74.023909, 40.634785], [-74.023909, 40.634785], [-74.024759, 40.635162], [-74.025449, 40.635472], [-74.025799, 40.635622], [-74.026049, 40.635712], [-74.026544, 40.635867], [-74.026544, 40.635867], [-74.027859, 40.636282], [-74.028669, 40.636532], [-74.029042, 40.636648], [-74.029042, 40.636648], [-74.031269, 40.637342], [-74.031636, 40.63746], [-74.031636, 40.63746], [-74.032079, 40.637602], [-74.033879, 40.638142], [-74.033998, 40.637857], [-74.033998, 40.637857], [-74.034159, 40.637472], [-74.034459, 40.636772], [-74.034541, 40.636562], [-74.034541, 40.636562], [-74.034609, 40.636392], [-74.034729, 40.636092], [-74.035749, 40.636342], [-74.036399, 40.636492], [-74.036579, 40.636572], [-74.036519, 40.636652], [-74.036419, 40.636772], [-74.036371, 40.63684]]}}, {"type": "Feature", "properties": {"route_id": "BX6", "tier": "secondary", "high_need_count": 1}, "geometry": {"type": "LineString", "coordinates": [[-73.891741, 40.82098], [-73.891609, 40.820982], [-73.891189, 40.820612], [-73.890819, 40.820302], [-73.890719, 40.820232], [-73.890639, 40.820162], [-73.890519, 40.820082], [-73.890449, 40.820022], [-73.890379, 40.819972], [-73.890159, 40.819772], [-73.889719, 40.819422], [-73.889631, 40.819293], [-73.889631, 40.819293], [-73.889169, 40.818612], [-73.888629, 40.817752], [-73.887999, 40.816592], [-73.887799, 40.816402], [-73.887497, 40.816121], [-73.887497, 40.816121], [-73.887369, 40.816002], [-73.886709, 40.815372], [-73.885889, 40.814582], [-73.885549, 40.814632], [-73.885146, 40.814694], [-73.885146, 40.814694], [-73.884639, 40.814772], [-73.883719, 40.814912], [-73.882799, 40.815052], [-73.881879, 40.815192], [-73.881866, 40.81514], [-73.881866, 40.81514], [-73.881289, 40.812902], [-73.880789, 40.811022], [-73.88044, 40.809628], [-73.88044, 40.809628], [-73.880379, 40.809382], [-73.879929, 40.807676], [-73.879929, 40.807676], [-73.879889, 40.807522], [-73.879399, 40.805692], [-73.879379, 40.805572], [-73.879199, 40.805602], [-73.879138, 40.80561], [-73.879138, 40.80561], [-73.877889, 40.805772], [-73.877749, 40.805772], [-73.877459, 40.805742], [-73.877169, 40.805672], [-73.877039, 40.805612], [-73.876779, 40.805482], [-73.876659, 40.805392], [-73.876014, 40.804771], [-73.876014, 40.804771], [-73.875089, 40.803882], [-73.874839, 40.803682], [-73.874569, 40.803542], [-73.874269, 40.803452], [-73.873789, 40.803392], [-73.873689, 40.803392], [-73.873481, 40.803431], [-73.873481, 40.803431], [-73.873369, 40.803452], [-73.873079, 40.803532], [-73.872799, 40.803672], [-73.872669, 40.803762], [-73.872449, 40.803972], [-73.871899, 40.804692], [-73.871629, 40.805002], [-73.870889, 40.806022], [-73.870839, 40.806152], [-73.870799, 40.806382], [-73.870819, 40.806552], [-73.870859, 40.806702], [-73.871859, 40.808512], [-73.871918, 40.808618], [-73.871918, 40.808618], [-73.872629, 40.809902], [-73.872729, 40.810032], [-73.872859, 40.810152], [-73.872979, 40.810232], [-73.873189, 40.810322], [-73.873439, 40.810372], [-73.873619, 40.810372], [-73.874199, 40.810292], [-73.874244, 40.810288], [-73.874244, 40.810288], [-73.874589, 40.810262], [-73.875089, 40.810182], [-73.875819, 40.810072], [-73.876061, 40.810035]]}}, {"type": "Feature", "properties": {"route_id": "BX9", "tier": "priority", "high_need_count": 3}, "geometry": {"type": "LineString", "coordinates": [[-73.909328, 40.874311], [-73.908889, 40.873992], [-73.908709, 40.873862], [-73.908539, 40.873762], [-73.908309, 40.873692], [-73.907369, 40.873502], [-73.907129, 40.873462], [-73.906699, 40.873382], [-73.906369, 40.873322], [-73.906239, 40.873282], [-73.906139, 40.873252], [-73.905989, 40.873222], [-73.905839, 40.873182], [-73.905719, 40.873132], [-73.905529, 40.873042], [-73.905399, 40.872982], [-73.905289, 40.872922], [-73.905149, 40.872852], [-73.905019, 40.872792], [-73.904929, 40.872742], [-73.90477, 40.872662], [-73.90477, 40.872662], [-73.904749, 40.872652], [-73.904679, 40.872612], [-73.904579, 40.872542], [-73.904489, 40.872442], [-73.904459, 40.872382], [-73.904449, 40.872302], [-73.904469, 40.871302], [-73.904469, 40.871202], [-73.904479, 40.871082], [-73.904489, 40.870792], [-73.904499, 40.870592], [-73.904489, 40.870522], [-73.904469, 40.870452], [-73.904469, 40.870452], [-73.904469, 40.870452], [-73.904429, 40.870382], [-73.904259, 40.870172], [-73.904179, 40.870072], [-73.904039, 40.869912], [-73.903799, 40.869632], [-73.903659, 40.86952], [-73.903659, 40.86952], [-73.903649, 40.869512], [-73.903249, 40.869192], [-73.902989, 40.869022], [-73.902369, 40.868672], [-73.901839, 40.868482], [-73.901489, 40.868372], [-73.901215, 40.868308], [-73.901215, 40.868308], [-73.901059, 40.868272], [-73.900509, 40.868142], [-73.900149, 40.868062], [-73.899939, 40.868012], [-73.899429, 40.867872], [-73.898499, 40.867672], [-73.897909, 40.867562], [-73.897643, 40.867512], [-73.897643, 40.867512], [-73.897429, 40.867472], [-73.897089, 40.867362], [-73.896769, 40.867212], [-73.896719, 40.867192], [-73.896319, 40.867012], [-73.895429, 40.866622], [-73.895429, 40.866512], [-73.895269, 40.866392], [-73.895119, 40.866312], [-73.894859, 40.866182], [-73.894589, 40.866032], [-73.894449, 40.865972], [-73.894299, 40.865902], [-73.894251, 40.865877], [-73.894251, 40.865877], [-73.894099, 40.865802], [-73.893979, 40.865692], [-73.893939, 40.865572], [-73.893909, 40.865422], [-73.893889, 40.865262], [-73.893909, 40.865152], [-73.893929, 40.865102], [-73.893989, 40.864982], [-73.894099, 40.864732], [-73.894219, 40.864412], [-73.894289, 40.864142], [-73.894299, 40.863892], [-73.894284, 40.863726], [-73.894284, 40.863726], [-73.894219, 40.863032], [-73.894149, 40.862692], [-73.894079, 40.862412], [-73.893889, 40.862252], [-73.893803, 40.862172], [-73.893803, 40.862172], [-73.893519, 40.861912], [-73.893339, 40.861892], [-73.892829, 40.861822], [-73.892539, 40.861822], [-73.892189, 40.861862], [-73.892059, 40.861872], [-73.891939, 40.861872], [-73.891809, 40.861852], [-73.891599, 40.861792], [-73.891349, 40.861712], [-73.891119, 40.861582], [-73.890639, 40.861302], [-73.890249, 40.861082], [-73.889844, 40.860868], [-73.889844, 40.860868], [-73.889529, 40.860702], [-73.888859, 40.860362], [-73.888209, 40.860022], [-73.887572, 40.859691], [-73.887572, 40.859691], [-73.887439, 40.859622], [-73.887239, 40.859522], [-73.886739, 40.859252], [-73.885929, 40.858842], [-73.88561, 40.85868], [-73.88561, 40.85868], [-73.885119, 40.858432], [-73.884869, 40.858302], [-73.884369, 40.858152], [-73.884099, 40.858092], [-73.883829, 40.858032], [-73.883619, 40.857922], [-73.882879, 40.857696], [-73.882879, 40.857696], [-73.882769, 40.857662], [-73.882539, 40.857602], [-73.882319, 40.857522], [-73.882109, 40.857442], [-73.881889, 40.857342], [-73.881559, 40.857192], [-73.881149, 40.857002], [-73.880739, 40.856802], [-73.880729, 40.856522], [-73.880818, 40.856225], [-73.880818, 40.856225], [-73.880859, 40.856092], [-73.880979, 40.855722], [-73.881359, 40.854522], [-73.881709, 40.853332], [-73.881758, 40.853158], [-73.881758, 40.853158], [-73.882029, 40.852192], [-73.882149, 40.851712], [-73.882319, 40.851052], [-73.882368, 40.850895], [-73.882368, 40.850895], [-73.882589, 40.850202], [-73.882659, 40.849962], [-73.882719, 40.849722], [-73.882849, 40.849182], [-73.882879, 40.849062], [-73.883009, 40.848632], [-73.883119, 40.848222], [-73.883179, 40.848002], [-73.883195, 40.847951], [-73.883195, 40.847951], [-73.883279, 40.847672], [-73.883329, 40.847502], [-73.883429, 40.847262], [-73.883509, 40.847112], [-73.883639, 40.846972], [-73.883809, 40.846772], [-73.884169, 40.846352], [-73.884479, 40.846002], [-73.884129, 40.845812], [-73.883709, 40.845605], [-73.883709, 40.845605], [-73.883479, 40.845492], [-73.882429, 40.844972], [-73.881659, 40.844592], [-73.881474, 40.844486], [-73.881474, 40.844486], [-73.880459, 40.843902], [-73.879189, 40.843172], [-73.878169, 40.842602], [-73.878216, 40.842521], [-73.878216, 40.842521], [-73.878819, 40.841512], [-73.879189, 40.841142], [-73.879379, 40.840952], [-73.879439, 40.840893]]}}, {"type": "Feature", "properties": {"route_id": "BX12", "tier": "secondary", "high_need_count": 1}, "geometry": {"type": "LineString", "coordinates": [[-73.919806, 40.868083], [-73.919739, 40.868102], [-73.919689, 40.868032], [-73.919219, 40.867272], [-73.918659, 40.866402], [-73.918599, 40.866302], [-73.919999, 40.865792], [-73.919359, 40.864802], [-73.919239, 40.864652], [-73.919169, 40.864592], [-73.919069, 40.864532], [-73.918919, 40.864462], [-73.918709, 40.864372], [-73.918489, 40.864279], [-73.918489, 40.864279], [-73.917069, 40.863682], [-73.915689, 40.863112], [-73.915529, 40.863042], [-73.915339, 40.862962], [-73.914309, 40.862512], [-73.913899, 40.862362], [-73.913619, 40.862242], [-73.913259, 40.862072], [-73.913109, 40.862002], [-73.912929, 40.861922], [-73.912799, 40.861882], [-73.912589, 40.861842], [-73.912439, 40.861822], [-73.911779, 40.861742], [-73.911478, 40.861704], [-73.911478, 40.861704], [-73.911219, 40.861672], [-73.911069, 40.861662], [-73.910939, 40.861662], [-73.910839, 40.861682], [-73.910709, 40.861722], [-73.909899, 40.862302], [-73.909749, 40.862412], [-73.908989, 40.862692], [-73.909049, 40.863022], [-73.909059, 40.863172], [-73.909069, 40.863542], [-73.909039, 40.863802], [-73.908989, 40.864022], [-73.908949, 40.864202], [-73.908939, 40.864242], [-73.908869, 40.864532], [-73.908779, 40.864822], [-73.908729, 40.864962], [-73.908689, 40.865052], [-73.908629, 40.865142], [-73.908569, 40.865232], [-73.908339, 40.865452], [-73.908279, 40.865542], [-73.908459, 40.865582], [-73.908479, 40.865452], [-73.908569, 40.865232], [-73.908629, 40.865142], [-73.908689, 40.865052], [-73.908729, 40.864962], [-73.908779, 40.864822], [-73.908869, 40.864532], [-73.908939, 40.864242], [-73.908949, 40.864202], [-73.908989, 40.864022], [-73.909039, 40.863802], [-73.909069, 40.863542], [-73.909059, 40.863172], [-73.909049, 40.863022], [-73.908989, 40.862692], [-73.908619, 40.862762], [-73.908483, 40.862783], [-73.908483, 40.862783], [-73.908179, 40.862832], [-73.907929, 40.862842], [-73.907769, 40.862832], [-73.907699, 40.862832], [-73.907499, 40.862822], [-73.906429, 40.862782], [-73.906139, 40.862772], [-73.905849, 40.862762], [-73.905529, 40.862752], [-73.904959, 40.862732], [-73.904409, 40.862742], [-73.904256, 40.862742], [-73.904256, 40.862742], [-73.904089, 40.862742], [-73.903999, 40.862742], [-73.903319, 40.862732], [-73.902839, 40.862702], [-73.902289, 40.862702], [-73.901719, 40.862772], [-73.901469, 40.862782], [-73.901372, 40.862776], [-73.901372, 40.862776], [-73.901309, 40.862772], [-73.901199, 40.862762], [-73.901089, 40.862742], [-73.900879, 40.862672], [-73.900269, 40.862452], [-73.899959, 40.862332], [-73.899629, 40.862192], [-73.899359, 40.862152], [-73.899159, 40.862152], [-73.898889, 40.862202], [-73.898399, 40.862292], [-73.897979, 40.862372], [-73.897574, 40.862428], [-73.897574, 40.862428], [-73.897329, 40.862462], [-73.897109, 40.862462], [-73.896939, 40.862452], [-73.895998, 40.862274], [-73.895998, 40.862274], [-73.895879, 40.862252], [-73.894839, 40.862052], [-73.894129, 40.861972], [-73.893915, 40.861949], [-73.893915, 40.861949], [-73.893759, 40.861932], [-73.893519, 40.861912], [-73.893339, 40.861892], [-73.892829, 40.861822], [-73.892539, 40.861822], [-73.892189, 40.861862], [-73.892059, 40.861872], [-73.891939, 40.861872], [-73.891809, 40.861852], [-73.891599, 40.861792], [-73.891349, 40.861712], [-73.891119, 40.861582], [-73.890639, 40.861302], [-73.890402, 40.861168], [-73.890402, 40.861168], [-73.890249, 40.861082], [-73.889529, 40.860702], [-73.888859, 40.860362], [-73.888209, 40.860022], [-73.887572, 40.859691], [-73.887572, 40.859691], [-73.887439, 40.859622], [-73.887239, 40.859522], [-73.886739, 40.859252], [-73.885929, 40.858842], [-73.88561, 40.85868], [-73.88561, 40.85868], [-73.885119, 40.858432], [-73.884869, 40.858302], [-73.884369, 40.858152], [-73.884099, 40.858092], [-73.883829, 40.858032], [-73.883619, 40.857922], [-73.882879, 40.857696], [-73.882879, 40.857696], [-73.882769, 40.857662], [-73.882539, 40.857602], [-73.882319, 40.857522], [-73.882109, 40.857442], [-73.881889, 40.857342], [-73.881559, 40.857192], [-73.881149, 40.857002], [-73.880739, 40.856802], [-73.880589, 40.856732], [-73.880109, 40.856512], [-73.880109, 40.856512], [-73.879999, 40.856462], [-73.879249, 40.856132], [-73.878819, 40.855912], [-73.878559, 40.855792], [-73.878219, 40.855622], [-73.877919, 40.855502], [-73.877609, 40.855422], [-73.877429, 40.855402], [-73.877269, 40.855382], [-73.876879, 40.855402], [-73.876759, 40.855412], [-73.876479, 40.855452], [-73.875849, 40.855542], [-73.874909, 40.855732], [-73.872749, 40.856182], [-73.872489, 40.856242], [-73.872339, 40.856272], [-73.872059, 40.856342], [-73.871239, 40.856562], [-73.870939, 40.856642], [-73.870669, 40.856692], [-73.870409, 40.856722], [-73.870129, 40.856732], [-73.869279, 40.856702], [-73.869089, 40.856752], [-73.868369, 40.856752], [-73.867835, 40.856761], [-73.867835, 40.856761], [-73.867749, 40.856762], [-73.867619, 40.856762], [-73.867489, 40.856762], [-73.866399, 40.856792], [-73.866129, 40.856802], [-73.864679, 40.856842], [-73.862849, 40.856892], [-73.861763, 40.85692], [-73.861763, 40.85692], [-73.861699, 40.856922], [-73.857729, 40.857022], [-73.857394, 40.857031], [-73.857394, 40.857031], [-73.857359, 40.857032], [-73.856234, 40.857077], [-73.856234, 40.857077], [-73.856129, 40.857082], [-73.853099, 40.857342], [-73.852889, 40.857362], [-73.851639, 40.857472], [-73.851638, 40.857472], [-73.851638, 40.857472], [-73.850069, 40.857602], [-73.849629, 40.857632], [-73.848639, 40.857472], [-73.848539, 40.857462], [-73.847929, 40.857452], [-73.847391, 40.857446], [-73.847391, 40.857446], [-73.847009, 40.857442], [-73.846689, 40.857432], [-73.845889, 40.857362], [-73.844939, 40.857412], [-73.843928, 40.857311], [-73.843928, 40.857311], [-73.843729, 40.857292], [-73.839619, 40.856642], [-73.838919, 40.856532], [-73.838805, 40.856519], [-73.838805, 40.856519], [-73.838569, 40.856492], [-73.838299, 40.856472], [-73.837769, 40.856472], [-73.837369, 40.856512], [-73.836709, 40.856582], [-73.836619, 40.856582], [-73.836359, 40.856562], [-73.835489, 40.856422], [-73.834949, 40.856332], [-73.834549, 40.856272], [-73.833199, 40.856032], [-73.832979, 40.855992], [-73.832779, 40.855952], [-73.832699, 40.855922], [-73.832459, 40.855832], [-73.832339, 40.855772], [-73.831999, 40.855612], [-73.831899, 40.855572], [-73.831729, 40.855512], [-73.831559, 40.855472], [-73.831389, 40.855452], [-73.831139, 40.855452], [-73.830749, 40.855512], [-73.830717, 40.855517], [-73.830717, 40.855517], [-73.830629, 40.855532], [-73.829559, 40.855612], [-73.829229, 40.855652], [-73.828589, 40.855722], [-73.828009, 40.854712], [-73.827109, 40.853202], [-73.826969, 40.853262], [-73.826869, 40.853292], [-73.826759, 40.853302], [-73.826747, 40.853301], [-73.826747, 40.853301], [-73.826639, 40.853292], [-73.826499, 40.853272], [-73.826249, 40.853242], [-73.826029, 40.853162], [-73.825849, 40.853422], [-73.825719, 40.853652], [-73.825629, 40.853922], [-73.825609, 40.854212], [-73.825619, 40.854382], [-73.825659, 40.854492], [-73.825709, 40.854632], [-73.825839, 40.854902], [-73.825959, 40.855152], [-73.826069, 40.855412], [-73.826219, 40.855742], [-73.826239, 40.855922], [-73.826269, 40.856122], [-73.826299, 40.856382], [-73.826309, 40.856512], [-73.826339, 40.856672], [-73.826359, 40.856792], [-73.826469, 40.857432], [-73.826589, 40.857872], [-73.826749, 40.858412], [-73.826879, 40.858822], [-73.826969, 40.859042], [-73.827029, 40.859192], [-73.827079, 40.859312], [-73.827129, 40.859442], [-73.827149, 40.859502], [-73.827189, 40.859612], [-73.827239, 40.859732], [-73.827309, 40.859922], [-73.827559, 40.860422], [-73.827729, 40.860692], [-73.827869, 40.860882], [-73.828029, 40.861112], [-73.828129, 40.861232], [-73.828309, 40.861432], [-73.828569, 40.861762], [-73.829119, 40.862482], [-73.829549, 40.863102], [-73.829669, 40.863272], [-73.829929, 40.863692], [-73.830319, 40.864342], [-73.830579, 40.864782], [-73.830639, 40.864882], [-73.830699, 40.864982], [-73.831209, 40.865872], [-73.831299, 40.866042], [-73.831379, 40.866412], [-73.831389, 40.866492], [-73.831389, 40.866552], [-73.831359, 40.866612], [-73.831339, 40.866652], [-73.831299, 40.866702], [-73.831149, 40.866792], [-73.830969, 40.866852], [-73.830799, 40.866902], [-73.831029, 40.867372], [-73.831059, 40.867432], [-73.831219, 40.867802], [-73.831345, 40.868085], [-73.831345, 40.868085], [-73.831389, 40.868182], [-73.831489, 40.868402], [-73.831629, 40.868722], [-73.831689, 40.868852], [-73.831829, 40.868802], [-73.832609, 40.868552], [-73.832759, 40.868512], [-73.833179, 40.868372], [-73.833119, 40.868252], [-73.833021, 40.868079]]}}, {"type": "Feature", "properties": {"route_id": "BX15", "tier": "secondary", "high_need_count": 2}, "geometry": {"type": "LineString", "coordinates": [[-73.916851, 40.816513], [-73.916769, 40.816562], [-73.915999, 40.817212], [-73.915539, 40.817572], [-73.915259, 40.817822], [-73.915029, 40.818032], [-73.914599, 40.818382], [-73.914469, 40.818492], [-73.91421, 40.81875], [-73.91421, 40.81875], [-73.914009, 40.818952], [-73.913509, 40.819542], [-73.913059, 40.820132], [-73.912569, 40.820852], [-73.912531, 40.820911], [-73.912531, 40.820911], [-73.912179, 40.821472], [-73.911949, 40.821812], [-73.911889, 40.821892], [-73.911749, 40.822032], [-73.911619, 40.822092], [-73.911409, 40.822172], [-73.911329, 40.822192], [-73.911049, 40.822242], [-73.910729, 40.822312], [-73.910289, 40.822372], [-73.909979, 40.822432], [-73.909819, 40.822482], [-73.909679, 40.822572], [-73.909549, 40.822682], [-73.909339, 40.822852], [-73.909089, 40.823382], [-73.908959, 40.823612], [-73.908679, 40.824092], [-73.908553, 40.824411], [-73.908553, 40.824411], [-73.908499, 40.824552], [-73.908479, 40.824602], [-73.908379, 40.824872], [-73.908219, 40.825282], [-73.907969, 40.825972], [-73.907829, 40.826312], [-73.907759, 40.826472], [-73.907689, 40.826662], [-73.907259, 40.827792], [-73.907039, 40.828262], [-73.906899, 40.828616], [-73.906899, 40.828616], [-73.906569, 40.829452], [-73.906409, 40.829792], [-73.906399, 40.829812], [-73.906229, 40.830192], [-73.905829, 40.831052], [-73.905681, 40.831355], [-73.905681, 40.831355], [-73.905199, 40.832342], [-73.905009, 40.832742], [-73.904768, 40.833107], [-73.904768, 40.833107], [-73.904639, 40.833302], [-73.904379, 40.833692], [-73.904139, 40.834062], [-73.903839, 40.834532], [-73.903699, 40.834742], [-73.903529, 40.834992], [-73.903229, 40.835442], [-73.902909, 40.835912], [-73.902651, 40.836257], [-73.902651, 40.836257], [-73.902529, 40.836422], [-73.902219, 40.836842], [-73.902089, 40.837022], [-73.901999, 40.837142], [-73.901739, 40.837472], [-73.901479, 40.837802], [-73.901263, 40.838075], [-73.901263, 40.838075], [-73.901179, 40.838182], [-73.900639, 40.838952], [-73.900349, 40.839372], [-73.900189, 40.839602], [-73.900139, 40.839672], [-73.899809, 40.840102], [-73.899159, 40.840952], [-73.899119, 40.841012], [-73.899, 40.841189], [-73.899, 40.841189], [-73.898749, 40.841562], [-73.898329, 40.842362], [-73.897619, 40.843802], [-73.897549, 40.843942], [-73.897499, 40.844052], [-73.897449, 40.844172], [-73.897319, 40.844432], [-73.897285, 40.844498], [-73.897285, 40.844498], [-73.895982, 40.84705], [-73.895982, 40.84705], [-73.895649, 40.847692], [-73.895619, 40.847762], [-73.895579, 40.847852], [-73.894939, 40.849102], [-73.894689, 40.849612], [-73.894319, 40.850352], [-73.894249, 40.850502], [-73.894089, 40.850692], [-73.894049, 40.850742], [-73.893865, 40.850941], [-73.893865, 40.850941], [-73.893809, 40.851002], [-73.893689, 40.851132], [-73.893499, 40.851332], [-73.893439, 40.851402], [-73.893059, 40.851792], [-73.892509, 40.852372], [-73.892209, 40.852682], [-73.892159, 40.852742], [-73.891819, 40.853122], [-73.891769, 40.853172], [-73.891116, 40.853878], [-73.891116, 40.853878], [-73.890919, 40.854092], [-73.890669, 40.854342], [-73.890409, 40.854662], [-73.890379, 40.854722], [-73.890369, 40.854852], [-73.890419, 40.855042], [-73.890509, 40.855232], [-73.890729, 40.855762], [-73.891029, 40.856452], [-73.891069, 40.856592], [-73.891079, 40.856742], [-73.891089, 40.857412], [-73.891089, 40.857472], [-73.891089, 40.857812], [-73.891089, 40.858082], [-73.891099, 40.858362], [-73.891102, 40.858467], [-73.891102, 40.858467], [-73.891109, 40.858662], [-73.891109, 40.858862], [-73.891109, 40.858922], [-73.891109, 40.859802], [-73.891149, 40.860002], [-73.890559, 40.860692], [-73.890346, 40.86096]]}}, {"type": "Feature", "properties": {"route_id": "BX17", "tier": "secondary", "high_need_count": 2}, "geometry": {"type": "LineString", "coordinates": [[-73.91871, 40.80486], [-73.918829, 40.804912], [-73.917959, 40.806102], [-73.917534, 40.80673], [-73.917534, 40.80673], [-73.917479, 40.806812], [-73.917019, 40.807502], [-73.916589, 40.808132], [-73.916488, 40.808292], [-73.916488, 40.808292], [-73.916179, 40.808782], [-73.915619, 40.809682], [-73.915189, 40.810392], [-73.91512, 40.810513], [-73.91512, 40.810513], [-73.914849, 40.810992], [-73.914729, 40.811192], [-73.914469, 40.811632], [-73.914399, 40.811752], [-73.914261, 40.811992], [-73.914261, 40.811992], [-73.914089, 40.812292], [-73.913719, 40.812942], [-73.913339, 40.813592], [-73.913209, 40.813812], [-73.912949, 40.814272], [-73.912853, 40.814238], [-73.912853, 40.814238], [-73.912609, 40.814152], [-73.912399, 40.814082], [-73.912269, 40.814042], [-73.912219, 40.814022], [-73.911809, 40.813882], [-73.911469, 40.813772], [-73.911229, 40.813702], [-73.910949, 40.813612], [-73.910639, 40.813552], [-73.910429, 40.813512], [-73.910145, 40.813459], [-73.910145, 40.813459], [-73.909999, 40.813432], [-73.909679, 40.813362], [-73.909059, 40.813232], [-73.908669, 40.813143], [-73.908669, 40.813143], [-73.908619, 40.813132], [-73.908489, 40.813102], [-73.908159, 40.813032], [-73.907259, 40.812842], [-73.907123, 40.812815], [-73.907123, 40.812815], [-73.906349, 40.812662], [-73.905969, 40.812582], [-73.905709, 40.812532], [-73.905389, 40.812462], [-73.904869, 40.812352], [-73.904469, 40.812262], [-73.904339, 40.812632], [-73.904339, 40.812632], [-73.904189, 40.813062], [-73.903849, 40.813992], [-73.903809, 40.814122], [-73.903469, 40.815052], [-73.903434, 40.815146], [-73.903434, 40.815146], [-73.903059, 40.816152], [-73.903019, 40.816302], [-73.902579, 40.817362], [-73.902469, 40.817627], [-73.902469, 40.817627], [-73.902099, 40.818522], [-73.901689, 40.819512], [-73.901619, 40.819662], [-73.901599, 40.819722], [-73.901378, 40.820249], [-73.901378, 40.820249], [-73.901289, 40.820462], [-73.901069, 40.820972], [-73.900839, 40.821532], [-73.900609, 40.822102], [-73.900467, 40.822443], [-73.900467, 40.822443], [-73.900039, 40.823472], [-73.899799, 40.824052], [-73.899171, 40.825587], [-73.899171, 40.825587], [-73.899129, 40.825692], [-73.898829, 40.826392], [-73.898209, 40.827882], [-73.898054, 40.828249], [-73.898054, 40.828249], [-73.897939, 40.828522], [-73.897569, 40.829412], [-73.897443, 40.82971], [-73.897443, 40.82971], [-73.897169, 40.830362], [-73.896899, 40.831032], [-73.896834, 40.831319], [-73.896834, 40.831319], [-73.896689, 40.831962], [-73.896449, 40.833052], [-73.896365, 40.833438], [-73.896365, 40.833438], [-73.896349, 40.833512], [-73.896879, 40.834192], [-73.897019, 40.834382], [-73.897359, 40.834842], [-73.897559, 40.835212], [-73.897659, 40.835482], [-73.897749, 40.835902], [-73.897758, 40.836409], [-73.897758, 40.836409], [-73.897759, 40.836472], [-73.897719, 40.836722], [-73.897629, 40.837022], [-73.897509, 40.837302], [-73.897359, 40.837562], [-73.897089, 40.837942], [-73.896599, 40.838512], [-73.896139, 40.839132], [-73.895638, 40.839955], [-73.895638, 40.839955], [-73.895549, 40.840102], [-73.895409, 40.840342], [-73.895199, 40.840702], [-73.894979, 40.841062], [-73.894899, 40.841192], [-73.894719, 40.841442], [-73.894099, 40.842182], [-73.893809, 40.842522], [-73.893539, 40.842792], [-73.893469, 40.842852], [-73.893215, 40.843105], [-73.893215, 40.843105], [-73.892979, 40.843342], [-73.892919, 40.843392], [-73.892819, 40.843492], [-73.892479, 40.843812], [-73.892039, 40.844332], [-73.891169, 40.845352], [-73.891119, 40.845412], [-73.891021, 40.845527], [-73.891021, 40.845527], [-73.890439, 40.846212], [-73.890189, 40.846522], [-73.889959, 40.846782], [-73.889469, 40.847372], [-73.888918, 40.848027], [-73.888918, 40.848027], [-73.888839, 40.848122], [-73.888199, 40.848882], [-73.888159, 40.848922], [-73.888039, 40.849052], [-73.886869, 40.849962], [-73.886534, 40.850221], [-73.886534, 40.850221], [-73.886429, 40.850302], [-73.885769, 40.850822], [-73.885489, 40.851042], [-73.884729, 40.851762], [-73.884581, 40.852049], [-73.884581, 40.852049], [-73.883629, 40.853902], [-73.883473, 40.854212], [-73.883473, 40.854212], [-73.882519, 40.856112], [-73.881969, 40.857182], [-73.881956, 40.857207], [-73.881956, 40.857207], [-73.881889, 40.857342], [-73.881829, 40.857452], [-73.881749, 40.857602], [-73.881649, 40.857772], [-73.881979, 40.857812], [-73.882329, 40.857892], [-73.882519, 40.857942], [-73.882889, 40.858062], [-73.883003, 40.858088], [-73.883003, 40.858088], [-73.883199, 40.858132], [-73.883409, 40.858162], [-73.883729, 40.858212], [-73.884009, 40.858242], [-73.884289, 40.858242], [-73.884839, 40.858382], [-73.885119, 40.858432], [-73.885829, 40.858791], [-73.885829, 40.858791], [-73.885929, 40.858842], [-73.886739, 40.859252], [-73.887239, 40.859522], [-73.887439, 40.859622], [-73.887721, 40.859768], [-73.887721, 40.859768], [-73.888209, 40.860022], [-73.888859, 40.860362], [-73.889779, 40.859342], [-73.891149, 40.860002], [-73.890997, 40.86018]]}}, {"type": "Feature", "properties": {"route_id": "BX19", "tier": "priority", "high_need_count": 5}, "geometry": {"type": "LineString", "coordinates": [[-73.916943, 40.815749], [-73.916769, 40.815672], [-73.914939, 40.814922], [-73.913399, 40.814422], [-73.912949, 40.814272], [-73.912853, 40.814238], [-73.912853, 40.814238], [-73.912609, 40.814152], [-73.912399, 40.814082], [-73.912269, 40.814042], [-73.912219, 40.814022], [-73.911809, 40.813882], [-73.911469, 40.813772], [-73.911229, 40.813702], [-73.910949, 40.813612], [-73.910639, 40.813552], [-73.910429, 40.813512], [-73.910145, 40.813459], [-73.910145, 40.813459], [-73.909999, 40.813432], [-73.909679, 40.813362], [-73.909059, 40.813232], [-73.908669, 40.813143], [-73.908669, 40.813143], [-73.908619, 40.813132], [-73.908489, 40.813102], [-73.908159, 40.813032], [-73.907259, 40.812842], [-73.907123, 40.812815], [-73.907123, 40.812815], [-73.906349, 40.812662], [-73.905969, 40.812582], [-73.905709, 40.812532], [-73.905389, 40.812462], [-73.904869, 40.812352], [-73.904469, 40.812262], [-73.904269, 40.812172], [-73.904149, 40.812102], [-73.903909, 40.812182], [-73.903662, 40.812253], [-73.903662, 40.812253], [-73.901439, 40.812892], [-73.901014, 40.81301], [-73.901014, 40.81301], [-73.899249, 40.813502], [-73.899059, 40.813572], [-73.898709, 40.813872], [-73.897649, 40.814932], [-73.89739, 40.815179], [-73.89739, 40.815179], [-73.896219, 40.816302], [-73.896149, 40.816362], [-73.895918, 40.816587], [-73.895918, 40.816587], [-73.895299, 40.817192], [-73.894119, 40.818342], [-73.893855, 40.818598], [-73.893855, 40.818598], [-73.893069, 40.819362], [-73.891999, 40.820432], [-73.891919, 40.820512], [-73.891694, 40.820853], [-73.891694, 40.820853], [-73.891609, 40.820982], [-73.891789, 40.823072], [-73.891797, 40.823171], [-73.891797, 40.823171], [-73.891919, 40.824541], [-73.891919, 40.824541], [-73.891929, 40.824652], [-73.891949, 40.825122], [-73.891939, 40.826792], [-73.891932, 40.827187], [-73.891932, 40.827187], [-73.891909, 40.828532], [-73.891872, 40.830047], [-73.891872, 40.830047], [-73.891869, 40.830152], [-73.891769, 40.830572], [-73.891619, 40.830912], [-73.890795, 40.832316], [-73.890795, 40.832316], [-73.890739, 40.832412], [-73.889804, 40.83397], [-73.889804, 40.83397], [-73.889749, 40.834062], [-73.889669, 40.834172], [-73.888759, 40.835702], [-73.888359, 40.836372], [-73.888039, 40.836882], [-73.887787, 40.837217], [-73.887787, 40.837217], [-73.887679, 40.837362], [-73.887639, 40.837522], [-73.887619, 40.837582], [-73.887589, 40.837642], [-73.887349, 40.838042], [-73.887289, 40.838132], [-73.886599, 40.839262], [-73.886419, 40.839572], [-73.886359, 40.839672], [-73.886289, 40.839842], [-73.886199, 40.840082], [-73.886189, 40.840152], [-73.886139, 40.840372], [-73.886099, 40.840552], [-73.886059, 40.840752], [-73.886047, 40.840807], [-73.886047, 40.840807], [-73.885969, 40.841182], [-73.885809, 40.841942], [-73.885759, 40.842172], [-73.885669, 40.842642], [-73.885659, 40.842692], [-73.885581, 40.843071], [-73.885581, 40.843071], [-73.885439, 40.843762], [-73.885359, 40.844192], [-73.885299, 40.844542], [-73.885249, 40.844832], [-73.885209, 40.845002], [-73.885119, 40.845182], [-73.884719, 40.845702], [-73.884574, 40.845882], [-73.884574, 40.845882], [-73.884479, 40.846002], [-73.884169, 40.846352], [-73.883809, 40.846772], [-73.883639, 40.846972], [-73.883509, 40.847112], [-73.883429, 40.847262], [-73.883329, 40.847502], [-73.883279, 40.847672], [-73.883266, 40.847712], [-73.883266, 40.847712], [-73.883179, 40.848002], [-73.883119, 40.848222], [-73.883009, 40.848632], [-73.882879, 40.849062], [-73.882849, 40.849182], [-73.882719, 40.849722], [-73.882659, 40.849962], [-73.882589, 40.850202], [-73.882319, 40.851052], [-73.882283, 40.851192], [-73.882283, 40.851192], [-73.882149, 40.851712], [-73.882029, 40.852192], [-73.881735, 40.853239], [-73.881735, 40.853239], [-73.881709, 40.853332], [-73.881359, 40.854522], [-73.880979, 40.855722], [-73.880859, 40.856092], [-73.880759, 40.856421], [-73.880759, 40.856421], [-73.880729, 40.856522], [-73.880739, 40.856802], [-73.880699, 40.856902], [-73.880719, 40.857012], [-73.880749, 40.857162], [-73.880809, 40.857452], [-73.880829, 40.857532], [-73.880909, 40.857822], [-73.880949, 40.858032], [-73.880949, 40.858252], [-73.880909, 40.858492], [-73.880849, 40.858822], [-73.880659, 40.859742], [-73.880539, 40.860332], [-73.880519, 40.860542], [-73.880539, 40.860732], [-73.880609, 40.860922], [-73.880719, 40.861082], [-73.880777, 40.861155]]}}, {"type": "Feature", "properties": {"route_id": "BX21", "tier": "secondary", "high_need_count": 1}, "geometry": {"type": "LineString", "coordinates": [[-73.877647, 40.839966], [-73.877879, 40.839952], [-73.878059, 40.840002], [-73.878209, 40.840022], [-73.878419, 40.840042], [-73.878649, 40.840072], [-73.879259, 40.840142], [-73.879559, 40.840182], [-73.879749, 40.840192], [-73.88, 40.840167], [-73.88, 40.840167], [-73.880049, 40.840162], [-73.880219, 40.840122], [-73.880359, 40.840132], [-73.880539, 40.840052], [-73.880909, 40.839902], [-73.881329, 40.839742], [-73.881649, 40.839662], [-73.882079, 40.839602], [-73.882379, 40.839582], [-73.882649, 40.839572], [-73.882819, 40.839562], [-73.882959, 40.839552], [-73.883654, 40.839473], [-73.883654, 40.839473], [-73.883749, 40.839462], [-73.883859, 40.839442], [-73.883989, 40.839402], [-73.884209, 40.839332], [-73.884659, 40.839172], [-73.884758, 40.839117], [-73.885349, 40.838792], [-73.885619, 40.838642], [-73.886029, 40.838402], [-73.887279, 40.837652], [-73.887679, 40.837362], [-73.887859, 40.837312], [-73.887889, 40.837292], [-73.888029, 40.837212], [-73.888177, 40.837125], [-73.888177, 40.837125], [-73.888749, 40.836792], [-73.889259, 40.836492], [-73.889849, 40.836142], [-73.890089, 40.836022], [-73.890337, 40.835945], [-73.890337, 40.835945], [-73.890379, 40.835932], [-73.890489, 40.835892], [-73.890729, 40.835832], [-73.890789, 40.835812], [-73.891369, 40.835752], [-73.891539, 40.835742], [-73.892069, 40.835712], [-73.892189, 40.835702], [-73.892499, 40.835682], [-73.892909, 40.835652], [-73.892979, 40.835642], [-73.893209, 40.835592], [-73.893429, 40.835502], [-73.893499, 40.835462], [-73.893629, 40.835382], [-73.893879, 40.835132], [-73.894029, 40.834962], [-73.894109, 40.834882], [-73.894349, 40.834672], [-73.894419, 40.834602], [-73.894473, 40.834556], [-73.894473, 40.834556], [-73.894539, 40.834502], [-73.894749, 40.834332], [-73.895089, 40.834092], [-73.895299, 40.833992], [-73.896349, 40.833512], [-73.89672, 40.83335], [-73.89672, 40.83335], [-73.896809, 40.833312], [-73.896909, 40.833272], [-73.897159, 40.833152], [-73.897399, 40.833022], [-73.897899, 40.832772], [-73.897989, 40.832722], [-73.898559, 40.832312], [-73.899019, 40.831982], [-73.899699, 40.831492], [-73.900249, 40.831152], [-73.900309, 40.831112], [-73.900569, 40.830962], [-73.900669, 40.830892], [-73.900704, 40.830864], [-73.900704, 40.830864], [-73.900799, 40.830792], [-73.901039, 40.830612], [-73.901239, 40.830462], [-73.901819, 40.829942], [-73.902219, 40.829582], [-73.902359, 40.829452], [-73.902534, 40.829306], [-73.902534, 40.829306], [-73.902599, 40.829252], [-73.903039, 40.828902], [-73.903469, 40.828562], [-73.903859, 40.828192], [-73.904899, 40.827252], [-73.905059, 40.827122], [-73.905194, 40.827017], [-73.905194, 40.827017], [-73.905409, 40.826852], [-73.907099, 40.825802], [-73.907338, 40.825633], [-73.907338, 40.825633], [-73.907439, 40.825562], [-73.907819, 40.825202], [-73.908119, 40.824942], [-73.908179, 40.824912], [-73.908239, 40.824892], [-73.908309, 40.824872], [-73.908379, 40.824872], [-73.908479, 40.824602], [-73.908499, 40.824552], [-73.908679, 40.824092], [-73.908832, 40.823829], [-73.908832, 40.823829], [-73.908959, 40.823612], [-73.909089, 40.823382], [-73.909339, 40.822852], [-73.909549, 40.822682], [-73.909679, 40.822572], [-73.909819, 40.822482], [-73.909979, 40.822432], [-73.910289, 40.822372], [-73.910729, 40.822312], [-73.911049, 40.822242], [-73.911329, 40.822192], [-73.911409, 40.822172], [-73.911619, 40.822092], [-73.911749, 40.822032], [-73.911889, 40.821892], [-73.911949, 40.821812], [-73.912179, 40.821472], [-73.912351, 40.821198], [-73.912351, 40.821198], [-73.912569, 40.820852], [-73.913059, 40.820132], [-73.913509, 40.819542], [-73.914009, 40.818952], [-73.914308, 40.818652], [-73.914308, 40.818652], [-73.914469, 40.818492], [-73.914599, 40.818382], [-73.915029, 40.818032], [-73.915259, 40.817822], [-73.915539, 40.817572], [-73.915999, 40.817212], [-73.916769, 40.816562], [-73.917109, 40.816362], [-73.91752, 40.816116], [-73.91752, 40.816116], [-73.917629, 40.816052], [-73.917859, 40.815932], [-73.918409, 40.815622], [-73.918589, 40.815522], [-73.919072, 40.815283], [-73.919072, 40.815283], [-73.919519, 40.815062], [-73.919949, 40.814842], [-73.920339, 40.814622], [-73.920479, 40.814572], [-73.921199, 40.814192], [-73.921569, 40.814002], [-73.921954, 40.813814], [-73.921954, 40.813814], [-73.921979, 40.813802], [-73.922109, 40.813732], [-73.922469, 40.813552], [-73.922899, 40.813332], [-73.923839, 40.812842], [-73.924739, 40.812372], [-73.925499, 40.811982], [-73.925507, 40.811978], [-73.925507, 40.811978], [-73.925589, 40.811942], [-73.926039, 40.811722], [-73.926259, 40.811602], [-73.926439, 40.811492], [-73.926699, 40.811732], [-73.926869, 40.811562], [-73.927309, 40.811102], [-73.927368, 40.811042], [-73.927368, 40.811042], [-73.927569, 40.810842], [-73.927799, 40.810662], [-73.928059, 40.810472], [-73.928809, 40.809872], [-73.928336, 40.809693]]}}, {"type": "Feature", "properties": {"route_id": "BX22", "tier": "secondary", "high_need_count": 1}, "geometry": {"type": "LineString", "coordinates": [[-73.869387, 40.856542], [-73.869469, 40.856422], [-73.869559, 40.856322], [-73.869659, 40.856212], [-73.869729, 40.856112], [-73.869799, 40.856002], [-73.869829, 40.855932], [-73.869839, 40.855852], [-73.869819, 40.855782], [-73.869699, 40.855562], [-73.869589, 40.855102], [-73.869379, 40.854252], [-73.869169, 40.853662], [-73.868841, 40.852725], [-73.868841, 40.852725], [-73.868819, 40.852662], [-73.868739, 40.852442], [-73.868629, 40.852122], [-73.868219, 40.851842], [-73.867779, 40.851542], [-73.867789, 40.851292], [-73.867809, 40.850802], [-73.867819, 40.850512], [-73.867828, 40.850276], [-73.867828, 40.850276], [-73.867829, 40.850242], [-73.867849, 40.849992], [-73.867779, 40.849822], [-73.867549, 40.849262], [-73.867369, 40.848802], [-73.867349, 40.848742], [-73.867299, 40.848642], [-73.867169, 40.848172], [-73.867089, 40.847962], [-73.866919, 40.847492], [-73.866816, 40.847198], [-73.866816, 40.847198], [-73.866119, 40.845202], [-73.865994, 40.844873], [-73.865994, 40.844873], [-73.865719, 40.844142], [-73.865579, 40.843762], [-73.86549, 40.84351], [-73.86549, 40.84351], [-73.865459, 40.843422], [-73.865389, 40.843212], [-73.865129, 40.842502], [-73.864129, 40.841682], [-73.863559, 40.841292], [-73.863479, 40.841102], [-73.863387, 40.84101], [-73.863387, 40.84101], [-73.863069, 40.840692], [-73.862819, 40.840432], [-73.862769, 40.840382], [-73.862629, 40.840252], [-73.862169, 40.839782], [-73.862049, 40.839662], [-73.861781, 40.83942], [-73.861781, 40.83942], [-73.861739, 40.839382], [-73.861319, 40.839072], [-73.861109, 40.838912], [-73.860999, 40.838812], [-73.860659, 40.838422], [-73.860599, 40.838252], [-73.860409, 40.838052], [-73.860279, 40.837952], [-73.860191, 40.837918], [-73.860191, 40.837918], [-73.859759, 40.837752], [-73.859569, 40.837752], [-73.859319, 40.837722], [-73.858929, 40.837622], [-73.858579, 40.837492], [-73.857736, 40.837025], [-73.857736, 40.837025], [-73.857659, 40.836982], [-73.857149, 40.836662], [-73.856809, 40.836432], [-73.85616, 40.836009], [-73.85616, 40.836009], [-73.856149, 40.836002], [-73.856029, 40.835952], [-73.855859, 40.835912], [-73.855829, 40.835922], [-73.855449, 40.836002], [-73.855119, 40.836042], [-73.854509, 40.836112], [-73.854289, 40.836132], [-73.854189, 40.836142], [-73.853219, 40.836252], [-73.85279, 40.836282], [-73.85279, 40.836282], [-73.852219, 40.836322], [-73.852059, 40.835622], [-73.852009, 40.835342], [-73.851979, 40.835152], [-73.851939, 40.834912], [-73.851849, 40.834722], [-73.851769, 40.834552], [-73.851689, 40.834372], [-73.851619, 40.834222], [-73.851559, 40.834042], [-73.851505, 40.833846], [-73.851505, 40.833846], [-73.851369, 40.833352], [-73.851209, 40.832632], [-73.851039, 40.831902], [-73.850972, 40.831609], [-73.850972, 40.831609], [-73.850879, 40.831202], [-73.850859, 40.831112], [-73.850679, 40.830492], [-73.850659, 40.830372], [-73.850629, 40.830232], [-73.850599, 40.830092], [-73.850571, 40.829973], [-73.850571, 40.829973], [-73.850519, 40.829752], [-73.850479, 40.829562], [-73.850419, 40.829272], [-73.850379, 40.829042], [-73.850369, 40.829012], [-73.850209, 40.828312], [-73.850159, 40.828102], [-73.85014, 40.828025], [-73.85014, 40.828025], [-73.850029, 40.827562], [-73.849969, 40.827292], [-73.849939, 40.827182], [-73.849899, 40.827022], [-73.849869, 40.826892], [-73.849797, 40.826589], [-73.849797, 40.826589], [-73.849739, 40.826342], [-73.849699, 40.826182], [-73.849519, 40.825432], [-73.849359, 40.824712], [-73.849336, 40.824618], [-73.849336, 40.824618], [-73.849189, 40.824012], [-73.849019, 40.823252], [-73.848829, 40.822472], [-73.848709, 40.821952], [-73.848689, 40.821842], [-73.848659, 40.821712], [-73.848519, 40.821132], [-73.84844, 40.820793], [-73.84844, 40.820793], [-73.848339, 40.820362], [-73.848069, 40.819172], [-73.848049, 40.819082], [-73.848009, 40.818932], [-73.847937, 40.818619], [-73.847937, 40.818619], [-73.847569, 40.817022], [-73.847569, 40.817022], [-73.847539, 40.816892], [-73.847049, 40.814822], [-73.846971, 40.814501], [-73.846971, 40.814501], [-73.846599, 40.812972], [-73.846459, 40.812432], [-73.846209, 40.812868]]}}, {"type": "Feature", "properties": {"route_id": "BX25", "tier": "secondary", "high_need_count": 1}, "geometry": {"type": "LineString", "coordinates": [[-73.889827, 40.877036], [-73.889659, 40.876962], [-73.891508, 40.874614], [-73.891508, 40.874614], [-73.891629, 40.874462], [-73.891289, 40.874332], [-73.891009, 40.874192], [-73.890779, 40.874082], [-73.890539, 40.873982], [-73.890379, 40.873912], [-73.890169, 40.873812], [-73.889799, 40.873652], [-73.889521, 40.873497], [-73.889521, 40.873497], [-73.889349, 40.873402], [-73.888829, 40.872902], [-73.888659, 40.872772], [-73.888519, 40.872522], [-73.888039, 40.872132], [-73.887919, 40.872032], [-73.887799, 40.871942], [-73.887488, 40.87169], [-73.887488, 40.87169], [-73.887429, 40.871642], [-73.887089, 40.871382], [-73.886919, 40.871332], [-73.886209, 40.870762], [-73.886099, 40.870672], [-73.885939, 40.870542], [-73.885519, 40.870192], [-73.885429, 40.870122], [-73.885239, 40.869962], [-73.88522, 40.869942], [-73.88522, 40.869942], [-73.885109, 40.869832], [-73.885019, 40.869702], [-73.884959, 40.869582], [-73.884929, 40.869502], [-73.884819, 40.869092], [-73.884789, 40.868972], [-73.884699, 40.868702], [-73.884549, 40.868382], [-73.884543, 40.868374], [-73.884543, 40.868374], [-73.884399, 40.868202], [-73.884229, 40.868002], [-73.883579, 40.867262], [-73.883318, 40.866922], [-73.883318, 40.866922], [-73.883279, 40.866872], [-73.883099, 40.866642], [-73.882969, 40.866462], [-73.882709, 40.866112], [-73.882659, 40.866032], [-73.882399, 40.866182], [-73.882199, 40.866272], [-73.882029, 40.866322], [-73.881939, 40.866342], [-73.881669, 40.866372], [-73.881369, 40.866502], [-73.881199, 40.866572], [-73.881004, 40.866682], [-73.881004, 40.866682], [-73.880969, 40.866702], [-73.880799, 40.866802], [-73.880669, 40.866882], [-73.880279, 40.867132], [-73.879949, 40.867352], [-73.879529, 40.867652], [-73.879349, 40.867772], [-73.879239, 40.867852], [-73.879139, 40.867932], [-73.879039, 40.868022], [-73.878919, 40.868162], [-73.878749, 40.868282], [-73.878509, 40.868542], [-73.878329, 40.868692], [-73.878209, 40.868762], [-73.878029, 40.868862], [-73.877849, 40.868922], [-73.877529, 40.868982], [-73.877229, 40.868982], [-73.876959, 40.868932], [-73.876689, 40.868862], [-73.876469, 40.868752], [-73.876379, 40.868672], [-73.876309, 40.868592], [-73.876259, 40.868502], [-73.876169, 40.868352], [-73.876079, 40.868232], [-73.875999, 40.868162], [-73.875909, 40.868092], [-73.875729, 40.867972], [-73.875649, 40.867882], [-73.875569, 40.867742], [-73.875529, 40.867682], [-73.875329, 40.867352], [-73.875169, 40.867152], [-73.875059, 40.867072], [-73.874939, 40.867002], [-73.874789, 40.866942], [-73.874429, 40.866842], [-73.874219, 40.866792], [-73.873839, 40.866692], [-73.873419, 40.866552], [-73.873159, 40.866482], [-73.872809, 40.866342], [-73.872589, 40.866242], [-73.872239, 40.866092], [-73.872119, 40.866032], [-73.871979, 40.865942], [-73.871829, 40.865852], [-73.871169, 40.865432], [-73.871039, 40.865372], [-73.870829, 40.865332], [-73.870709, 40.865322], [-73.870539, 40.865322], [-73.870409, 40.865362], [-73.870099, 40.865372], [-73.869936, 40.865378], [-73.869936, 40.865378], [-73.869119, 40.865412], [-73.868369, 40.865422], [-73.867549, 40.865442], [-73.867329, 40.865442], [-73.867189, 40.865442], [-73.866869, 40.865442], [-73.866869, 40.865442], [-73.866359, 40.865442], [-73.865399, 40.865452], [-73.864439, 40.865492], [-73.863539, 40.865512], [-73.863075, 40.865507], [-73.863075, 40.865507], [-73.862569, 40.865502], [-73.862369, 40.865512], [-73.861549, 40.865542], [-73.860559, 40.865542], [-73.859629, 40.865512], [-73.859069, 40.865506], [-73.859069, 40.865506], [-73.858669, 40.865502], [-73.857849, 40.865482], [-73.857719, 40.865482], [-73.856789, 40.865452], [-73.855779, 40.865422], [-73.855326, 40.865422], [-73.855326, 40.865422], [-73.854789, 40.865422], [-73.853829, 40.865402], [-73.852889, 40.865392], [-73.851959, 40.865372], [-73.851528, 40.865358], [-73.851528, 40.865358], [-73.851019, 40.865342], [-73.850949, 40.865342], [-73.850709, 40.865342], [-73.850549, 40.865342], [-73.850449, 40.865292], [-73.850049, 40.865252], [-73.849649, 40.865252], [-73.849569, 40.865302], [-73.849519, 40.865302], [-73.849119, 40.865312], [-73.848579, 40.865302], [-73.848119, 40.865302], [-73.847324, 40.865284], [-73.847324, 40.865284], [-73.847209, 40.865282], [-73.846859, 40.865272], [-73.846719, 40.865272], [-73.846229, 40.865252], [-73.845629, 40.865242], [-73.845309, 40.865242], [-73.844369, 40.865212], [-73.843542, 40.865204], [-73.843542, 40.865204], [-73.843349, 40.865202], [-73.842729, 40.865192], [-73.841689, 40.865172], [-73.840749, 40.865162], [-73.839809, 40.865132], [-73.839399, 40.865114], [-73.839399, 40.865114], [-73.839329, 40.865112], [-73.838869, 40.865102], [-73.837929, 40.865102], [-73.837809, 40.865092], [-73.837749, 40.865092], [-73.837148, 40.865068], [-73.837148, 40.865068], [-73.836969, 40.865062], [-73.836609, 40.865052], [-73.836459, 40.865122], [-73.836379, 40.865162], [-73.836259, 40.865252], [-73.836409, 40.865342], [-73.836579, 40.865662], [-73.837329, 40.866972], [-73.837161, 40.867021], [-73.837161, 40.867021], [-73.836479, 40.867222], [-73.835639, 40.867512], [-73.834819, 40.867782], [-73.834421, 40.867911], [-73.834421, 40.867911], [-73.834019, 40.868042], [-73.833729, 40.868132], [-73.833409, 40.868232], [-73.833119, 40.868252], [-73.832689, 40.868382], [-73.832549, 40.868432], [-73.831769, 40.868682], [-73.831629, 40.868722], [-73.831689, 40.868852], [-73.831929, 40.869262], [-73.832379, 40.870072], [-73.832689, 40.870602], [-73.832696, 40.870614], [-73.832696, 40.870614], [-73.833049, 40.871242], [-73.833439, 40.871982], [-73.833619, 40.872452], [-73.833689, 40.872702], [-73.833729, 40.872932], [-73.833789, 40.873272], [-73.833819, 40.873642], [-73.833839, 40.874022], [-73.833842, 40.874148], [-73.833842, 40.874148], [-73.833859, 40.874782], [-73.833849, 40.874962], [-73.833839, 40.875152], [-73.833829, 40.875312], [-73.833829, 40.875452], [-73.833819, 40.875612], [-73.833789, 40.876002], [-73.833753, 40.876374], [-73.833753, 40.876374], [-73.833749, 40.876422], [-73.833649, 40.876892], [-73.833579, 40.877142], [-73.833439, 40.877482], [-73.833279, 40.877852], [-73.833139, 40.878152], [-73.832959, 40.878452], [-73.832896, 40.878543], [-73.832896, 40.878543], [-73.832739, 40.878772], [-73.832489, 40.879072], [-73.832249, 40.879322], [-73.832049, 40.879382], [-73.831909, 40.879402], [-73.831789, 40.879402], [-73.831529, 40.879362], [-73.830999, 40.878822], [-73.830909, 40.878742], [-73.830669, 40.878592], [-73.830379, 40.878452], [-73.830089, 40.878352], [-73.829569, 40.878252], [-73.829544, 40.877875], [-73.829544, 40.877875], [-73.829519, 40.877492], [-73.829509, 40.877362], [-73.829529, 40.877282], [-73.829579, 40.877152], [-73.830129, 40.876212], [-73.829451, 40.875982], [-73.829451, 40.875982], [-73.828889, 40.875792], [-73.828369, 40.876682], [-73.828199, 40.876972], [-73.828182, 40.877013], [-73.828182, 40.877013], [-73.828149, 40.877092], [-73.828089, 40.877372], [-73.828069, 40.877512], [-73.828109, 40.878092], [-73.828119, 40.878182], [-73.828149, 40.878262], [-73.828172, 40.878299], [-73.828172, 40.878299], [-73.828249, 40.878422], [-73.826759, 40.878922], [-73.825409, 40.879372], [-73.824998, 40.879505], [-73.824998, 40.879505], [-73.824329, 40.879722], [-73.823819, 40.879882], [-73.823639, 40.879922], [-73.823299, 40.879942], [-73.822889, 40.879722], [-73.822759, 40.879602], [-73.822699, 40.879522], [-73.822659, 40.879432], [-73.822629, 40.879262], [-73.822649, 40.879032], [-73.822719, 40.878752], [-73.822879, 40.878352], [-73.823039, 40.878102], [-73.823809, 40.877182], [-73.824029, 40.876862], [-73.824189, 40.876542], [-73.824319, 40.876272], [-73.824389, 40.876072], [-73.824429, 40.875972], [-73.824519, 40.875662], [-73.824579, 40.875342], [-73.824609, 40.874882], [-73.824579, 40.874392], [-73.824509, 40.873912], [-73.824494, 40.873816], [-73.824494, 40.873816], [-73.824489, 40.873782], [-73.824479, 40.873682], [-73.824429, 40.873262], [-73.824429, 40.872972], [-73.824469, 40.872542], [-73.824549, 40.872242], [-73.824692, 40.871909], [-73.824692, 40.871909], [-73.824789, 40.871682], [-73.825039, 40.871312], [-73.825329, 40.870992], [-73.825849, 40.870552], [-73.825959, 40.870422], [-73.826099, 40.870192], [-73.826169, 40.870052], [-73.826209, 40.869902], [-73.826259, 40.869582], [-73.826259, 40.869422], [-73.826069, 40.869392], [-73.82568, 40.869346], [-73.82568, 40.869346], [-73.825479, 40.869322], [-73.824709, 40.869172], [-73.824444, 40.869119], [-73.824444, 40.869119], [-73.824359, 40.869102], [-73.824269, 40.868842], [-73.824269, 40.868752], [-73.824089, 40.868492], [-73.824179, 40.868382], [-73.824189, 40.868302], [-73.824149, 40.868142], [-73.824169, 40.867842], [-73.824219, 40.867652], [-73.824339, 40.867522], [-73.824459, 40.867392], [-73.824518, 40.867323]]}}, {"type": "Feature", "properties": {"route_id": "BX26", "tier": "secondary", "high_need_count": 1}, "geometry": {"type": "LineString", "coordinates": [[-73.836976, 40.865192], [-73.836969, 40.865062], [-73.837749, 40.865092], [-73.837809, 40.865092], [-73.837929, 40.865102], [-73.838869, 40.865102], [-73.839329, 40.865112], [-73.839809, 40.865132], [-73.839929, 40.865136], [-73.839929, 40.865136], [-73.840749, 40.865162], [-73.841689, 40.865172], [-73.842729, 40.865192], [-73.843227, 40.8652], [-73.843227, 40.8652], [-73.843349, 40.865202], [-73.844369, 40.865212], [-73.845309, 40.865242], [-73.845629, 40.865242], [-73.846229, 40.865252], [-73.846719, 40.865272], [-73.846859, 40.865272], [-73.84715, 40.86528], [-73.84715, 40.86528], [-73.847209, 40.865282], [-73.848119, 40.865302], [-73.848579, 40.865302], [-73.849119, 40.865312], [-73.849519, 40.865302], [-73.849569, 40.865302], [-73.849659, 40.865352], [-73.849929, 40.865392], [-73.850079, 40.865392], [-73.850349, 40.865392], [-73.850439, 40.865392], [-73.850549, 40.865342], [-73.850709, 40.865342], [-73.850949, 40.865342], [-73.851019, 40.865342], [-73.85183, 40.865368], [-73.85183, 40.865368], [-73.851959, 40.865372], [-73.852889, 40.865392], [-73.853829, 40.865402], [-73.854789, 40.865422], [-73.855779, 40.865422], [-73.856263, 40.865436], [-73.856263, 40.865436], [-73.856789, 40.865452], [-73.857719, 40.865482], [-73.857849, 40.865482], [-73.858669, 40.865502], [-73.859629, 40.865512], [-73.860242, 40.865531], [-73.860242, 40.865531], [-73.860559, 40.865542], [-73.861549, 40.865542], [-73.862369, 40.865512], [-73.862569, 40.865502], [-73.862987, 40.865506], [-73.862987, 40.865506], [-73.863539, 40.865512], [-73.864439, 40.865492], [-73.865399, 40.865452], [-73.866359, 40.865442], [-73.867189, 40.865442], [-73.867329, 40.865442], [-73.867549, 40.865442], [-73.867868, 40.865434]]}}, {"type": "Feature", "properties": {"route_id": "BX33", "tier": "secondary", "high_need_count": 1}, "geometry": {"type": "LineString", "coordinates": [[-73.94777, 40.817012], [-73.946539, 40.816502], [-73.944379, 40.815592], [-73.943779, 40.815332], [-73.943619, 40.815272], [-73.943071, 40.815044], [-73.943071, 40.815044], [-73.942779, 40.814922], [-73.940919, 40.814132], [-73.940779, 40.814072], [-73.940301, 40.813873], [-73.940301, 40.813873], [-73.939309, 40.813462], [-73.939189, 40.813412], [-73.938459, 40.813092], [-73.937829, 40.812822], [-73.937639, 40.812742], [-73.937295, 40.812591], [-73.937295, 40.812591], [-73.936769, 40.812362], [-73.936226, 40.812135], [-73.936226, 40.812135], [-73.936219, 40.812132], [-73.936169, 40.812112], [-73.936019, 40.812052], [-73.935909, 40.812202], [-73.935089, 40.813302], [-73.934859, 40.813612], [-73.934709, 40.813812], [-73.934629, 40.813902], [-73.934549, 40.813962], [-73.934459, 40.814012], [-73.934329, 40.814072], [-73.934189, 40.814092], [-73.934059, 40.814102], [-73.933929, 40.814102], [-73.933099, 40.814082], [-73.932469, 40.814072], [-73.932369, 40.814062], [-73.932249, 40.814052], [-73.932119, 40.814012], [-73.931669, 40.813802], [-73.931409, 40.813672], [-73.931299, 40.813622], [-73.931179, 40.813562], [-73.931039, 40.813512], [-73.930659, 40.813352], [-73.930535, 40.813293], [-73.930535, 40.813293], [-73.930429, 40.813242], [-73.930329, 40.813192], [-73.930259, 40.813152], [-73.930079, 40.813082], [-73.929999, 40.813062], [-73.929879, 40.813052], [-73.929839, 40.813022], [-73.929729, 40.812942], [-73.929609, 40.812832], [-73.929499, 40.812752], [-73.929319, 40.812612], [-73.929179, 40.812512], [-73.928949, 40.812342], [-73.928529, 40.812022], [-73.928139, 40.811732], [-73.927309, 40.811102], [-73.927159, 40.810992], [-73.926939, 40.810882], [-73.926765, 40.810802], [-73.926765, 40.810802], [-73.925139, 40.810052], [-73.922869, 40.809102], [-73.922476, 40.808935], [-73.922476, 40.808935], [-73.920039, 40.807902], [-73.919229, 40.807552], [-73.918856, 40.807394], [-73.918856, 40.807394], [-73.917479, 40.806812], [-73.917225, 40.806705], [-73.917225, 40.806705], [-73.916389, 40.806352], [-73.914819, 40.805692], [-73.914623, 40.805608], [-73.914623, 40.805608], [-73.914469, 40.805542], [-73.913859, 40.805282], [-73.912789, 40.804832], [-73.912479, 40.804692], [-73.912379, 40.804642], [-73.912279, 40.804592], [-73.912059, 40.804502], [-73.911909, 40.804452], [-73.911729, 40.804382], [-73.911339, 40.804222], [-73.911011, 40.804084], [-73.911011, 40.804084], [-73.909769, 40.803562], [-73.909659, 40.803502], [-73.909349, 40.803352], [-73.908577, 40.802878], [-73.908577, 40.802878], [-73.908469, 40.802812], [-73.909089, 40.802192], [-73.909669, 40.801622], [-73.910249, 40.801042], [-73.910515, 40.80078], [-73.910515, 40.80078], [-73.910859, 40.800442], [-73.912049, 40.801142], [-73.912339, 40.801282], [-73.913129, 40.80161], [-73.913129, 40.80161], [-73.913229, 40.801652], [-73.913709, 40.800992], [-73.914189, 40.800332], [-73.913429, 40.800032], [-73.913319, 40.799972], [-73.913269, 40.799942], [-73.912999, 40.799802], [-73.912059, 40.799252], [-73.911629, 40.799668]]}}, {"type": "Feature", "properties": {"route_id": "BX36", "tier": "secondary", "high_need_count": 2}, "geometry": {"type": "LineString", "coordinates": [[-73.938109, 40.848457], [-73.937969, 40.848432], [-73.937689, 40.848362], [-73.937489, 40.848302], [-73.936399, 40.847862], [-73.936259, 40.848052], [-73.936179, 40.848162], [-73.936109, 40.848272], [-73.936039, 40.848362], [-73.935929, 40.848512], [-73.935469, 40.849142], [-73.935169, 40.849552], [-73.93513, 40.849606], [-73.93513, 40.849606], [-73.934969, 40.849832], [-73.933839, 40.849362], [-73.933729, 40.849312], [-73.933643, 40.849275], [-73.933643, 40.849275], [-73.932339, 40.848722], [-73.931141, 40.848223], [-73.931141, 40.848223], [-73.931139, 40.848222], [-73.930999, 40.848162], [-73.930879, 40.848112], [-73.930709, 40.848032], [-73.930609, 40.847992], [-73.930249, 40.847832], [-73.929909, 40.847682], [-73.929609, 40.847542], [-73.929539, 40.847512], [-73.929279, 40.847392], [-73.928949, 40.847242], [-73.928599, 40.847082], [-73.928439, 40.847012], [-73.927379, 40.846532], [-73.926819, 40.846282], [-73.926719, 40.846232], [-73.926489, 40.846132], [-73.926279, 40.846032], [-73.926069, 40.845942], [-73.925859, 40.845842], [-73.925449, 40.845662], [-73.924859, 40.845382], [-73.924519, 40.845212], [-73.924279, 40.845052], [-73.924109, 40.844942], [-73.923909, 40.844762], [-73.923789, 40.844652], [-73.923589, 40.844522], [-73.923369, 40.844402], [-73.923259, 40.844372], [-73.922939, 40.844282], [-73.922849, 40.844262], [-73.922759, 40.844232], [-73.922619, 40.844542], [-73.922529, 40.844732], [-73.922469, 40.844852], [-73.922389, 40.845032], [-73.922309, 40.845182], [-73.922229, 40.845332], [-73.922179, 40.845432], [-73.922079, 40.845562], [-73.921989, 40.845682], [-73.921749, 40.845922], [-73.921689, 40.845992], [-73.921589, 40.846062], [-73.921389, 40.846212], [-73.921069, 40.846462], [-73.920709, 40.846732], [-73.920539, 40.846832], [-73.920462, 40.846878], [-73.920462, 40.846878], [-73.919299, 40.847582], [-73.918809, 40.847922], [-73.918389, 40.848242], [-73.917669, 40.848782], [-73.917289, 40.849072], [-73.916839, 40.849382], [-73.916509, 40.849612], [-73.916109, 40.849892], [-73.915859, 40.850062], [-73.915769, 40.850122], [-73.915619, 40.850232], [-73.915536, 40.850298], [-73.915536, 40.850298], [-73.915519, 40.850312], [-73.915449, 40.850462], [-73.915029, 40.850252], [-73.914729, 40.850152], [-73.914529, 40.850092], [-73.914439, 40.850062], [-73.914359, 40.850042], [-73.914249, 40.850022], [-73.914119, 40.849992], [-73.913819, 40.850002], [-73.913439, 40.850012], [-73.912939, 40.850122], [-73.912659, 40.850202], [-73.912469, 40.850362], [-73.912359, 40.850502], [-73.912319, 40.850552], [-73.912219, 40.850762], [-73.912159, 40.850892], [-73.912099, 40.851052], [-73.912059, 40.851132], [-73.912009, 40.851242], [-73.911839, 40.851442], [-73.911669, 40.851582], [-73.911409, 40.851722], [-73.911109, 40.851852], [-73.910779, 40.851942], [-73.910419, 40.851972], [-73.910119, 40.851992], [-73.909859, 40.851972], [-73.909699, 40.851942], [-73.909549, 40.851912], [-73.909389, 40.851852], [-73.909239, 40.851782], [-73.908929, 40.851612], [-73.90884, 40.851566], [-73.90884, 40.851566], [-73.908409, 40.851342], [-73.908049, 40.851122], [-73.907609, 40.850842], [-73.907319, 40.850662], [-73.907179, 40.850552], [-73.907019, 40.850412], [-73.906999, 40.850312], [-73.906979, 40.850222], [-73.906899, 40.850152], [-73.906809, 40.850052], [-73.906609, 40.849832], [-73.906327, 40.849543], [-73.906327, 40.849543], [-73.906229, 40.849442], [-73.906109, 40.849322], [-73.905959, 40.849182], [-73.905809, 40.849082], [-73.904029, 40.848722], [-73.903969, 40.848712], [-73.903859, 40.848732], [-73.903729, 40.848762], [-73.903379, 40.848702], [-73.903279, 40.848682], [-73.902359, 40.848502], [-73.902209, 40.848452], [-73.902109, 40.848332], [-73.902049, 40.848262], [-73.901969, 40.848142], [-73.901909, 40.848052], [-73.901649, 40.847742], [-73.901429, 40.847682], [-73.901259, 40.847652], [-73.901129, 40.847652], [-73.900929, 40.847702], [-73.900549, 40.84761], [-73.900549, 40.84761], [-73.900269, 40.847542], [-73.899669, 40.847402], [-73.899479, 40.847342], [-73.899299, 40.847292], [-73.898929, 40.847192], [-73.898709, 40.847142], [-73.898059, 40.847012], [-73.897799, 40.846962], [-73.897399, 40.846882], [-73.897169, 40.846832], [-73.897049, 40.846812], [-73.896199, 40.846632], [-73.895744, 40.846556], [-73.895744, 40.846556], [-73.895359, 40.846492], [-73.895179, 40.846472], [-73.895059, 40.846462], [-73.894349, 40.846462], [-73.894089, 40.846472], [-73.893899, 40.846462], [-73.893719, 40.846442], [-73.893639, 40.846432], [-73.893549, 40.846412], [-73.893389, 40.846372], [-73.893139, 40.846322], [-73.892899, 40.846252], [-73.892799, 40.846202], [-73.892279, 40.845972], [-73.891979, 40.845832], [-73.891769, 40.845732], [-73.891119, 40.845412], [-73.890979, 40.845342], [-73.890775, 40.845235], [-73.890775, 40.845235], [-73.890749, 40.845222], [-73.890459, 40.845072], [-73.890119, 40.844892], [-73.889609, 40.844652], [-73.889029, 40.844372], [-73.888459, 40.844092], [-73.887919, 40.843822], [-73.886829, 40.843292], [-73.886229, 40.842982], [-73.885848, 40.842788], [-73.885848, 40.842788], [-73.885659, 40.842692], [-73.885289, 40.842532], [-73.884739, 40.842262], [-73.884289, 40.842042], [-73.883879, 40.841832], [-73.883439, 40.841612], [-73.883199, 40.841492], [-73.882799, 40.841292], [-73.882209, 40.840992], [-73.881569, 40.840672], [-73.881509, 40.840642], [-73.881189, 40.840502], [-73.880939, 40.840392], [-73.880359, 40.840132], [-73.880169, 40.840082], [-73.879699, 40.840062], [-73.879229, 40.840002], [-73.878529, 40.839912], [-73.878459, 40.839905], [-73.878459, 40.839905], [-73.878329, 40.839892], [-73.878109, 40.839892], [-73.877999, 40.839912], [-73.877879, 40.839952], [-73.877399, 40.839982], [-73.875589, 40.839912], [-73.874599, 40.839852], [-73.873569, 40.839802], [-73.872839, 40.839752], [-73.872709, 40.839742], [-73.871209, 40.839682], [-73.871049, 40.839672], [-73.870659, 40.839642], [-73.870519, 40.839632], [-73.870269, 40.839622], [-73.870149, 40.839612], [-73.869659, 40.839592], [-73.869439, 40.839592], [-73.869289, 40.839612], [-73.869069, 40.839702], [-73.868939, 40.839752], [-73.868839, 40.839792], [-73.868729, 40.839832], [-73.868339, 40.839992], [-73.867449, 40.840272], [-73.867249, 40.840332], [-73.866359, 40.840572], [-73.865459, 40.840842], [-73.864499, 40.841082], [-73.864313, 40.840746], [-73.864313, 40.840746], [-73.864289, 40.840702], [-73.864119, 40.840362], [-73.863959, 40.840032], [-73.863729, 40.838802], [-73.863649, 40.838362], [-73.863599, 40.838052], [-73.863579, 40.837922], [-73.863569, 40.837872], [-73.863509, 40.837542], [-73.863259, 40.836092], [-73.863159, 40.835522], [-73.862969, 40.834382], [-73.862949, 40.834292], [-73.862909, 40.834022], [-73.862889, 40.833872], [-73.862859, 40.833662], [-73.862759, 40.833152], [-73.862746, 40.833076], [-73.862746, 40.833076], [-73.862719, 40.832912], [-73.862519, 40.832522], [-73.862199, 40.831842], [-73.861839, 40.831012], [-73.861639, 40.830482], [-73.860679, 40.828382], [-73.859919, 40.826722], [-73.859709, 40.826262], [-73.859639, 40.826092], [-73.859599, 40.826012], [-73.859549, 40.825892], [-73.859509, 40.825792], [-73.859429, 40.825622], [-73.859409, 40.825572], [-73.859369, 40.825492], [-73.859229, 40.825192], [-73.859129, 40.824992], [-73.858999, 40.824702], [-73.858969, 40.824642], [-73.858839, 40.824362], [-73.858779, 40.824192], [-73.858711, 40.823895], [-73.858711, 40.823895], [-73.858639, 40.823582], [-73.858449, 40.822762], [-73.858269, 40.822002], [-73.857975, 40.822043], [-73.857975, 40.822043], [-73.857199, 40.822152], [-73.855139, 40.822432], [-73.855129, 40.822402], [-73.854959, 40.821672], [-73.854799, 40.821022], [-73.854759, 40.820852], [-73.854639, 40.820292], [-73.854202, 40.82035], [-73.854202, 40.82035], [-73.852179, 40.820622], [-73.851579, 40.820702], [-73.851535, 40.82052]]}}, {"type": "Feature", "properties": {"route_id": "BX40", "tier": "secondary", "high_need_count": 2}, "geometry": {"type": "LineString", "coordinates": [[-73.84219, 40.840702], [-73.842069, 40.840622], [-73.841519, 40.840532], [-73.841249, 40.840602], [-73.840149, 40.840782], [-73.839969, 40.840812], [-73.839759, 40.840842], [-73.839689, 40.840852], [-73.839569, 40.840862], [-73.839449, 40.840862], [-73.839319, 40.840842], [-73.838989, 40.840772], [-73.838709, 40.840712], [-73.838519, 40.840662], [-73.838379, 40.840622], [-73.838169, 40.840552], [-73.837879, 40.840442], [-73.837709, 40.840342], [-73.837619, 40.840282], [-73.837519, 40.840212], [-73.837379, 40.840102], [-73.837259, 40.839982], [-73.837176, 40.839913], [-73.837176, 40.839913], [-73.836809, 40.839612], [-73.836289, 40.839182], [-73.835809, 40.838782], [-73.835649, 40.838652], [-73.83552, 40.838541], [-73.83552, 40.838541], [-73.834999, 40.838092], [-73.834689, 40.837832], [-73.834509, 40.837602], [-73.834119, 40.837072], [-73.833799, 40.836632], [-73.83359, 40.836304], [-73.83359, 40.836304], [-73.833449, 40.836082], [-73.833299, 40.835902], [-73.833169, 40.835772], [-73.832999, 40.835632], [-73.832809, 40.835512], [-73.832609, 40.835402], [-73.832389, 40.835322], [-73.832229, 40.835282], [-73.830709, 40.834962], [-73.830219, 40.834842], [-73.830067, 40.834806], [-73.830067, 40.834806], [-73.829919, 40.834772], [-73.829769, 40.834712], [-73.829589, 40.834642], [-73.829479, 40.834592], [-73.829289, 40.834452], [-73.829139, 40.834312], [-73.829069, 40.834252], [-73.828869, 40.834042], [-73.828779, 40.833932], [-73.828659, 40.833772], [-73.828629, 40.833722], [-73.828579, 40.833632], [-73.828417, 40.833366], [-73.828417, 40.833366], [-73.828359, 40.833272], [-73.828299, 40.833182], [-73.828249, 40.833072], [-73.828159, 40.832962], [-73.828109, 40.832882], [-73.827789, 40.832502], [-73.827639, 40.832332], [-73.827089, 40.831682], [-73.826479, 40.830982], [-73.826367, 40.830859], [-73.826367, 40.830859], [-73.825959, 40.830412], [-73.825689, 40.830092], [-73.825649, 40.830052], [-73.825329, 40.829692], [-73.824669, 40.829032], [-73.824129, 40.828432], [-73.823654, 40.827966], [-73.823654, 40.827966], [-73.823549, 40.827862], [-73.822349, 40.826792], [-73.821749, 40.826242], [-73.821699, 40.826202], [-73.821114, 40.825711], [-73.821114, 40.825711], [-73.820949, 40.825572], [-73.820789, 40.825432], [-73.820679, 40.825282], [-73.820569, 40.825102], [-73.820479, 40.824932], [-73.820249, 40.824442], [-73.820209, 40.824342], [-73.820027, 40.823974], [-73.820027, 40.823974], [-73.819459, 40.822822], [-73.819259, 40.822462], [-73.819225, 40.822401], [-73.819225, 40.822401], [-73.819169, 40.822302], [-73.819099, 40.822182], [-73.818909, 40.821862], [-73.818079, 40.820472], [-73.817649, 40.819732], [-73.817229, 40.819042], [-73.817148, 40.818904], [-73.817148, 40.818904], [-73.816369, 40.817582], [-73.816009, 40.816862], [-73.815619, 40.816072], [-73.815496, 40.816098], [-73.815496, 40.816098], [-73.814689, 40.816272], [-73.814079, 40.816402], [-73.813739, 40.816432], [-73.812279, 40.816542], [-73.811768, 40.816587], [-73.811768, 40.816587], [-73.811719, 40.816592], [-73.811129, 40.816632], [-73.810159, 40.816692], [-73.809258, 40.816752], [-73.809258, 40.816752], [-73.809109, 40.816762], [-73.808559, 40.815522], [-73.808379, 40.815102], [-73.808169, 40.814762], [-73.807969, 40.814552], [-73.807499, 40.814072], [-73.807409, 40.813982], [-73.806959, 40.813482], [-73.806745, 40.813236], [-73.806745, 40.813236], [-73.806429, 40.812872], [-73.806389, 40.812822], [-73.806119, 40.812492], [-73.805909, 40.812262], [-73.805819, 40.812132], [-73.805519, 40.811762], [-73.805379, 40.811612], [-73.805229, 40.811452], [-73.805079, 40.811302], [-73.804969, 40.811172], [-73.804799, 40.810992], [-73.804714, 40.810912], [-73.804714, 40.810912], [-73.804649, 40.810852], [-73.804509, 40.810712], [-73.804199, 40.810422], [-73.803869, 40.810132], [-73.803649, 40.809942], [-73.803549, 40.809872], [-73.803429, 40.809782], [-73.802959, 40.809522], [-73.802679, 40.809372], [-73.802549, 40.809312], [-73.80187, 40.809142]]}}, {"type": "Feature", "properties": {"route_id": "BX41", "tier": "secondary", "high_need_count": 1}, "geometry": {"type": "LineString", "coordinates": [[-73.866248, 40.877809], [-73.866309, 40.877712], [-73.866479, 40.877702], [-73.866809, 40.877692], [-73.866949, 40.877662], [-73.867259, 40.877612], [-73.867379, 40.877642], [-73.867529, 40.877682], [-73.868079, 40.877802], [-73.868269, 40.877842], [-73.868529, 40.877902], [-73.869019, 40.878012], [-73.869359, 40.878092], [-73.869489, 40.878132], [-73.869779, 40.878212], [-73.869979, 40.878282], [-73.870149, 40.878322], [-73.870309, 40.878362], [-73.870479, 40.878402], [-73.870949, 40.878512], [-73.871599, 40.878642], [-73.871688, 40.878189], [-73.871688, 40.878189], [-73.871769, 40.877782], [-73.871879, 40.877252], [-73.871939, 40.877062], [-73.872019, 40.876902], [-73.872159, 40.876682], [-73.872309, 40.876462], [-73.872499, 40.876192], [-73.872809, 40.875732], [-73.873259, 40.875052], [-73.873439, 40.874812], [-73.873789, 40.874352], [-73.874099, 40.873962], [-73.874399, 40.873592], [-73.874639, 40.873292], [-73.874929, 40.872962], [-73.875019, 40.872862], [-73.875186, 40.872695], [-73.875186, 40.872695], [-73.875389, 40.872492], [-73.876119, 40.871782], [-73.876579, 40.871322], [-73.876819, 40.871112], [-73.877059, 40.870962], [-73.877299, 40.870837], [-73.877299, 40.870837], [-73.877309, 40.870832], [-73.877609, 40.870672], [-73.878339, 40.870262], [-73.878979, 40.869922], [-73.879419, 40.869702], [-73.879729, 40.869532], [-73.880107, 40.86934], [-73.880107, 40.86934], [-73.880379, 40.869202], [-73.880819, 40.868952], [-73.881319, 40.868682], [-73.881499, 40.868582], [-73.881849, 40.868362], [-73.882849, 40.867722], [-73.883483, 40.867322], [-73.883483, 40.867322], [-73.883579, 40.867262], [-73.884419, 40.866792], [-73.885139, 40.866382], [-73.885519, 40.866172], [-73.885949, 40.865942], [-73.886209, 40.865802], [-73.886539, 40.865592], [-73.886779, 40.865451], [-73.886779, 40.865451], [-73.886829, 40.865422], [-73.887429, 40.864892], [-73.887699, 40.864652], [-73.888149, 40.864242], [-73.888509, 40.863932], [-73.888799, 40.863672], [-73.889089, 40.863432], [-73.889374, 40.863176], [-73.889374, 40.863176], [-73.889479, 40.863082], [-73.889749, 40.862892], [-73.890129, 40.862642], [-73.890699, 40.862192], [-73.891139, 40.861872], [-73.891349, 40.861712], [-73.891567, 40.861493], [-73.891567, 40.861493], [-73.891609, 40.861452], [-73.891849, 40.861222], [-73.892069, 40.861002], [-73.892569, 40.860512], [-73.892759, 40.860322], [-73.892979, 40.860102], [-73.893189, 40.859862], [-73.893349, 40.859672], [-73.893809, 40.858972], [-73.893929, 40.858772], [-73.89399, 40.858681], [-73.89399, 40.858681], [-73.894709, 40.857622], [-73.895229, 40.856792], [-73.895269, 40.856732], [-73.89555, 40.856314], [-73.89555, 40.856314], [-73.895599, 40.856242], [-73.895789, 40.855932], [-73.895999, 40.855592], [-73.896119, 40.855402], [-73.896384, 40.854988], [-73.896384, 40.854988], [-73.896439, 40.854902], [-73.897589, 40.853102], [-73.898109, 40.852302], [-73.898269, 40.852042], [-73.898359, 40.851902], [-73.898574, 40.851571], [-73.898574, 40.851571], [-73.899319, 40.850422], [-73.899417, 40.850278], [-73.899417, 40.850278], [-73.899489, 40.850172], [-73.899529, 40.850102], [-73.900119, 40.849162], [-73.900549, 40.848362], [-73.900629, 40.848212], [-73.900839, 40.847854], [-73.900839, 40.847854], [-73.900929, 40.847702], [-73.901199, 40.847232], [-73.901419, 40.846852], [-73.902099, 40.845632], [-73.902479, 40.844952], [-73.902609, 40.844722], [-73.902649, 40.844652], [-73.902709, 40.844542], [-73.902779, 40.844412], [-73.902909, 40.844182], [-73.903109, 40.843812], [-73.903339, 40.843442], [-73.903589, 40.842982], [-73.903757, 40.842682], [-73.903757, 40.842682], [-73.903859, 40.842502], [-73.904129, 40.841932], [-73.904679, 40.840972], [-73.904739, 40.840862], [-73.904829, 40.840722], [-73.904909, 40.840592], [-73.904989, 40.840462], [-73.905109, 40.840252], [-73.905339, 40.839862], [-73.905348, 40.839845], [-73.905348, 40.839845], [-73.905379, 40.839792], [-73.905609, 40.839322], [-73.905709, 40.839112], [-73.905739, 40.839062], [-73.905859, 40.838822], [-73.905999, 40.838522], [-73.906369, 40.837912], [-73.906699, 40.837402], [-73.906949, 40.837022], [-73.907109, 40.836772], [-73.907398, 40.836279], [-73.907398, 40.836279], [-73.907449, 40.836192], [-73.907989, 40.835192], [-73.908109, 40.834972], [-73.908449, 40.834362], [-73.908699, 40.833922], [-73.908829, 40.833677], [-73.908829, 40.833677], [-73.908939, 40.833472], [-73.909059, 40.833242], [-73.909139, 40.833102], [-73.909319, 40.832792], [-73.909439, 40.832592], [-73.909629, 40.832262], [-73.909829, 40.831912], [-73.909895, 40.831793], [-73.909895, 40.831793], [-73.910408, 40.830868], [-73.910408, 40.830868], [-73.910479, 40.830742], [-73.910869, 40.830052], [-73.910919, 40.829962], [-73.911049, 40.829742], [-73.911399, 40.829132], [-73.911579, 40.828942], [-73.911679, 40.828742], [-73.911769, 40.828532], [-73.911899, 40.828192], [-73.912049, 40.827752], [-73.912126, 40.82754], [-73.912126, 40.82754], [-73.912169, 40.827422], [-73.912249, 40.827272], [-73.912909, 40.825982], [-73.913179, 40.825462], [-73.913519, 40.824792], [-73.913659, 40.824532], [-73.913849, 40.824182], [-73.914125, 40.823665], [-73.914125, 40.823665], [-73.914169, 40.823582], [-73.914359, 40.823222], [-73.914459, 40.823022], [-73.914509, 40.822932], [-73.914699, 40.822582], [-73.914789, 40.822412], [-73.914849, 40.822292], [-73.914969, 40.822072], [-73.915007, 40.822], [-73.915007, 40.822], [-73.915189, 40.821662], [-73.915409, 40.821252], [-73.915629, 40.820822], [-73.915729, 40.820582], [-73.915909, 40.820162], [-73.915937, 40.8201], [-73.915937, 40.8201], [-73.916059, 40.819832], [-73.916209, 40.819512], [-73.916499, 40.818872], [-73.916809, 40.818222], [-73.916944, 40.817908], [-73.916944, 40.817908], [-73.916999, 40.817782], [-73.917119, 40.817502], [-73.917299, 40.817112], [-73.917459, 40.816752], [-73.91768, 40.816249]]}}, {"type": "Feature", "properties": {"route_id": "BX42", "tier": "secondary", "high_need_count": 2}, "geometry": {"type": "LineString", "coordinates": [[-73.84219, 40.840702], [-73.842069, 40.840622], [-73.841519, 40.840532], [-73.841249, 40.840602], [-73.840149, 40.840782], [-73.839969, 40.840812], [-73.839759, 40.840842], [-73.839689, 40.840852], [-73.839569, 40.840862], [-73.839449, 40.840862], [-73.839319, 40.840842], [-73.838989, 40.840772], [-73.838709, 40.840712], [-73.838519, 40.840662], [-73.838379, 40.840622], [-73.838169, 40.840552], [-73.837879, 40.840442], [-73.837709, 40.840342], [-73.837619, 40.840282], [-73.837519, 40.840212], [-73.837379, 40.840102], [-73.837259, 40.839982], [-73.837176, 40.839913], [-73.837176, 40.839913], [-73.836809, 40.839612], [-73.836289, 40.839182], [-73.835809, 40.838782], [-73.835649, 40.838652], [-73.83552, 40.838541], [-73.83552, 40.838541], [-73.834999, 40.838092], [-73.834689, 40.837832], [-73.834509, 40.837602], [-73.834119, 40.837072], [-73.833799, 40.836632], [-73.83359, 40.836304], [-73.83359, 40.836304], [-73.833449, 40.836082], [-73.833299, 40.835902], [-73.833169, 40.835772], [-73.832999, 40.835632], [-73.832809, 40.835512], [-73.832609, 40.835402], [-73.832389, 40.835322], [-73.832229, 40.835282], [-73.830709, 40.834962], [-73.830219, 40.834842], [-73.830067, 40.834806], [-73.830067, 40.834806], [-73.829919, 40.834772], [-73.829769, 40.834712], [-73.829589, 40.834642], [-73.829479, 40.834592], [-73.829289, 40.834452], [-73.829139, 40.834312], [-73.829069, 40.834252], [-73.828869, 40.834042], [-73.828779, 40.833932], [-73.828659, 40.833772], [-73.828629, 40.833722], [-73.828579, 40.833632], [-73.828417, 40.833366], [-73.828417, 40.833366], [-73.828359, 40.833272], [-73.828299, 40.833182], [-73.828249, 40.833072], [-73.828159, 40.832962], [-73.828109, 40.832882], [-73.827789, 40.832502], [-73.827639, 40.832332], [-73.827089, 40.831682], [-73.826479, 40.830982], [-73.826367, 40.830859], [-73.826367, 40.830859], [-73.825959, 40.830412], [-73.825689, 40.830092], [-73.825649, 40.830052], [-73.825329, 40.829692], [-73.824669, 40.829032], [-73.824129, 40.828432], [-73.823654, 40.827966], [-73.823654, 40.827966], [-73.823549, 40.827862], [-73.822349, 40.826792], [-73.821749, 40.826242], [-73.821699, 40.826202], [-73.822088, 40.826014], [-73.822088, 40.826014], [-73.823089, 40.825532], [-73.823859, 40.825132], [-73.824309, 40.824922], [-73.824649, 40.824752], [-73.824819, 40.824662], [-73.825169, 40.824482], [-73.825364, 40.824388], [-73.825364, 40.824388], [-73.827089, 40.823562], [-73.827879, 40.823172], [-73.827547, 40.822782], [-73.827547, 40.822782], [-73.826719, 40.821812], [-73.825369, 40.820202], [-73.824938, 40.82035], [-73.824938, 40.82035], [-73.822845, 40.821069], [-73.822845, 40.821069], [-73.822749, 40.821102], [-73.821869, 40.821402], [-73.821685, 40.821465], [-73.821685, 40.821465], [-73.821029, 40.821692], [-73.820139, 40.821992], [-73.819659, 40.822192], [-73.819549, 40.822142], [-73.818909, 40.821862], [-73.818144, 40.820581], [-73.818144, 40.820581], [-73.818079, 40.820472], [-73.817649, 40.819732], [-73.817229, 40.819042], [-73.817148, 40.818904], [-73.817148, 40.818904], [-73.816369, 40.817582], [-73.816009, 40.816862], [-73.815619, 40.816072], [-73.81608, 40.815975], [-73.81608, 40.815975], [-73.816719, 40.815842], [-73.817619, 40.815662], [-73.81797, 40.815586], [-73.81797, 40.815586], [-73.818319, 40.815512], [-73.819229, 40.815322], [-73.820149, 40.815132], [-73.821069, 40.814942], [-73.821939, 40.814742], [-73.821939, 40.814742], [-73.822029, 40.814722], [-73.822959, 40.814392], [-73.823809, 40.814112], [-73.823893, 40.814084], [-73.823893, 40.814084], [-73.824679, 40.813822], [-73.825529, 40.813532], [-73.826389, 40.813232], [-73.826507, 40.813189]]}}, {"type": "Feature", "properties": {"route_id": "M1", "tier": "priority", "high_need_count": 3}, "geometry": {"type": "LineString", "coordinates": [[-73.935851, 40.821062], [-73.936309, 40.820462], [-73.936402, 40.820335], [-73.936402, 40.820335], [-73.936419, 40.820312], [-73.936799, 40.819792], [-73.936919, 40.819622], [-73.937049, 40.819442], [-73.937249, 40.819162], [-73.937709, 40.818522], [-73.937934, 40.818217], [-73.937934, 40.818217], [-73.938159, 40.817912], [-73.938399, 40.817572], [-73.938609, 40.817292], [-73.939039, 40.816692], [-73.938899, 40.816632], [-73.938642, 40.816526], [-73.938642, 40.816526], [-73.937369, 40.816002], [-73.936769, 40.815752], [-73.935749, 40.815322], [-73.935867, 40.815155], [-73.935867, 40.815155], [-73.936089, 40.814842], [-73.936139, 40.814772], [-73.936239, 40.814662], [-73.936689, 40.814032], [-73.936896, 40.813746], [-73.936896, 40.813746], [-73.937139, 40.813412], [-73.937639, 40.812742], [-73.937942, 40.812322], [-73.937942, 40.812322], [-73.937979, 40.812272], [-73.938379, 40.811742], [-73.938769, 40.811192], [-73.939019, 40.810852], [-73.939209, 40.810589], [-73.939209, 40.810589], [-73.939489, 40.810202], [-73.939949, 40.809572], [-73.940135, 40.809316], [-73.940135, 40.809316], [-73.940189, 40.809242], [-73.940399, 40.808952], [-73.940859, 40.808322], [-73.941068, 40.808044], [-73.941068, 40.808044], [-73.941319, 40.807712], [-73.941769, 40.807082], [-73.942249, 40.806422], [-73.942482, 40.806105], [-73.942482, 40.806105], [-73.942749, 40.805742], [-73.942889, 40.805802], [-73.942999, 40.805842], [-73.943139, 40.805902], [-73.943819, 40.806182], [-73.944319, 40.806392], [-73.944499, 40.806146], [-73.944499, 40.806146], [-73.944779, 40.805762], [-73.945229, 40.805132], [-73.9456, 40.804631], [-73.9456, 40.804631], [-73.945689, 40.804512], [-73.945779, 40.804382], [-73.946149, 40.803882], [-73.945599, 40.803652], [-73.944719, 40.803282], [-73.944589, 40.803222], [-73.944813, 40.802914], [-73.944813, 40.802914], [-73.945049, 40.802592], [-73.945509, 40.801962], [-73.945735, 40.801652], [-73.945735, 40.801652], [-73.945969, 40.801332], [-73.946459, 40.800652], [-73.946707, 40.80031], [-73.946707, 40.80031], [-73.946969, 40.799952], [-73.947849, 40.798722], [-73.948309, 40.798132], [-73.948379, 40.798042], [-73.948529, 40.797833], [-73.948529, 40.797833], [-73.948789, 40.797472], [-73.948979, 40.797232], [-73.949089, 40.797102], [-73.949419, 40.796632], [-73.949502, 40.796507], [-73.949502, 40.796507], [-73.949699, 40.796212], [-73.950159, 40.795582], [-73.950619, 40.794952], [-73.951109, 40.794282], [-73.951208, 40.794143], [-73.951208, 40.794143], [-73.951599, 40.793602], [-73.951739, 40.793412], [-73.952059, 40.792972], [-73.952519, 40.792342], [-73.952949, 40.791762], [-73.952979, 40.791712], [-73.953029, 40.791642], [-73.953107, 40.791537], [-73.953107, 40.791537], [-73.953439, 40.791092], [-73.954409, 40.789762], [-73.954819, 40.789202], [-73.954859, 40.789142], [-73.955089, 40.788832], [-73.955269, 40.788572], [-73.955759, 40.787892], [-73.955809, 40.787832], [-73.955909, 40.787692], [-73.956034, 40.787524], [-73.956034, 40.787524], [-73.956259, 40.787222], [-73.956719, 40.786592], [-73.957179, 40.785962], [-73.957639, 40.785332], [-73.958099, 40.784712], [-73.958549, 40.784092], [-73.958999, 40.783452], [-73.959049, 40.783392], [-73.959459, 40.782832], [-73.959919, 40.782202], [-73.960409, 40.781522], [-73.960639, 40.781212], [-73.960909, 40.780842], [-73.961239, 40.780399], [-73.961239, 40.780399], [-73.961379, 40.780212], [-73.961839, 40.779582], [-73.962309, 40.778942], [-73.962769, 40.778302], [-73.963039, 40.777932], [-73.963229, 40.777672], [-73.963589, 40.777172], [-73.963729, 40.776982], [-73.963789, 40.776902], [-73.963933, 40.776705], [-73.963933, 40.776705], [-73.964229, 40.776302], [-73.964689, 40.775672], [-73.965029, 40.775192], [-73.965149, 40.775032], [-73.965609, 40.774402], [-73.966079, 40.773762], [-73.966539, 40.773132], [-73.967049, 40.772452], [-73.9674, 40.771957], [-73.9674, 40.771957], [-73.967539, 40.771762], [-73.967989, 40.771142], [-73.968449, 40.770512], [-73.968909, 40.769892], [-73.969359, 40.769262], [-73.969509, 40.769062], [-73.969829, 40.768622], [-73.970141, 40.768193], [-73.970141, 40.768193], [-73.970259, 40.768032], [-73.970729, 40.767382], [-73.971189, 40.766762], [-73.971649, 40.766132], [-73.972099, 40.765512], [-73.972559, 40.764872], [-73.972749, 40.764642], [-73.972809, 40.764562], [-73.972916, 40.764409], [-73.972916, 40.764409], [-73.973019, 40.764262], [-73.973109, 40.764142], [-73.973219, 40.763992], [-73.973479, 40.763632], [-73.973719, 40.763292], [-73.973809, 40.763172], [-73.973949, 40.762952], [-73.974459, 40.762282], [-73.974866, 40.761721], [-73.974866, 40.761721], [-73.974909, 40.761662], [-73.975369, 40.761032], [-73.975829, 40.760402], [-73.975909, 40.760292], [-73.975999, 40.760172], [-73.976289, 40.759782], [-73.976749, 40.759152], [-73.976909, 40.758932], [-73.977019, 40.758782], [-73.977199, 40.758532], [-73.977399, 40.758242], [-73.977584, 40.75799], [-73.977584, 40.75799], [-73.977649, 40.757902], [-73.977779, 40.757732], [-73.978109, 40.757272], [-73.978569, 40.756652], [-73.979029, 40.756022], [-73.979389, 40.755532], [-73.979429, 40.755472], [-73.979489, 40.755392], [-73.979939, 40.754782], [-73.980319, 40.754252], [-73.980349, 40.754212], [-73.980399, 40.754142], [-73.980739, 40.753672], [-73.980879, 40.753472], [-73.981103, 40.75317], [-73.981103, 40.75317], [-73.981369, 40.752812], [-73.981519, 40.752612], [-73.981829, 40.752192], [-73.981959, 40.752012], [-73.982279, 40.751572], [-73.982719, 40.750952], [-73.983179, 40.750342], [-73.983619, 40.749722], [-73.984079, 40.749092], [-73.984559, 40.748432], [-73.984679, 40.748272], [-73.985049, 40.747762], [-73.985265, 40.747463], [-73.985265, 40.747463], [-73.985499, 40.747142], [-73.985949, 40.746532], [-73.986389, 40.745912], [-73.986849, 40.745292], [-73.987299, 40.744672], [-73.987749, 40.744052], [-73.988029, 40.743672], [-73.988199, 40.743432], [-73.988639, 40.742802], [-73.988979, 40.742312], [-73.989279, 40.741892], [-73.989569, 40.741532], [-73.989857, 40.74115], [-73.989857, 40.74115], [-73.990069, 40.740872], [-73.990519, 40.740252], [-73.990939, 40.739662], [-73.991379, 40.739082], [-73.991799, 40.738492], [-73.992219, 40.737902], [-73.992649, 40.737322], [-73.993119, 40.736682], [-73.993619, 40.735992], [-73.993847, 40.735669], [-73.993847, 40.735669], [-73.994109, 40.735302], [-73.994589, 40.734662], [-73.995049, 40.734022], [-73.995489, 40.733432], [-73.995909, 40.732842], [-73.996349, 40.732242], [-73.995888, 40.73205], [-73.995888, 40.73205], [-73.994789, 40.731592], [-73.994472, 40.731458], [-73.994472, 40.731458], [-73.994029, 40.731272], [-73.993249, 40.730942], [-73.992542, 40.730642], [-73.992542, 40.730642], [-73.992399, 40.730582], [-73.992829, 40.730072], [-73.993259, 40.729572], [-73.99344, 40.729357], [-73.99344, 40.729357], [-73.993739, 40.729002], [-73.994259, 40.728402], [-73.994749, 40.727802], [-73.995011, 40.727494], [-73.995011, 40.727494], [-73.995269, 40.727192], [-73.995839, 40.726532], [-73.996095, 40.726233], [-73.996095, 40.726233], [-73.996199, 40.726112], [-73.996809, 40.725412], [-73.997029, 40.725142], [-73.997069, 40.72509], [-73.997069, 40.72509], [-73.997369, 40.724702], [-73.997749, 40.724222], [-73.997968, 40.723964], [-73.997968, 40.723964], [-73.998199, 40.723692], [-73.998779, 40.723002], [-73.998954, 40.722787], [-73.998954, 40.722787], [-73.999269, 40.722402], [-73.999829, 40.721752], [-74.000149, 40.721372], [-74.000629, 40.720822], [-73.999879, 40.720402], [-73.999059, 40.720002], [-73.998539, 40.719762], [-73.998259, 40.720082], [-73.997989, 40.720392], [-73.997924, 40.720466]]}}, {"type": "Feature", "properties": {"route_id": "M2", "tier": "priority", "high_need_count": 4}, "geometry": {"type": "LineString", "coordinates": [[-73.990367, 40.731365], [-73.990209, 40.731982], [-73.990029, 40.732752], [-73.989939, 40.733112], [-73.989879, 40.733362], [-73.989859, 40.733512], [-73.989849, 40.733972], [-73.989899, 40.734422], [-73.989989, 40.734762], [-73.989999, 40.734832], [-73.990039, 40.735022], [-73.990049, 40.735152], [-73.989909, 40.735332], [-73.98972, 40.735595], [-73.98972, 40.735595], [-73.989609, 40.735752], [-73.989449, 40.735972], [-73.989019, 40.736512], [-73.988919, 40.736572], [-73.988849, 40.736642], [-73.988769, 40.736742], [-73.988509, 40.737112], [-73.988089, 40.737702], [-73.987669, 40.738282], [-73.987239, 40.738872], [-73.986789, 40.739492], [-73.986729, 40.739572], [-73.986299, 40.740152], [-73.98604, 40.740513], [-73.98604, 40.740513], [-73.985819, 40.740822], [-73.985359, 40.741442], [-73.985459, 40.741482], [-73.987049, 40.742142], [-73.986599, 40.742762], [-73.986149, 40.743382], [-73.985699, 40.744002], [-73.985527, 40.744233], [-73.985527, 40.744233], [-73.985239, 40.744622], [-73.984789, 40.745242], [-73.984339, 40.745852], [-73.983899, 40.746472], [-73.983439, 40.747092], [-73.982959, 40.747762], [-73.982527, 40.748343], [-73.982527, 40.748343], [-73.982469, 40.748422], [-73.982019, 40.749042], [-73.981569, 40.749662], [-73.981119, 40.750272], [-73.980669, 40.750902], [-73.980219, 40.751512], [-73.979769, 40.752132], [-73.979609, 40.752352], [-73.979479, 40.752542], [-73.979269, 40.752822], [-73.978844, 40.753386], [-73.978844, 40.753386], [-73.978779, 40.753472], [-73.978399, 40.754002], [-73.978359, 40.754052], [-73.978329, 40.754092], [-73.977869, 40.754722], [-73.977419, 40.755342], [-73.976959, 40.755972], [-73.976499, 40.756592], [-73.976239, 40.756972], [-73.976049, 40.757222], [-73.975651, 40.757779], [-73.975651, 40.757779], [-73.975599, 40.757852], [-73.975129, 40.758482], [-73.974679, 40.759092], [-73.974219, 40.759732], [-73.973769, 40.760352], [-73.973299, 40.760982], [-73.972849, 40.761602], [-73.972359, 40.762282], [-73.97203, 40.762731], [-73.97203, 40.762731], [-73.971869, 40.762952], [-73.971409, 40.763582], [-73.970949, 40.764212], [-73.970499, 40.764832], [-73.970039, 40.765462], [-73.969579, 40.766082], [-73.969129, 40.766712], [-73.968669, 40.767342], [-73.968209, 40.767962], [-73.967759, 40.768592], [-73.967569, 40.768849], [-73.967569, 40.768849], [-73.967399, 40.769082], [-73.967309, 40.769212], [-73.966849, 40.769842], [-73.966389, 40.770462], [-73.965939, 40.771092], [-73.965429, 40.771772], [-73.965139, 40.772166], [-73.965139, 40.772166], [-73.964929, 40.772452], [-73.964469, 40.773092], [-73.964009, 40.773722], [-73.963549, 40.774362], [-73.963089, 40.774992], [-73.962629, 40.775632], [-73.962129, 40.776312], [-73.961868, 40.776666], [-73.961868, 40.776666], [-73.961629, 40.776992], [-73.961169, 40.777632], [-73.961139, 40.777672], [-73.960699, 40.778262], [-73.960239, 40.778902], [-73.959769, 40.779532], [-73.959309, 40.780162], [-73.958809, 40.780852], [-73.958562, 40.781189], [-73.958562, 40.781189], [-73.958319, 40.781522], [-73.957899, 40.782092], [-73.957859, 40.782152], [-73.957399, 40.782782], [-73.956949, 40.783412], [-73.956489, 40.784042], [-73.956029, 40.784662], [-73.955569, 40.785292], [-73.955109, 40.785922], [-73.955049, 40.786002], [-73.954659, 40.786542], [-73.954589, 40.786632], [-73.954361, 40.78696], [-73.954361, 40.78696], [-73.954179, 40.787222], [-73.953669, 40.787902], [-73.953209, 40.788522], [-73.952749, 40.789162], [-73.952329, 40.789742], [-73.95189, 40.790342], [-73.95189, 40.790342], [-73.951839, 40.790412], [-73.951379, 40.791032], [-73.950919, 40.791672], [-73.950809, 40.791812], [-73.950459, 40.792292], [-73.949999, 40.792922], [-73.949602, 40.793472], [-73.949602, 40.793472], [-73.949509, 40.793602], [-73.949009, 40.794272], [-73.948559, 40.794902], [-73.948099, 40.795532], [-73.947639, 40.796162], [-73.947899, 40.796272], [-73.948083, 40.796352], [-73.948083, 40.796352], [-73.948869, 40.796692], [-73.948819, 40.796792], [-73.948819, 40.796892], [-73.948859, 40.796972], [-73.948959, 40.797052], [-73.949089, 40.797102], [-73.949209, 40.797122], [-73.949349, 40.797122], [-73.949509, 40.797112], [-73.949729, 40.797092], [-73.949879, 40.797152], [-73.950298, 40.797327], [-73.950298, 40.797327], [-73.950979, 40.797612], [-73.952289, 40.798162], [-73.952379, 40.798202], [-73.952559, 40.798282], [-73.952629, 40.798312], [-73.952654, 40.798322], [-73.952654, 40.798322], [-73.955006, 40.799311], [-73.955006, 40.799311], [-73.955199, 40.799392], [-73.955049, 40.799602], [-73.954769, 40.799992], [-73.954299, 40.800612], [-73.953849, 40.801242], [-73.953779, 40.801332], [-73.953648, 40.801513], [-73.953648, 40.801513], [-73.953389, 40.801872], [-73.953349, 40.801922], [-73.952929, 40.802502], [-73.952649, 40.802872], [-73.952439, 40.803162], [-73.952227, 40.803455], [-73.952227, 40.803455], [-73.952179, 40.803522], [-73.952129, 40.803592], [-73.951949, 40.803852], [-73.951839, 40.804002], [-73.951489, 40.804482], [-73.951029, 40.805112], [-73.950825, 40.80539], [-73.950825, 40.80539], [-73.950569, 40.805742], [-73.950539, 40.805782], [-73.950489, 40.805852], [-73.950109, 40.806372], [-73.950069, 40.806432], [-73.949919, 40.806631], [-73.949919, 40.806631], [-73.949649, 40.806992], [-73.949242, 40.807549], [-73.949242, 40.807549], [-73.949189, 40.807622], [-73.948739, 40.808252], [-73.948249, 40.808932], [-73.948056, 40.809192], [-73.948056, 40.809192], [-73.947759, 40.809592], [-73.947699, 40.809672], [-73.947289, 40.810232], [-73.947088, 40.810508], [-73.947088, 40.810508], [-73.946839, 40.810852], [-73.946389, 40.811472], [-73.946185, 40.811752], [-73.946185, 40.811752], [-73.945939, 40.812092], [-73.945879, 40.812182], [-73.945509, 40.812712], [-73.945297, 40.813], [-73.945297, 40.813], [-73.945039, 40.813352], [-73.944979, 40.813432], [-73.944579, 40.813972], [-73.944539, 40.814022], [-73.944384, 40.814227], [-73.944384, 40.814227], [-73.944109, 40.814592], [-73.943619, 40.815272], [-73.943399, 40.815585], [-73.943399, 40.815585], [-73.943149, 40.815942], [-73.942679, 40.816552], [-73.942485, 40.816822], [-73.942485, 40.816822], [-73.942219, 40.817192], [-73.941769, 40.817802], [-73.941569, 40.818069], [-73.941569, 40.818069], [-73.941299, 40.818432], [-73.940859, 40.819052], [-73.940652, 40.819331], [-73.940652, 40.819331], [-73.940399, 40.819672], [-73.939959, 40.820302], [-73.939919, 40.820352], [-73.939768, 40.820552], [-73.939768, 40.820552], [-73.939489, 40.820922], [-73.939019, 40.821592], [-73.938779, 40.821918], [-73.938779, 40.821918], [-73.938519, 40.822272], [-73.938049, 40.822892], [-73.937827, 40.8232], [-73.937827, 40.8232], [-73.937589, 40.823532], [-73.937469, 40.823702], [-73.937139, 40.824142], [-73.937099, 40.824192], [-73.937039, 40.824282], [-73.937028, 40.824296], [-73.937028, 40.824296], [-73.936689, 40.824762], [-73.936239, 40.825382], [-73.936051, 40.825651], [-73.936051, 40.825651], [-73.935919, 40.825842], [-73.935779, 40.825982], [-73.935321, 40.826558], [-73.935321, 40.826558], [-73.935279, 40.826612], [-73.935199, 40.826742], [-73.935149, 40.826862], [-73.935149, 40.826992], [-73.935199, 40.827242], [-73.935219, 40.827392], [-73.935209, 40.827562], [-73.935149, 40.827682], [-73.935059, 40.827802], [-73.934969, 40.827882], [-73.934829, 40.827972], [-73.934689, 40.828032], [-73.934839, 40.828132], [-73.934959, 40.828192], [-73.935179, 40.828292], [-73.935539, 40.828442], [-73.935779, 40.828542], [-73.936059, 40.828662], [-73.936189, 40.828712], [-73.936379, 40.828792], [-73.936469, 40.828832], [-73.936579, 40.828882], [-73.936749, 40.828952], [-73.936829, 40.828982], [-73.937259, 40.829152], [-73.938639, 40.829732], [-73.939189, 40.829972], [-73.939619, 40.830152], [-73.940129, 40.830372], [-73.940279, 40.830432], [-73.940319, 40.830632], [-73.940336, 40.830902], [-73.940336, 40.830902], [-73.940369, 40.831422], [-73.940349, 40.831582], [-73.940289, 40.831742], [-73.940209, 40.831882], [-73.939769, 40.832482], [-73.939669, 40.832682], [-73.939539, 40.832922], [-73.939518, 40.832943], [-73.939518, 40.832943], [-73.939409, 40.833062], [-73.939149, 40.833272], [-73.938479, 40.833842], [-73.938199, 40.834072], [-73.938194, 40.834077], [-73.938194, 40.834077], [-73.938089, 40.834192], [-73.937929, 40.834462], [-73.937749, 40.834882], [-73.937573, 40.835262], [-73.937573, 40.835262], [-73.937379, 40.835682], [-73.937029, 40.836452], [-73.936959, 40.836602], [-73.936923, 40.836677], [-73.936923, 40.836677], [-73.936729, 40.837092], [-73.936689, 40.837182], [-73.938206, 40.837805], [-73.938206, 40.837805], [-73.938369, 40.837872], [-73.938309, 40.837952], [-73.937919, 40.838482], [-73.937779, 40.838682], [-73.937339, 40.839272], [-73.937209, 40.839452], [-73.936939, 40.839812], [-73.936909, 40.839852], [-73.938369, 40.840482], [-73.938592, 40.840578]]}}, {"type": "Feature", "properties": {"route_id": "M3", "tier": "priority", "high_need_count": 6}, "geometry": {"type": "LineString", "coordinates": [[-73.990367, 40.731365], [-73.990209, 40.731982], [-73.990029, 40.732752], [-73.989939, 40.733112], [-73.989879, 40.733362], [-73.989859, 40.733512], [-73.98985, 40.733938], [-73.98985, 40.733938], [-73.989849, 40.733972], [-73.989899, 40.734422], [-73.989989, 40.734762], [-73.989999, 40.734832], [-73.990039, 40.735022], [-73.990049, 40.735152], [-73.989909, 40.735332], [-73.98972, 40.735595], [-73.98972, 40.735595], [-73.989609, 40.735752], [-73.989449, 40.735972], [-73.989019, 40.736512], [-73.988919, 40.736572], [-73.988849, 40.736642], [-73.988769, 40.736742], [-73.988712, 40.736823], [-73.988712, 40.736823], [-73.988509, 40.737112], [-73.988089, 40.737702], [-73.987669, 40.738282], [-73.987239, 40.738872], [-73.987138, 40.739011], [-73.987138, 40.739011], [-73.986789, 40.739492], [-73.986729, 40.739572], [-73.986299, 40.740152], [-73.98604, 40.740513], [-73.98604, 40.740513], [-73.985819, 40.740822], [-73.985359, 40.741442], [-73.985459, 40.741482], [-73.98553, 40.741511], [-73.98553, 40.741511], [-73.987049, 40.742142], [-73.986599, 40.742762], [-73.986149, 40.743382], [-73.985699, 40.744002], [-73.985527, 40.744233], [-73.985527, 40.744233], [-73.985239, 40.744622], [-73.984789, 40.745242], [-73.984567, 40.745542], [-73.984567, 40.745542], [-73.984339, 40.745852], [-73.983899, 40.746472], [-73.983439, 40.747092], [-73.982959, 40.747762], [-73.982514, 40.748361], [-73.982514, 40.748361], [-73.982469, 40.748422], [-73.982019, 40.749042], [-73.981569, 40.749662], [-73.981193, 40.750172], [-73.981193, 40.750172], [-73.981119, 40.750272], [-73.980669, 40.750902], [-73.980219, 40.751512], [-73.980013, 40.751795], [-73.980013, 40.751795], [-73.979769, 40.752132], [-73.979609, 40.752352], [-73.979479, 40.752542], [-73.979269, 40.752822], [-73.97885, 40.753377], [-73.97885, 40.753377], [-73.978779, 40.753472], [-73.978399, 40.754002], [-73.978359, 40.754052], [-73.978329, 40.754092], [-73.977869, 40.754722], [-73.977476, 40.755263], [-73.977476, 40.755263], [-73.977419, 40.755342], [-73.976959, 40.755972], [-73.976499, 40.756592], [-73.976239, 40.756972], [-73.976049, 40.757222], [-73.975883, 40.757454], [-73.975883, 40.757454], [-73.975599, 40.757852], [-73.975129, 40.758482], [-73.975069, 40.758562], [-73.975069, 40.758562], [-73.974679, 40.759092], [-73.974219, 40.759732], [-73.973769, 40.760352], [-73.973299, 40.760982], [-73.972991, 40.761406], [-73.972991, 40.761406], [-73.972849, 40.761602], [-73.972359, 40.762282], [-73.972039, 40.762719], [-73.972039, 40.762719], [-73.971869, 40.762952], [-73.971409, 40.763582], [-73.970949, 40.764212], [-73.970667, 40.764599], [-73.970667, 40.764599], [-73.970499, 40.764832], [-73.970039, 40.765462], [-73.969579, 40.766082], [-73.969416, 40.76631], [-73.969416, 40.76631], [-73.969129, 40.766712], [-73.968669, 40.767342], [-73.968274, 40.767874], [-73.968274, 40.767874], [-73.968209, 40.767962], [-73.967759, 40.768592], [-73.967569, 40.768849], [-73.967569, 40.768849], [-73.967399, 40.769082], [-73.967309, 40.769212], [-73.966849, 40.769842], [-73.966618, 40.770152], [-73.966618, 40.770152], [-73.966389, 40.770462], [-73.965939, 40.771092], [-73.965429, 40.771772], [-73.965139, 40.772166], [-73.965139, 40.772166], [-73.964929, 40.772452], [-73.964469, 40.773092], [-73.964192, 40.773471], [-73.964192, 40.773471], [-73.964009, 40.773722], [-73.963549, 40.774362], [-73.963089, 40.774992], [-73.962826, 40.775357], [-73.962826, 40.775357], [-73.962629, 40.775632], [-73.962129, 40.776312], [-73.961868, 40.776666], [-73.961868, 40.776666], [-73.961629, 40.776992], [-73.961169, 40.777632], [-73.961139, 40.777672], [-73.960699, 40.778262], [-73.960292, 40.778828], [-73.960292, 40.778828], [-73.960239, 40.778902], [-73.959769, 40.779532], [-73.959309, 40.780162], [-73.958809, 40.780852], [-73.958562, 40.781189], [-73.958562, 40.781189], [-73.958319, 40.781522], [-73.957899, 40.782092], [-73.957859, 40.782152], [-73.957452, 40.782709], [-73.957452, 40.782709], [-73.957399, 40.782782], [-73.956949, 40.783412], [-73.956489, 40.784042], [-73.956225, 40.784398], [-73.956225, 40.784398], [-73.956029, 40.784662], [-73.955569, 40.785292], [-73.95529, 40.785673], [-73.95529, 40.785673], [-73.955109, 40.785922], [-73.955049, 40.786002], [-73.954659, 40.786542], [-73.954589, 40.786632], [-73.954361, 40.78696], [-73.954361, 40.78696], [-73.954179, 40.787222], [-73.953669, 40.787902], [-73.953263, 40.788449], [-73.953263, 40.788449], [-73.953209, 40.788522], [-73.952749, 40.789162], [-73.952329, 40.789742], [-73.95189, 40.790342], [-73.95189, 40.790342], [-73.951839, 40.790412], [-73.951379, 40.791032], [-73.951109, 40.791407], [-73.951109, 40.791407], [-73.950919, 40.791672], [-73.950809, 40.791812], [-73.95053, 40.792193], [-73.95053, 40.792193], [-73.950459, 40.792292], [-73.949999, 40.792922], [-73.949602, 40.793472], [-73.949602, 40.793472], [-73.949509, 40.793602], [-73.949009, 40.794272], [-73.948783, 40.794588], [-73.948783, 40.794588], [-73.948559, 40.794902], [-73.948099, 40.795532], [-73.947639, 40.796162], [-73.947899, 40.796272], [-73.948083, 40.796352], [-73.948083, 40.796352], [-73.948869, 40.796692], [-73.948819, 40.796792], [-73.948819, 40.796892], [-73.948859, 40.796972], [-73.948959, 40.797052], [-73.949089, 40.797102], [-73.949209, 40.797122], [-73.949349, 40.797122], [-73.949509, 40.797112], [-73.949729, 40.797092], [-73.949879, 40.797152], [-73.950298, 40.797327], [-73.950298, 40.797327], [-73.950979, 40.797612], [-73.952289, 40.798162], [-73.952379, 40.798202], [-73.952559, 40.798282], [-73.952629, 40.798312], [-73.952654, 40.798322], [-73.952654, 40.798322], [-73.955006, 40.799311], [-73.955006, 40.799311], [-73.955199, 40.799392], [-73.955369, 40.799462], [-73.955529, 40.799522], [-73.957879, 40.800482], [-73.957859, 40.800572], [-73.957869, 40.800632], [-73.957899, 40.800692], [-73.957929, 40.800732], [-73.958019, 40.800782], [-73.958109, 40.800812], [-73.958219, 40.800812], [-73.958309, 40.800792], [-73.958389, 40.800752], [-73.958449, 40.800692], [-73.958524, 40.80072], [-73.958524, 40.80072], [-73.959499, 40.801082], [-73.959649, 40.801142], [-73.959203, 40.801757], [-73.959203, 40.801757], [-73.959149, 40.801832], [-73.958729, 40.802402], [-73.958229, 40.803092], [-73.958028, 40.803372], [-73.958028, 40.803372], [-73.957779, 40.803722], [-73.957319, 40.804352], [-73.956819, 40.805022], [-73.956654, 40.805251], [-73.956654, 40.805251], [-73.956329, 40.805702], [-73.955869, 40.806332], [-73.955409, 40.806962], [-73.955359, 40.807042], [-73.955237, 40.807202], [-73.955237, 40.807202], [-73.954949, 40.807582], [-73.954489, 40.808212], [-73.954298, 40.808473], [-73.954298, 40.808473], [-73.954029, 40.808842], [-73.952959, 40.808392], [-73.952979, 40.808562], [-73.952999, 40.809232], [-73.953089, 40.810082], [-73.952579, 40.810762], [-73.952361, 40.811066], [-73.952361, 40.811066], [-73.952099, 40.811432], [-73.952029, 40.811512], [-73.951559, 40.811952], [-73.951499, 40.812002], [-73.951247, 40.812258], [-73.951247, 40.812258], [-73.950939, 40.812572], [-73.950339, 40.813142], [-73.949889, 40.813732], [-73.949759, 40.813932], [-73.949673, 40.814054], [-73.949673, 40.814054], [-73.949569, 40.814202], [-73.949049, 40.814902], [-73.948721, 40.815582], [-73.948721, 40.815582], [-73.948669, 40.815692], [-73.948349, 40.816382], [-73.948067, 40.816988], [-73.948067, 40.816988], [-73.948009, 40.817112], [-73.947659, 40.817862], [-73.947589, 40.818012], [-73.947416, 40.818387], [-73.947416, 40.818387], [-73.947349, 40.818532], [-73.947029, 40.819212], [-73.946749, 40.819832], [-73.946719, 40.819892], [-73.946586, 40.820178], [-73.946586, 40.820178], [-73.946399, 40.820582], [-73.946299, 40.820782], [-73.946125, 40.821149], [-73.946125, 40.821149], [-73.946119, 40.821162], [-73.946079, 40.821252], [-73.945106, 40.823297], [-73.945106, 40.823297], [-73.944819, 40.823902], [-73.944759, 40.824032], [-73.944502, 40.824378], [-73.944502, 40.824378], [-73.944269, 40.824692], [-73.943809, 40.825322], [-73.943696, 40.825477], [-73.943696, 40.825477], [-73.943359, 40.825942], [-73.943089, 40.826642], [-73.942779, 40.827332], [-73.942499, 40.828032], [-73.942377, 40.828348], [-73.942377, 40.828348], [-73.942229, 40.828732], [-73.941949, 40.829422], [-73.941848, 40.829669], [-73.941848, 40.829669], [-73.941659, 40.830132], [-73.941359, 40.830882], [-73.942999, 40.831572], [-73.942897, 40.831712], [-73.942897, 40.831712], [-73.942609, 40.832112], [-73.942509, 40.832242], [-73.942029, 40.832862], [-73.941579, 40.833482], [-73.941439, 40.833666], [-73.941439, 40.833666], [-73.941119, 40.834092], [-73.940659, 40.834722], [-73.940262, 40.835266], [-73.940262, 40.835266], [-73.940199, 40.835352], [-73.939899, 40.835782], [-73.939949, 40.836052], [-73.940139, 40.836952], [-73.94009, 40.837199], [-73.94009, 40.837199], [-73.939989, 40.837712], [-73.939885, 40.838395], [-73.939885, 40.838395], [-73.939869, 40.838502], [-73.939889, 40.838852], [-73.939909, 40.839262], [-73.939899, 40.839442], [-73.939879, 40.839562], [-73.939829, 40.839772], [-73.939689, 40.840262], [-73.939509, 40.84089], [-73.939509, 40.84089], [-73.939489, 40.840962], [-73.939389, 40.841292], [-73.939359, 40.841432], [-73.939349, 40.841562], [-73.939299, 40.841652], [-73.939279, 40.841762], [-73.939179, 40.841802], [-73.939089, 40.841912], [-73.938839, 40.842232], [-73.938649, 40.842552], [-73.938641, 40.842562], [-73.938641, 40.842562], [-73.938549, 40.842702], [-73.938419, 40.842892], [-73.937979, 40.843492], [-73.937519, 40.844132], [-73.93729, 40.844449], [-73.93729, 40.844449], [-73.937049, 40.844782], [-73.936609, 40.845382], [-73.936579, 40.845432], [-73.936079, 40.846092], [-73.936029, 40.846172], [-73.935849, 40.846412], [-73.935849, 40.846412], [-73.935639, 40.846692], [-73.935619, 40.846722], [-73.935169, 40.847342], [-73.935039, 40.847532], [-73.934969, 40.847622], [-73.934889, 40.847752], [-73.934819, 40.847852], [-73.934709, 40.847992], [-73.934501, 40.84827], [-73.934501, 40.84827], [-73.934239, 40.848622], [-73.933729, 40.849312], [-73.933508, 40.849611], [-73.933508, 40.849611], [-73.933309, 40.849882], [-73.933279, 40.849932], [-73.932859, 40.850502], [-73.932489, 40.851012], [-73.932429, 40.851092], [-73.932197, 40.851409], [-73.932197, 40.851409], [-73.931999, 40.851682], [-73.931939, 40.851762], [-73.931499, 40.852372], [-73.931049, 40.852982], [-73.930999, 40.853052], [-73.930744, 40.853401], [-73.930744, 40.853401], [-73.930539, 40.853682], [-73.930119, 40.854252], [-73.930089, 40.854302], [-73.930019, 40.854394], [-73.930019, 40.854394], [-73.929639, 40.854902], [-73.928249, 40.854312], [-73.928139, 40.854262], [-73.927439, 40.853942], [-73.927389, 40.853942], [-73.926809, 40.853702], [-73.926729, 40.853802], [-73.926615, 40.853954], [-73.926615, 40.853954], [-73.926379, 40.854272], [-73.926209, 40.854512], [-73.925159, 40.855972], [-73.924699, 40.856602], [-73.924629, 40.856932], [-73.924639, 40.857012], [-73.924669, 40.857172], [-73.924719, 40.857332], [-73.924929, 40.857742], [-73.925029, 40.857892], [-73.925149, 40.858002], [-73.925289, 40.858092], [-73.925439, 40.858162], [-73.925599, 40.858202], [-73.925749, 40.858222], [-73.925919, 40.858222], [-73.926069, 40.858192], [-73.926229, 40.858142], [-73.926369, 40.858072], [-73.926509, 40.857972], [-73.926587, 40.857874], [-73.926587, 40.857874], [-73.926799, 40.857612], [-73.926899, 40.857512], [-73.927009, 40.857432], [-73.927409, 40.857072], [-73.927599, 40.857052], [-73.927881, 40.856968], [-73.927881, 40.856968], [-73.927969, 40.856942], [-73.928099, 40.856882], [-73.928189, 40.856822], [-73.928239, 40.856792], [-73.928429, 40.856572], [-73.928459, 40.856532], [-73.928629, 40.856287]]}}, {"type": "Feature", "properties": {"route_id": "M4", "tier": "priority", "high_need_count": 5}, "geometry": {"type": "LineString", "coordinates": [[-73.956396, 40.818459], [-73.956569, 40.818212], [-73.957029, 40.817572], [-73.957479, 40.816962], [-73.957569, 40.816832], [-73.957929, 40.816352], [-73.958096, 40.816132], [-73.958096, 40.816132], [-73.95895, 40.814988], [-73.95895, 40.814988], [-73.959159, 40.814692], [-73.959819, 40.813812], [-73.959893, 40.813707], [-73.959893, 40.813707], [-73.960749, 40.812512], [-73.961219, 40.811872], [-73.961342, 40.811691], [-73.961342, 40.811691], [-73.96236, 40.810286], [-73.96236, 40.810286], [-73.964095, 40.807905], [-73.964095, 40.807905], [-73.965051, 40.806599], [-73.965051, 40.806599], [-73.965967, 40.805336], [-73.965967, 40.805336], [-73.966299, 40.804852], [-73.966789, 40.804192], [-73.966609, 40.804122], [-73.966155, 40.803932], [-73.966155, 40.803932], [-73.963455, 40.802798], [-73.963455, 40.802798], [-73.96071, 40.801615], [-73.96071, 40.801615], [-73.95954, 40.801098], [-73.95954, 40.801098], [-73.959499, 40.801082], [-73.958449, 40.800692], [-73.958489, 40.800612], [-73.958489, 40.800552], [-73.958459, 40.800482], [-73.958399, 40.800422], [-73.958329, 40.800372], [-73.958249, 40.800342], [-73.958129, 40.800332], [-73.958039, 40.800362], [-73.957939, 40.800422], [-73.957879, 40.800482], [-73.957692, 40.800406], [-73.957692, 40.800406], [-73.954817, 40.799231], [-73.954817, 40.799231], [-73.952629, 40.798312], [-73.952559, 40.798282], [-73.952379, 40.798202], [-73.952289, 40.798162], [-73.952018, 40.798048], [-73.952018, 40.798048], [-73.950979, 40.797612], [-73.949879, 40.797152], [-73.949833, 40.797134], [-73.949833, 40.797134], [-73.949729, 40.797092], [-73.949669, 40.796892], [-73.949629, 40.796812], [-73.949619, 40.796782], [-73.949569, 40.796732], [-73.949499, 40.796682], [-73.949419, 40.796632], [-73.949699, 40.796212], [-73.950159, 40.795582], [-73.950235, 40.795477], [-73.950235, 40.795477], [-73.950619, 40.794952], [-73.951109, 40.794282], [-73.951208, 40.794143], [-73.951208, 40.794143], [-73.951599, 40.793602], [-73.951739, 40.793412], [-73.952059, 40.792972], [-73.952109, 40.792903], [-73.952109, 40.792903], [-73.952519, 40.792342], [-73.952949, 40.791762], [-73.952979, 40.791712], [-73.953029, 40.791642], [-73.953107, 40.791537], [-73.953107, 40.791537], [-73.953439, 40.791092], [-73.954409, 40.789762], [-73.954819, 40.789202], [-73.954842, 40.789167], [-73.954842, 40.789167], [-73.954859, 40.789142], [-73.955089, 40.788832], [-73.955269, 40.788572], [-73.955759, 40.787892], [-73.955809, 40.787832], [-73.955909, 40.787692], [-73.956034, 40.787524], [-73.956034, 40.787524], [-73.956259, 40.787222], [-73.956719, 40.786592], [-73.956772, 40.78652], [-73.956772, 40.78652], [-73.957179, 40.785962], [-73.957639, 40.785332], [-73.957755, 40.785175], [-73.957755, 40.785175], [-73.958099, 40.784712], [-73.958549, 40.784092], [-73.958639, 40.783963], [-73.958639, 40.783963], [-73.958999, 40.783452], [-73.959049, 40.783392], [-73.959459, 40.782832], [-73.959919, 40.782202], [-73.959957, 40.782148], [-73.959957, 40.782148], [-73.960409, 40.781522], [-73.960639, 40.781212], [-73.960909, 40.780842], [-73.961239, 40.780399], [-73.961239, 40.780399], [-73.961379, 40.780212], [-73.961839, 40.779582], [-73.962309, 40.778942], [-73.962769, 40.778302], [-73.963039, 40.777932], [-73.963162, 40.777763], [-73.963162, 40.777763], [-73.963229, 40.777672], [-73.963589, 40.777172], [-73.963729, 40.776982], [-73.963789, 40.776902], [-73.963933, 40.776705], [-73.963933, 40.776705], [-73.964229, 40.776302], [-73.964689, 40.775672], [-73.964756, 40.775577], [-73.964756, 40.775577], [-73.965029, 40.775192], [-73.965149, 40.775032], [-73.965609, 40.774402], [-73.965674, 40.774313], [-73.965674, 40.774313], [-73.966079, 40.773762], [-73.966539, 40.773132], [-73.967049, 40.772452], [-73.9674, 40.771957], [-73.9674, 40.771957], [-73.967539, 40.771762], [-73.967989, 40.771142], [-73.968449, 40.770512], [-73.968661, 40.770226], [-73.968661, 40.770226], [-73.968909, 40.769892], [-73.969359, 40.769262], [-73.969509, 40.769062], [-73.969829, 40.768622], [-73.970141, 40.768193], [-73.970141, 40.768193], [-73.970259, 40.768032], [-73.970729, 40.767382], [-73.971189, 40.766762], [-73.971239, 40.766693], [-73.971239, 40.766693], [-73.971649, 40.766132], [-73.971988, 40.765664], [-73.971988, 40.765664], [-73.972099, 40.765512], [-73.972559, 40.764872], [-73.972749, 40.764642], [-73.972809, 40.764562], [-73.972916, 40.764409], [-73.972916, 40.764409], [-73.973019, 40.764262], [-73.973109, 40.764142], [-73.973219, 40.763992], [-73.973479, 40.763632], [-73.973719, 40.763292], [-73.973809, 40.763172], [-73.973949, 40.762952], [-73.974459, 40.762282], [-73.974866, 40.761721], [-73.974866, 40.761721], [-73.974909, 40.761662], [-73.975369, 40.761032], [-73.975829, 40.760402], [-73.975909, 40.760292], [-73.975999, 40.760172], [-73.976213, 40.759884], [-73.976213, 40.759884], [-73.976289, 40.759782], [-73.976749, 40.759152], [-73.976909, 40.758932], [-73.977019, 40.758782], [-73.977199, 40.758532], [-73.977399, 40.758242], [-73.977584, 40.75799], [-73.977584, 40.75799], [-73.977649, 40.757902], [-73.977779, 40.757732], [-73.978109, 40.757272], [-73.978569, 40.756652], [-73.978958, 40.756119], [-73.978958, 40.756119], [-73.979029, 40.756022], [-73.979389, 40.755532], [-73.979429, 40.755472], [-73.979489, 40.755392], [-73.979896, 40.75484], [-73.979896, 40.75484], [-73.979939, 40.754782], [-73.980319, 40.754252], [-73.980349, 40.754212], [-73.980399, 40.754142], [-73.980739, 40.753672], [-73.980879, 40.753472], [-73.981103, 40.75317], [-73.981103, 40.75317], [-73.981369, 40.752812], [-73.981519, 40.752612], [-73.981829, 40.752192], [-73.981959, 40.752012], [-73.982279, 40.751572], [-73.982719, 40.750952], [-73.982755, 40.750903], [-73.982755, 40.750903], [-73.983179, 40.750342], [-73.983619, 40.749722], [-73.983827, 40.749437], [-73.983827, 40.749437], [-73.984079, 40.749092], [-73.984559, 40.748432], [-73.984679, 40.748272], [-73.985049, 40.747762], [-73.985499, 40.747142], [-73.984958, 40.746916]]}}, {"type": "Feature", "properties": {"route_id": "M5", "tier": "priority", "high_need_count": 3}, "geometry": {"type": "LineString", "coordinates": [[-73.937653, 40.848403], [-73.937689, 40.848362], [-73.937749, 40.848252], [-73.937979, 40.847712], [-73.938039, 40.847542], [-73.938249, 40.846922], [-73.938322, 40.846641], [-73.938322, 40.846641], [-73.938439, 40.846192], [-73.938669, 40.845422], [-73.938731, 40.845152], [-73.938731, 40.845152], [-73.938829, 40.844732], [-73.938839, 40.844672], [-73.939019, 40.843932], [-73.93909, 40.843634], [-73.93909, 40.843634], [-73.939149, 40.843392], [-73.939179, 40.843212], [-73.939227, 40.842565], [-73.939227, 40.842565], [-73.939239, 40.842402], [-73.939279, 40.841882], [-73.939339, 40.841772], [-73.939399, 40.841692], [-73.939489, 40.841572], [-73.939819, 40.841092], [-73.940249, 40.840512], [-73.940536, 40.840123], [-73.940536, 40.840123], [-73.940699, 40.839902], [-73.941219, 40.839202], [-73.941769, 40.838452], [-73.941978, 40.838159], [-73.941978, 40.838159], [-73.942219, 40.837822], [-73.942679, 40.837202], [-73.942856, 40.836958], [-73.942856, 40.836958], [-73.943129, 40.836582], [-73.943579, 40.835942], [-73.943769, 40.83569], [-73.943769, 40.83569], [-73.944039, 40.835332], [-73.944519, 40.834702], [-73.944876, 40.83421], [-73.944876, 40.83421], [-73.946135, 40.832475], [-73.946135, 40.832475], [-73.947475, 40.830626], [-73.947475, 40.830626], [-73.948411, 40.829362], [-73.948411, 40.829362], [-73.949793, 40.827476], [-73.949793, 40.827476], [-73.950395, 40.826657], [-73.950395, 40.826657], [-73.952114, 40.824277], [-73.952114, 40.824277], [-73.953038, 40.823038], [-73.953038, 40.823038], [-73.953937, 40.821804], [-73.953937, 40.821804], [-73.954219, 40.821412], [-73.954269, 40.821342], [-73.954629, 40.820842], [-73.954669, 40.820792], [-73.954999, 40.820372], [-73.955179, 40.820142], [-73.955762, 40.820386]]}}, {"type": "Feature", "properties": {"route_id": "M7", "tier": "priority", "high_need_count": 3}, "geometry": {"type": "LineString", "coordinates": [[-73.935851, 40.821062], [-73.936309, 40.820462], [-73.936402, 40.820335], [-73.936402, 40.820335], [-73.936419, 40.820312], [-73.936799, 40.819792], [-73.936919, 40.819622], [-73.937049, 40.819442], [-73.937249, 40.819162], [-73.937709, 40.818522], [-73.937934, 40.818217], [-73.937934, 40.818217], [-73.938159, 40.817912], [-73.938399, 40.817572], [-73.938609, 40.817292], [-73.939039, 40.816692], [-73.939324, 40.816314], [-73.939324, 40.816314], [-73.939529, 40.816042], [-73.939579, 40.815962], [-73.939969, 40.815412], [-73.940242, 40.815043], [-73.940242, 40.815043], [-73.940429, 40.814792], [-73.940479, 40.814722], [-73.940639, 40.814512], [-73.940919, 40.814132], [-73.941243, 40.813679], [-73.941243, 40.813679], [-73.941399, 40.813462], [-73.941459, 40.813382], [-73.941869, 40.812812], [-73.942319, 40.812212], [-73.942537, 40.811925], [-73.942537, 40.811925], [-73.942789, 40.811592], [-73.943239, 40.810962], [-73.943699, 40.810332], [-73.943954, 40.809974], [-73.943954, 40.809974], [-73.944149, 40.809702], [-73.944599, 40.809092], [-73.944862, 40.808722], [-73.944862, 40.808722], [-73.945049, 40.808462], [-73.945219, 40.808242], [-73.945279, 40.808162], [-73.945549, 40.807792], [-73.945844, 40.807388], [-73.945844, 40.807388], [-73.946039, 40.807122], [-73.946499, 40.806492], [-73.946959, 40.805862], [-73.947009, 40.805792], [-73.947176, 40.805563], [-73.947176, 40.805563], [-73.947419, 40.805232], [-73.947869, 40.804602], [-73.948329, 40.803972], [-73.948606, 40.803606], [-73.948606, 40.803606], [-73.948799, 40.803352], [-73.948849, 40.803282], [-73.949259, 40.802722], [-73.949509, 40.802392], [-73.949759, 40.802042], [-73.950102, 40.802185], [-73.950102, 40.802185], [-73.952439, 40.803162], [-73.952589, 40.803222], [-73.952829, 40.803322], [-73.953167, 40.803468], [-73.953167, 40.803468], [-73.954639, 40.804102], [-73.955201, 40.80434], [-73.955201, 40.80434], [-73.955369, 40.804412], [-73.956819, 40.805022], [-73.957045, 40.804719], [-73.957045, 40.804719], [-73.957319, 40.804352], [-73.957721, 40.8038], [-73.957721, 40.8038], [-73.957779, 40.803722], [-73.958229, 40.803092], [-73.958729, 40.802402], [-73.95889, 40.802183], [-73.95889, 40.802183], [-73.959149, 40.801832], [-73.959649, 40.801142], [-73.959863, 40.80085], [-73.959863, 40.80085], [-73.960059, 40.800582], [-73.960529, 40.799952], [-73.960691, 40.799724], [-73.960691, 40.799724], [-73.960979, 40.799322], [-73.961049, 40.799232], [-73.961389, 40.798773], [-73.961389, 40.798773], [-73.961479, 40.798652], [-73.962879, 40.799242], [-73.963142, 40.798877], [-73.963142, 40.798877], [-73.963369, 40.798562], [-73.963399, 40.798522], [-73.963849, 40.797902], [-73.963889, 40.797852], [-73.964279, 40.797322], [-73.964369, 40.797192], [-73.964669, 40.796792], [-73.964777, 40.796645], [-73.964777, 40.796645], [-73.964809, 40.796602], [-73.965189, 40.796082], [-73.965629, 40.795482], [-73.965963, 40.795029], [-73.965963, 40.795029], [-73.966619, 40.794142], [-73.967049, 40.793552], [-73.967276, 40.793239], [-73.967276, 40.793239], [-73.967549, 40.792862], [-73.968039, 40.792182], [-73.968489, 40.791562], [-73.968699, 40.791272], [-73.968711, 40.791256], [-73.968711, 40.791256], [-73.968949, 40.790932], [-73.969409, 40.790302], [-73.96964, 40.78999], [-73.96964, 40.78999], [-73.969869, 40.789682], [-73.970329, 40.789052], [-73.970789, 40.788422], [-73.971006, 40.788125], [-73.971006, 40.788125], [-73.971249, 40.787792], [-73.971709, 40.787172], [-73.972209, 40.786492], [-73.972461, 40.786155], [-73.972461, 40.786155], [-73.972719, 40.785812], [-73.972779, 40.785732], [-73.973169, 40.785172], [-73.973209, 40.785112], [-73.973385, 40.784862], [-73.973385, 40.784862], [-73.973619, 40.784532], [-73.974079, 40.783892], [-73.974539, 40.783272], [-73.974904, 40.782774], [-73.974904, 40.782774], [-73.975009, 40.782632], [-73.975509, 40.781952], [-73.976019, 40.781272], [-73.976239, 40.780966], [-73.976239, 40.780966], [-73.976459, 40.780662], [-73.976959, 40.780022], [-73.977429, 40.779382], [-73.977659, 40.779072], [-73.977689, 40.77903], [-73.977689, 40.77903], [-73.977889, 40.778752], [-73.978359, 40.778112], [-73.978859, 40.777432], [-73.979127, 40.777071], [-73.979127, 40.777071], [-73.979359, 40.776762], [-73.979829, 40.776122], [-73.980269, 40.775512], [-73.980475, 40.775222], [-73.980475, 40.775222], [-73.980639, 40.774992], [-73.980729, 40.774872], [-73.980999, 40.774482], [-73.981149, 40.774242], [-73.981491, 40.773715], [-73.981491, 40.773715], [-73.981559, 40.773612], [-73.981849, 40.773222], [-73.982059, 40.772982], [-73.982289, 40.772632], [-73.982289, 40.772242], [-73.982272, 40.771798], [-73.982272, 40.771798], [-73.982259, 40.771432], [-73.982249, 40.770602], [-73.982219, 40.769782], [-73.982215, 40.769471], [-73.982215, 40.769471], [-73.982209, 40.768932], [-73.982209, 40.768342], [-73.982309, 40.768272], [-73.982379, 40.768192], [-73.982419, 40.768092], [-73.982439, 40.768002], [-73.982429, 40.767932], [-73.982399, 40.767862], [-73.982359, 40.767812], [-73.982319, 40.767772], [-73.982259, 40.767722], [-73.982235, 40.767711], [-73.982235, 40.767711], [-73.982169, 40.767682], [-73.982059, 40.767652], [-73.981939, 40.767642], [-73.981789, 40.767642], [-73.981639, 40.767672], [-73.981539, 40.767742], [-73.981469, 40.767822], [-73.981429, 40.767892], [-73.980911, 40.767675], [-73.980911, 40.767675], [-73.979399, 40.767042], [-73.979059, 40.766902], [-73.979159, 40.766732], [-73.979549, 40.766192], [-73.979934, 40.765665], [-73.979934, 40.765665], [-73.980039, 40.765522], [-73.980429, 40.764982], [-73.980529, 40.764842], [-73.980979, 40.764222], [-73.981348, 40.763696], [-73.981348, 40.763696], [-73.981429, 40.763582], [-73.981899, 40.762952], [-73.982287, 40.762416], [-73.982287, 40.762416], [-73.982349, 40.762332], [-73.982579, 40.762022], [-73.982779, 40.761702], [-73.983209, 40.761082], [-73.983419, 40.760791], [-73.983419, 40.760791], [-73.985858, 40.757446], [-73.985858, 40.757446], [-73.985959, 40.757312], [-73.986149, 40.757052], [-73.986419, 40.756682], [-73.986549, 40.756502], [-73.986909, 40.756012], [-73.987292, 40.755485], [-73.987292, 40.755485], [-73.987389, 40.755352], [-73.987599, 40.755072], [-73.987839, 40.754732], [-73.988279, 40.754122], [-73.988739, 40.753502], [-73.989199, 40.752872], [-73.989435, 40.752544], [-73.989435, 40.752544], [-73.989639, 40.752262], [-73.990109, 40.751642], [-73.990279, 40.751412], [-73.990589, 40.750972], [-73.990897, 40.750572], [-73.990897, 40.750572], [-73.991099, 40.750312], [-73.991539, 40.749682], [-73.991649, 40.749532], [-73.991989, 40.749072], [-73.992182, 40.748806], [-73.992182, 40.748806], [-73.992439, 40.748452], [-73.992899, 40.747832], [-73.993349, 40.747222], [-73.993516, 40.746985], [-73.993516, 40.746985], [-73.993789, 40.746602], [-73.994259, 40.745982], [-73.994699, 40.745372], [-73.99488, 40.745127], [-73.99488, 40.745127], [-73.995159, 40.744752], [-73.995379, 40.744452], [-73.995649, 40.744092], [-73.995883, 40.74377], [-73.995883, 40.74377], [-73.996129, 40.743432], [-73.996579, 40.742802], [-73.997009, 40.742222], [-73.997178, 40.741984], [-73.997178, 40.741984], [-73.997429, 40.741632], [-73.997859, 40.741052], [-73.998289, 40.740462], [-73.998395, 40.740312], [-73.998395, 40.740312], [-73.998709, 40.739872], [-73.999179, 40.739232], [-73.999689, 40.738542], [-73.999227, 40.738349], [-73.999227, 40.738349], [-73.997199, 40.737502], [-73.996839, 40.737352], [-73.996339, 40.738042], [-73.996021, 40.738474]]}}, {"type": "Feature", "properties": {"route_id": "M9", "tier": "secondary", "high_need_count": 1}, "geometry": {"type": "LineString", "coordinates": [[-73.97676, 40.739313], [-73.976689, 40.739412], [-73.976249, 40.740022], [-73.976159, 40.740142], [-73.975799, 40.740632], [-73.975967, 40.740703], [-73.975967, 40.740703], [-73.978179, 40.741642], [-73.97858, 40.741089], [-73.97858, 40.741089], [-73.978629, 40.741022], [-73.979069, 40.740402], [-73.979529, 40.739782], [-73.979989, 40.739172], [-73.980239, 40.738822], [-73.980439, 40.738542], [-73.980599, 40.738292], [-73.980869, 40.737882], [-73.980505, 40.737731], [-73.980505, 40.737731], [-73.979519, 40.737322], [-73.978651, 40.736933], [-73.978651, 40.736933], [-73.978559, 40.736892], [-73.978039, 40.736662], [-73.977129, 40.736282], [-73.976589, 40.736062], [-73.976309, 40.735952], [-73.975769, 40.735722], [-73.975099, 40.735442], [-73.975079, 40.735262], [-73.975066, 40.735187], [-73.975066, 40.735187], [-73.975039, 40.735032], [-73.974989, 40.734772], [-73.974969, 40.734662], [-73.974879, 40.734272], [-73.974859, 40.734202], [-73.974699, 40.733602], [-73.97448, 40.732805], [-73.97448, 40.732805], [-73.974449, 40.732692], [-73.974409, 40.732542], [-73.974047, 40.731289], [-73.974047, 40.731289], [-73.974019, 40.731192], [-73.973999, 40.731102], [-73.973979, 40.730962], [-73.974029, 40.730912], [-73.974089, 40.730842], [-73.974569, 40.730242], [-73.974756, 40.72998], [-73.974756, 40.72998], [-73.974869, 40.729822], [-73.975109, 40.729492], [-73.975419, 40.729062], [-73.975409, 40.728832], [-73.97562, 40.72853], [-73.97562, 40.72853], [-73.975689, 40.728432], [-73.976179, 40.727742], [-73.976639, 40.727082], [-73.976737, 40.726946], [-73.976737, 40.726946], [-73.977059, 40.726502], [-73.977089, 40.726462], [-73.977549, 40.725862], [-73.977752, 40.725587], [-73.977752, 40.725587], [-73.977979, 40.725282], [-73.978409, 40.724682], [-73.978613, 40.724405], [-73.978613, 40.724405], [-73.978859, 40.724072], [-73.979279, 40.723492], [-73.979329, 40.723422], [-73.979489, 40.723206], [-73.979489, 40.723206], [-73.979729, 40.722882], [-73.980119, 40.722332], [-73.980169, 40.722272], [-73.980599, 40.721672], [-73.980834, 40.721355], [-73.980834, 40.721355], [-73.981089, 40.721012], [-73.981229, 40.720822], [-73.981269, 40.720762], [-73.981775, 40.720921], [-73.981775, 40.720921], [-73.982129, 40.721032], [-73.982969, 40.721282], [-73.9835, 40.721442], [-73.9835, 40.721442], [-73.983729, 40.721512], [-73.983789, 40.721532], [-73.984649, 40.721782], [-73.985499, 40.722032], [-73.986279, 40.722262], [-73.986349, 40.722142], [-73.986512, 40.721829], [-73.986512, 40.721829], [-73.986689, 40.721492], [-73.986929, 40.721012], [-73.986949, 40.720972], [-73.987539, 40.719822], [-73.987681, 40.719549], [-73.987681, 40.719549], [-73.988169, 40.718612], [-73.988219, 40.718502], [-73.988239, 40.718462], [-73.988373, 40.718207], [-73.988373, 40.718207], [-73.988669, 40.717642], [-73.98909, 40.716842], [-73.98909, 40.716842], [-73.989159, 40.716712], [-73.989749, 40.715542], [-73.990189, 40.714692], [-73.990219, 40.714602], [-73.990229, 40.714402], [-73.990209, 40.714042], [-73.990292, 40.714035], [-73.990292, 40.714035], [-73.992373, 40.713861], [-73.992373, 40.713861], [-73.992489, 40.713852], [-73.992619, 40.713842], [-73.992749, 40.713832], [-73.992979, 40.713812], [-73.993459, 40.713772], [-73.993929, 40.713732], [-73.994019, 40.713722], [-73.994059, 40.713722], [-73.994259, 40.713702], [-73.994389, 40.713692], [-73.994439, 40.713692], [-73.994569, 40.713682], [-73.995, 40.713647], [-73.995, 40.713647], [-73.996039, 40.713562], [-73.996859, 40.713492], [-73.997099, 40.713472], [-73.997299, 40.713452], [-73.997559, 40.713442], [-73.997636, 40.713449], [-73.997636, 40.713449], [-73.997669, 40.713452], [-73.997759, 40.713492], [-73.997829, 40.713552], [-73.997949, 40.713732], [-73.998299, 40.713572], [-73.998559, 40.713462], [-73.998729, 40.713402], [-73.998919, 40.713342], [-73.998939, 40.713338], [-73.998939, 40.713338], [-73.999369, 40.713262], [-74.000329, 40.713112], [-74.000869, 40.713002], [-74.002219, 40.712722], [-74.002429, 40.712652], [-74.002969, 40.712362], [-74.003149, 40.712232], [-74.003449, 40.712032], [-74.003639, 40.711922], [-74.003879, 40.711802], [-74.003959, 40.711812], [-74.004149, 40.711812], [-74.004349, 40.711832], [-74.004499, 40.711862], [-74.004649, 40.711922], [-74.004939, 40.712072], [-74.005069, 40.712122], [-74.005209, 40.712152], [-74.005449, 40.712182], [-74.005709, 40.712082], [-74.005989, 40.711982], [-74.006059, 40.711962], [-74.006139, 40.711942], [-74.006569, 40.711832], [-74.006629, 40.711817], [-74.006629, 40.711817], [-74.006809, 40.711772], [-74.006989, 40.711732], [-74.007059, 40.711712], [-74.007179, 40.711722], [-74.007279, 40.711712], [-74.007519, 40.711662], [-74.007569, 40.711652], [-74.007679, 40.711652], [-74.007779, 40.711682], [-74.007839, 40.711712], [-74.007919, 40.711772], [-74.008009, 40.711852], [-74.008109, 40.711952], [-74.008409, 40.712092], [-74.009699, 40.712732], [-74.009429, 40.713062], [-74.009259, 40.713252], [-74.009019, 40.713552], [-74.008829, 40.713792], [-74.008973, 40.713856], [-74.008973, 40.713856], [-74.010149, 40.714382], [-74.010236, 40.714422], [-74.010236, 40.714422], [-74.011139, 40.714842], [-74.011339, 40.714912], [-74.012059, 40.715032], [-74.012089, 40.715042], [-74.013229, 40.715202], [-74.013519, 40.715252], [-74.013679, 40.714662], [-74.013749, 40.714412], [-74.013849, 40.713992], [-74.013919, 40.713742], [-74.014089, 40.713052], [-74.014169, 40.712702], [-74.014649, 40.711072], [-74.014719, 40.710822], [-74.014829, 40.710462], [-74.014939, 40.710082], [-74.015019, 40.709842], [-74.015329, 40.709022], [-74.015769, 40.707762], [-74.015869, 40.707802], [-74.016009, 40.707862], [-74.016139, 40.707912], [-74.016619, 40.708122], [-74.017139, 40.708345], [-74.017139, 40.708345], [-74.017389, 40.708452], [-74.016969, 40.709052], [-74.016749, 40.709322], [-74.016519, 40.709752], [-74.016379, 40.710072], [-74.016297, 40.710297]]}}, {"type": "Feature", "properties": {"route_id": "M10", "tier": "secondary", "high_need_count": 2}, "geometry": {"type": "LineString", "coordinates": [[-73.955102, 40.804775], [-73.954869, 40.805092], [-73.954759, 40.805252], [-73.954529, 40.805572], [-73.954419, 40.805722], [-73.953959, 40.806342], [-73.953922, 40.806393], [-73.953922, 40.806393], [-73.953499, 40.806972], [-73.953129, 40.807478], [-73.953129, 40.807478], [-73.953039, 40.807602], [-73.952909, 40.807792], [-73.952589, 40.808232], [-73.952569, 40.808262], [-73.952129, 40.808852], [-73.95194, 40.809109], [-73.95194, 40.809109], [-73.951659, 40.809492], [-73.951499, 40.809712], [-73.951159, 40.810162], [-73.951023, 40.810353], [-73.951023, 40.810353], [-73.950889, 40.810542], [-73.950679, 40.810832], [-73.950599, 40.810932], [-73.950279, 40.811362], [-73.950219, 40.811462], [-73.949982, 40.811787], [-73.949982, 40.811787], [-73.949769, 40.812082], [-73.949379, 40.812612], [-73.949309, 40.812712], [-73.949249, 40.812812], [-73.949148, 40.81294], [-73.949148, 40.81294], [-73.948959, 40.813182], [-73.948879, 40.813292], [-73.948809, 40.813392], [-73.948419, 40.813932], [-73.948235, 40.814182], [-73.948235, 40.814182], [-73.947949, 40.814572], [-73.947889, 40.814652], [-73.947489, 40.815202], [-73.947439, 40.815272], [-73.947291, 40.815475], [-73.947291, 40.815475], [-73.947099, 40.815742], [-73.947039, 40.815822], [-73.946539, 40.816502], [-73.946308, 40.816812], [-73.946308, 40.816812], [-73.946079, 40.817122], [-73.946049, 40.817162], [-73.945599, 40.817792], [-73.945139, 40.818412], [-73.944944, 40.818684], [-73.944944, 40.818684], [-73.944689, 40.819042], [-73.944229, 40.819662], [-73.944189, 40.819732], [-73.943779, 40.820282], [-73.943559, 40.820581], [-73.943559, 40.820581], [-73.943339, 40.820882], [-73.943319, 40.820912], [-73.942859, 40.821532], [-73.942829, 40.821572], [-73.942664, 40.821797], [-73.942664, 40.821797], [-73.942449, 40.822092], [-73.942409, 40.822152], [-73.941919, 40.822832], [-73.941739, 40.823072], [-73.941673, 40.82316], [-73.941673, 40.82316], [-73.941419, 40.823502], [-73.940969, 40.824122], [-73.940889, 40.824232], [-73.940519, 40.824752], [-73.940351, 40.82497], [-73.940351, 40.82497], [-73.940259, 40.825092], [-73.940059, 40.825372], [-73.939819, 40.825692], [-73.939709, 40.825839], [-73.939709, 40.825839], [-73.939619, 40.825962], [-73.939599, 40.825992], [-73.939189, 40.826572], [-73.939149, 40.826622], [-73.938689, 40.827242], [-73.938239, 40.827862], [-73.938018, 40.828171], [-73.938018, 40.828171], [-73.937789, 40.828492], [-73.937259, 40.829152], [-73.937136, 40.829313], [-73.937136, 40.829313], [-73.936789, 40.829772], [-73.936389, 40.830322], [-73.936289, 40.830452], [-73.936079, 40.830732], [-73.935879, 40.831012], [-73.935732, 40.831224]]}}, {"type": "Feature", "properties": {"route_id": "M100", "tier": "priority", "high_need_count": 3}, "geometry": {"type": "LineString", "coordinates": [[-73.953041, 40.810959], [-73.954009, 40.811372], [-73.954549, 40.811602], [-73.954769, 40.811722], [-73.954929, 40.811842], [-73.955079, 40.811972], [-73.955299, 40.812222], [-73.955529, 40.812492], [-73.956249, 40.813342], [-73.955941, 40.813775], [-73.955941, 40.813775], [-73.955689, 40.814132], [-73.955459, 40.814472], [-73.955419, 40.814532], [-73.954999, 40.815102], [-73.954569, 40.815702], [-73.954549, 40.815732], [-73.954239, 40.816152], [-73.954089, 40.816352], [-73.954059, 40.816402], [-73.953828, 40.816714], [-73.953828, 40.816714], [-73.953719, 40.816862], [-73.953189, 40.817582], [-73.953139, 40.817652], [-73.952749, 40.818192], [-73.952729, 40.818222], [-73.952209, 40.818912], [-73.951899, 40.81934], [-73.951899, 40.81934], [-73.951739, 40.819562], [-73.950869, 40.820742], [-73.950819, 40.820812], [-73.950634, 40.821065], [-73.950634, 40.821065], [-73.950359, 40.821442], [-73.949909, 40.822062], [-73.949459, 40.822692], [-73.949029, 40.823312], [-73.948569, 40.823942], [-73.948319, 40.824267], [-73.948319, 40.824267], [-73.948209, 40.824412], [-73.948099, 40.824552], [-73.947599, 40.825232], [-73.947294, 40.825657], [-73.947294, 40.825657], [-73.947119, 40.825902], [-73.947079, 40.825962], [-73.946819, 40.826302], [-73.946709, 40.826452], [-73.946659, 40.826522], [-73.946199, 40.827142], [-73.945749, 40.827772], [-73.945482, 40.828132], [-73.945482, 40.828132], [-73.945289, 40.828392], [-73.944839, 40.829022], [-73.944379, 40.829642], [-73.944168, 40.82993], [-73.944168, 40.82993], [-73.943949, 40.830232], [-73.943929, 40.830262], [-73.943469, 40.830892], [-73.942999, 40.831572], [-73.942897, 40.831712], [-73.942897, 40.831712], [-73.942609, 40.832112], [-73.942509, 40.832242], [-73.942029, 40.832862], [-73.941579, 40.833482], [-73.941439, 40.833666], [-73.941439, 40.833666], [-73.941119, 40.834092], [-73.940659, 40.834722], [-73.940262, 40.835266], [-73.940262, 40.835266], [-73.940199, 40.835352], [-73.939899, 40.835782], [-73.939359, 40.836512], [-73.939299, 40.836602], [-73.940139, 40.836952], [-73.940123, 40.837032], [-73.940123, 40.837032], [-73.939989, 40.837712], [-73.939869, 40.838502], [-73.939889, 40.838852], [-73.939909, 40.839262], [-73.939899, 40.839442], [-73.939879, 40.839562], [-73.939829, 40.839772], [-73.939689, 40.840262], [-73.939509, 40.84089], [-73.939509, 40.84089], [-73.939489, 40.840962], [-73.939389, 40.841292], [-73.939359, 40.841432], [-73.939349, 40.841562], [-73.939299, 40.841652], [-73.939279, 40.841762], [-73.939279, 40.841882], [-73.939239, 40.842402], [-73.939179, 40.843212], [-73.939149, 40.843392], [-73.939117, 40.843525], [-73.939117, 40.843525], [-73.939019, 40.843932], [-73.938839, 40.844672], [-73.938829, 40.844732], [-73.938669, 40.845422], [-73.938439, 40.846192], [-73.938359, 40.846498], [-73.938359, 40.846498], [-73.938249, 40.846922], [-73.938039, 40.847542], [-73.937979, 40.847712], [-73.937749, 40.848252], [-73.937689, 40.848362], [-73.937569, 40.848502], [-73.937459, 40.848602], [-73.937387, 40.848667], [-73.937387, 40.848667], [-73.937339, 40.848712], [-73.937229, 40.848802], [-73.937089, 40.848922], [-73.936399, 40.849522], [-73.936029, 40.849832], [-73.935869, 40.849992], [-73.935797, 40.850084], [-73.935797, 40.850084], [-73.935729, 40.850172], [-73.935429, 40.850772], [-73.935089, 40.851442], [-73.934779, 40.852062], [-73.934759, 40.852102], [-73.934703, 40.852207], [-73.934703, 40.852207], [-73.934439, 40.852702], [-73.934309, 40.852952], [-73.934199, 40.853192], [-73.933959, 40.853652], [-73.933729, 40.854092], [-73.933699, 40.854152], [-73.933598, 40.854472], [-73.933598, 40.854472], [-73.933329, 40.855322], [-73.933269, 40.855472], [-73.933209, 40.855602], [-73.933139, 40.855742], [-73.932849, 40.856292], [-73.932739, 40.856482], [-73.932629, 40.856692], [-73.932479, 40.856991], [-73.932479, 40.856991], [-73.932059, 40.857832], [-73.931829, 40.858252], [-73.931679, 40.858522], [-73.931666, 40.85855], [-73.931666, 40.85855], [-73.931529, 40.858842], [-73.931339, 40.859292], [-73.931189, 40.859672], [-73.930979, 40.860222], [-73.930869, 40.860452], [-73.930759, 40.860642], [-73.930649, 40.860832], [-73.930603, 40.860907], [-73.930603, 40.860907], [-73.930539, 40.861012], [-73.930199, 40.861602], [-73.930079, 40.861852], [-73.930029, 40.862002], [-73.929979, 40.862222], [-73.929949, 40.862462], [-73.929949, 40.862592], [-73.929969, 40.862722], [-73.929997, 40.862898], [-73.929997, 40.862898], [-73.930029, 40.863092], [-73.930029, 40.863242], [-73.930019, 40.863342], [-73.930009, 40.863412], [-73.929989, 40.863482], [-73.929969, 40.863562], [-73.929869, 40.863772], [-73.929779, 40.863882], [-73.929419, 40.864242], [-73.929259, 40.864382], [-73.929119, 40.864502], [-73.928879, 40.864662], [-73.928749, 40.864732], [-73.928349, 40.864952], [-73.928119, 40.865072], [-73.927759, 40.865262], [-73.927239, 40.865522], [-73.927128, 40.865343], [-73.927128, 40.865343], [-73.926629, 40.864532], [-73.926009, 40.863562], [-73.92591, 40.863408], [-73.92591, 40.863408], [-73.925379, 40.862582], [-73.924729, 40.861582], [-73.924689, 40.861522], [-73.924619, 40.861402], [-73.924567, 40.861321], [-73.924567, 40.861321], [-73.924299, 40.860902], [-73.924089, 40.860572], [-73.923679, 40.859922], [-73.923289, 40.859312], [-73.923099, 40.859012], [-73.922969, 40.858802], [-73.922449, 40.859572], [-73.922449, 40.859572], [-73.922369, 40.859692], [-73.922079, 40.860102], [-73.921999, 40.860222], [-73.921669, 40.860682], [-73.921489, 40.860942], [-73.921239, 40.861302], [-73.921189, 40.861372], [-73.921096, 40.861495], [-73.921096, 40.861495], [-73.920979, 40.861652], [-73.920779, 40.861922], [-73.920289, 40.862592], [-73.919869, 40.863162], [-73.919779, 40.863282], [-73.919629, 40.863482], [-73.919399, 40.863792], [-73.919299, 40.863932], [-73.919062, 40.864262], [-73.919062, 40.864262], [-73.918919, 40.864462], [-73.918429, 40.865132], [-73.918119, 40.865562], [-73.917979, 40.865742], [-73.917315, 40.866637], [-73.917315, 40.866637], [-73.917179, 40.866822], [-73.917059, 40.867012], [-73.916589, 40.867622], [-73.916139, 40.868242], [-73.915679, 40.868872], [-73.915334, 40.869318], [-73.915334, 40.869318], [-73.915169, 40.869532], [-73.914699, 40.870232], [-73.914359, 40.870722], [-73.914139, 40.871042], [-73.914069, 40.871172], [-73.913459, 40.871772], [-73.912749, 40.872322], [-73.912582, 40.872464]]}}, {"type": "Feature", "properties": {"route_id": "M101", "tier": "priority", "high_need_count": 5}, "geometry": {"type": "LineString", "coordinates": [[-73.949178, 40.788258], [-73.949519, 40.787792], [-73.949979, 40.787162], [-73.950429, 40.786532], [-73.950929, 40.785862], [-73.950979, 40.785792], [-73.951192, 40.785496], [-73.951192, 40.785496], [-73.951419, 40.785182], [-73.951889, 40.784552], [-73.952339, 40.783932], [-73.952799, 40.783302], [-73.953259, 40.782672], [-73.953719, 40.782052], [-73.954179, 40.781422], [-73.954259, 40.781322], [-73.954629, 40.780792], [-73.955089, 40.780162], [-73.955579, 40.779492], [-73.955737, 40.779269], [-73.955737, 40.779269], [-73.955799, 40.779182], [-73.956079, 40.778802], [-73.956549, 40.778172], [-73.957009, 40.777542], [-73.957469, 40.776902], [-73.957939, 40.776272], [-73.958399, 40.775632], [-73.958899, 40.774952], [-73.958978, 40.774844], [-73.958978, 40.774844], [-73.959119, 40.774652], [-73.959389, 40.774272], [-73.959859, 40.773632], [-73.960319, 40.773002], [-73.960779, 40.772362], [-73.961249, 40.771732], [-73.961709, 40.771102], [-73.962209, 40.770412], [-73.962295, 40.770292], [-73.962295, 40.770292], [-73.962699, 40.769732], [-73.963159, 40.769102], [-73.963619, 40.768482], [-73.964079, 40.767852], [-73.964109, 40.767802], [-73.964193, 40.767689], [-73.964193, 40.767689], [-73.964319, 40.767522], [-73.964529, 40.767222], [-73.964979, 40.766602], [-73.965429, 40.765992], [-73.965899, 40.765352], [-73.966359, 40.764722], [-73.966809, 40.764102], [-73.967269, 40.763472], [-73.967729, 40.762842], [-73.968199, 40.762222], [-73.968292, 40.762088], [-73.968292, 40.762088], [-73.968639, 40.761592], [-73.969109, 40.760952], [-73.969629, 40.760242], [-73.970079, 40.759622], [-73.970539, 40.758992], [-73.970989, 40.758372], [-73.971449, 40.757742], [-73.971909, 40.757112], [-73.972304, 40.756567], [-73.972304, 40.756567], [-73.972359, 40.756492], [-73.972639, 40.756112], [-73.972819, 40.755862], [-73.973039, 40.755562], [-73.973269, 40.755232], [-73.973729, 40.754612], [-73.974079, 40.754132], [-73.974189, 40.753982], [-73.974419, 40.753662], [-73.974649, 40.753362], [-73.975099, 40.752732], [-73.975349, 40.752392], [-73.975419, 40.752302], [-73.975559, 40.752112], [-73.975809, 40.751762], [-73.975889, 40.751652], [-73.976019, 40.751462], [-73.976497, 40.750827], [-73.976497, 40.750827], [-73.976539, 40.750772], [-73.976989, 40.750142], [-73.977429, 40.749532], [-73.977889, 40.748912], [-73.978339, 40.748292], [-73.978789, 40.747672], [-73.979239, 40.747062], [-73.979719, 40.746392], [-73.979855, 40.746209], [-73.979855, 40.746209], [-73.980209, 40.745732], [-73.980659, 40.745112], [-73.981109, 40.744492], [-73.981559, 40.743872], [-73.982009, 40.743252], [-73.982459, 40.742642], [-73.982909, 40.742022], [-73.983359, 40.741402], [-73.983809, 40.740782], [-73.984269, 40.740162], [-73.982659, 40.739492], [-73.983055, 40.73895], [-73.983055, 40.73895], [-73.983149, 40.738822], [-73.983249, 40.738662], [-73.983629, 40.738162], [-73.984079, 40.737542], [-73.984509, 40.736952], [-73.984589, 40.736832], [-73.984699, 40.736692], [-73.984879, 40.736452], [-73.984939, 40.736372], [-73.985129, 40.736102], [-73.985359, 40.735782], [-73.985569, 40.735492], [-73.985789, 40.735202], [-73.985999, 40.734902], [-73.986209, 40.734612], [-73.986679, 40.733972], [-73.987179, 40.733282], [-73.98744, 40.732929], [-73.98744, 40.732929], [-73.987689, 40.732592], [-73.988149, 40.731952], [-73.988349, 40.731672], [-73.988609, 40.731312], [-73.989049, 40.730712], [-73.989479, 40.730122], [-73.989659, 40.729892], [-73.989909, 40.729562], [-73.990108, 40.729279]]}}, {"type": "Feature", "properties": {"route_id": "M102", "tier": "priority", "high_need_count": 3}, "geometry": {"type": "LineString", "coordinates": [[-73.935945, 40.821193], [-73.935799, 40.821132], [-73.936309, 40.820462], [-73.936402, 40.820335], [-73.936402, 40.820335], [-73.936419, 40.820312], [-73.936799, 40.819792], [-73.936919, 40.819622], [-73.937049, 40.819442], [-73.937249, 40.819162], [-73.937709, 40.818522], [-73.937934, 40.818217], [-73.937934, 40.818217], [-73.938159, 40.817912], [-73.938399, 40.817572], [-73.938609, 40.817292], [-73.939039, 40.816692], [-73.939324, 40.816314], [-73.939324, 40.816314], [-73.939529, 40.816042], [-73.939579, 40.815962], [-73.939969, 40.815412], [-73.940242, 40.815043], [-73.940242, 40.815043], [-73.940429, 40.814792], [-73.940479, 40.814722], [-73.940639, 40.814512], [-73.940919, 40.814132], [-73.941243, 40.813679], [-73.941243, 40.813679], [-73.941399, 40.813462], [-73.941459, 40.813382], [-73.941869, 40.812812], [-73.942319, 40.812212], [-73.942537, 40.811925], [-73.942537, 40.811925], [-73.942789, 40.811592], [-73.943239, 40.810962], [-73.943699, 40.810332], [-73.943954, 40.809974], [-73.943954, 40.809974], [-73.944149, 40.809702], [-73.944599, 40.809092], [-73.944862, 40.808722], [-73.944862, 40.808722], [-73.945049, 40.808462], [-73.945219, 40.808242], [-73.945279, 40.808162], [-73.945549, 40.807792], [-73.945844, 40.807388], [-73.945844, 40.807388], [-73.946039, 40.807122], [-73.946499, 40.806492], [-73.946959, 40.805862], [-73.947009, 40.805792], [-73.947176, 40.805563], [-73.947176, 40.805563], [-73.947419, 40.805232], [-73.947869, 40.804602], [-73.948329, 40.803972], [-73.948606, 40.803606], [-73.948606, 40.803606], [-73.948799, 40.803352], [-73.948849, 40.803282], [-73.949259, 40.802722], [-73.949509, 40.802392], [-73.949759, 40.802042], [-73.949629, 40.801992], [-73.94918, 40.801801], [-73.94918, 40.801801], [-73.946989, 40.800872], [-73.94666, 40.800735], [-73.94666, 40.800735], [-73.946459, 40.800652], [-73.944849, 40.799982], [-73.944358, 40.799774], [-73.944358, 40.799774], [-73.943359, 40.799352], [-73.943209, 40.799282], [-73.943109, 40.799242], [-73.941619, 40.798612], [-73.941974, 40.798129], [-73.941974, 40.798129], [-73.942119, 40.797932], [-73.942199, 40.797822], [-73.942459, 40.797472], [-73.942659, 40.797222], [-73.942701, 40.79716], [-73.942701, 40.79716], [-73.942839, 40.796962], [-73.943159, 40.796532], [-73.943479, 40.796062], [-73.943949, 40.795422], [-73.944409, 40.794802], [-73.944609, 40.794521], [-73.944609, 40.794521], [-73.944859, 40.794172], [-73.945319, 40.793542], [-73.945789, 40.792912], [-73.946279, 40.792242], [-73.946543, 40.791874], [-73.946543, 40.791874], [-73.946769, 40.791562], [-73.947159, 40.791032], [-73.947229, 40.790932], [-73.947508, 40.79055], [-73.947508, 40.79055], [-73.947689, 40.790302], [-73.948149, 40.789672], [-73.948386, 40.789345], [-73.948386, 40.789345], [-73.948599, 40.789052], [-73.949059, 40.788422], [-73.949178, 40.788258], [-73.949178, 40.788258], [-73.949519, 40.787792], [-73.949917, 40.787246], [-73.949917, 40.787246], [-73.949979, 40.787162], [-73.950429, 40.786532], [-73.950929, 40.785862], [-73.950979, 40.785792], [-73.951192, 40.785496], [-73.951192, 40.785496], [-73.951419, 40.785182], [-73.951889, 40.784552], [-73.952002, 40.784396], [-73.952002, 40.784396], [-73.952339, 40.783932], [-73.952799, 40.783302], [-73.953081, 40.782915], [-73.953081, 40.782915], [-73.953259, 40.782672], [-73.953719, 40.782052], [-73.954179, 40.781422], [-73.954259, 40.781322], [-73.954405, 40.781112], [-73.954405, 40.781112], [-73.954629, 40.780792], [-73.955089, 40.780162], [-73.955579, 40.779492], [-73.95572, 40.779293], [-73.95572, 40.779293], [-73.955799, 40.779182], [-73.956079, 40.778802], [-73.956549, 40.778172], [-73.957009, 40.777542], [-73.957253, 40.777202], [-73.957253, 40.777202], [-73.957469, 40.776902], [-73.957939, 40.776272], [-73.958399, 40.775632], [-73.958899, 40.774952], [-73.958978, 40.774844], [-73.958978, 40.774844], [-73.959119, 40.774652], [-73.959389, 40.774272], [-73.959859, 40.773632], [-73.960118, 40.773277], [-73.960118, 40.773277], [-73.960319, 40.773002], [-73.960779, 40.772362], [-73.961249, 40.771732], [-73.961509, 40.771376], [-73.961509, 40.771376], [-73.961709, 40.771102], [-73.962209, 40.770412], [-73.962295, 40.770292], [-73.962295, 40.770292], [-73.962699, 40.769732], [-73.963159, 40.769102], [-73.963429, 40.768737], [-73.963429, 40.768737], [-73.963619, 40.768482], [-73.964079, 40.767852], [-73.964109, 40.767802], [-73.964193, 40.767689], [-73.964193, 40.767689], [-73.964319, 40.767522], [-73.964529, 40.767222], [-73.964979, 40.766602], [-73.965429, 40.765992], [-73.965899, 40.765352], [-73.965992, 40.765224], [-73.965992, 40.765224], [-73.966359, 40.764722], [-73.966809, 40.764102], [-73.967034, 40.763793], [-73.967034, 40.763793], [-73.967269, 40.763472], [-73.967729, 40.762842], [-73.968199, 40.762222], [-73.968292, 40.762088], [-73.968292, 40.762088], [-73.968639, 40.761592], [-73.969109, 40.760952], [-73.969629, 40.760242], [-73.969731, 40.760101], [-73.969731, 40.760101], [-73.970079, 40.759622], [-73.970539, 40.758992], [-73.970989, 40.758372], [-73.971244, 40.758023], [-73.971244, 40.758023], [-73.971449, 40.757742], [-73.971909, 40.757112], [-73.972304, 40.756567], [-73.972304, 40.756567], [-73.972359, 40.756492], [-73.972639, 40.756112], [-73.972819, 40.755862], [-73.973039, 40.755562], [-73.973269, 40.755232], [-73.973729, 40.754612], [-73.974079, 40.754132], [-73.974189, 40.753982], [-73.974419, 40.753662], [-73.974649, 40.753362], [-73.974855, 40.753074], [-73.974855, 40.753074], [-73.975099, 40.752732], [-73.975349, 40.752392], [-73.975419, 40.752302], [-73.975559, 40.752112], [-73.975809, 40.751762], [-73.975889, 40.751652], [-73.976019, 40.751462], [-73.976497, 40.750827], [-73.976497, 40.750827], [-73.976539, 40.750772], [-73.976989, 40.750142], [-73.977273, 40.749748], [-73.977273, 40.749748], [-73.977429, 40.749532], [-73.977889, 40.748912], [-73.978339, 40.748292], [-73.978477, 40.748102], [-73.978477, 40.748102], [-73.978789, 40.747672], [-73.979239, 40.747062], [-73.979719, 40.746392], [-73.979855, 40.746209], [-73.979855, 40.746209], [-73.980209, 40.745732], [-73.980659, 40.745112], [-73.981109, 40.744492], [-73.981408, 40.744079], [-73.981408, 40.744079], [-73.981559, 40.743872], [-73.982009, 40.743252], [-73.982459, 40.742642], [-73.982668, 40.742353], [-73.982668, 40.742353], [-73.982909, 40.742022], [-73.983359, 40.741402], [-73.983809, 40.740782], [-73.984269, 40.740162], [-73.983832, 40.73998], [-73.983832, 40.73998], [-73.982659, 40.739492], [-73.983055, 40.73895], [-73.983055, 40.73895], [-73.983149, 40.738822], [-73.983249, 40.738662], [-73.983629, 40.738162], [-73.984079, 40.737542], [-73.984509, 40.736952], [-73.984589, 40.736832], [-73.984699, 40.736692], [-73.984705, 40.736683], [-73.984705, 40.736683], [-73.984879, 40.736452], [-73.984939, 40.736372], [-73.985129, 40.736102], [-73.985359, 40.735782], [-73.985569, 40.735492], [-73.985789, 40.735202], [-73.985999, 40.734902], [-73.98604, 40.734844], [-73.98604, 40.734844], [-73.986209, 40.734612], [-73.986679, 40.733972], [-73.987179, 40.733282], [-73.98744, 40.732929], [-73.98744, 40.732929], [-73.987689, 40.732592], [-73.988149, 40.731952], [-73.988349, 40.731672], [-73.988609, 40.731312], [-73.988878, 40.730944], [-73.988878, 40.730944], [-73.989049, 40.730712], [-73.989479, 40.730122], [-73.989659, 40.729892], [-73.989909, 40.729562], [-73.990108, 40.729279]]}}, {"type": "Feature", "properties": {"route_id": "M103", "tier": "secondary", "high_need_count": 2}, "geometry": {"type": "LineString", "coordinates": [[-74.007164, 40.711625], [-74.007099, 40.711662], [-74.007059, 40.711712], [-74.006989, 40.711732], [-74.006809, 40.711772], [-74.006569, 40.711832], [-74.006139, 40.711942], [-74.006059, 40.711962], [-74.005989, 40.711982], [-74.005849, 40.711952], [-74.005739, 40.711942], [-74.005449, 40.711972], [-74.005319, 40.711982], [-74.005279, 40.711972], [-74.005169, 40.711942], [-74.005049, 40.711892], [-74.004939, 40.711822], [-74.004809, 40.711732], [-74.004589, 40.711682], [-74.004379, 40.711662], [-74.004199, 40.711682], [-74.004119, 40.711692], [-74.004039, 40.711722], [-74.003989, 40.711752], [-74.003909, 40.711782], [-74.003879, 40.711802], [-74.003639, 40.711922], [-74.003449, 40.712032], [-74.003149, 40.712232], [-74.002969, 40.712362], [-74.002429, 40.712652], [-74.002219, 40.712722], [-74.000869, 40.713002], [-74.000329, 40.713112], [-73.999369, 40.713262], [-73.998919, 40.713342], [-73.998729, 40.713402], [-73.998703, 40.713411], [-73.998703, 40.713411], [-73.998559, 40.713462], [-73.998299, 40.713572], [-73.997949, 40.713732], [-73.997759, 40.713842], [-73.997729, 40.713862], [-73.997619, 40.713942], [-73.997539, 40.714022], [-73.997269, 40.714362], [-73.997089, 40.714612], [-73.997049, 40.714672], [-73.996799, 40.715022], [-73.996589, 40.715342], [-73.996536, 40.715419], [-73.996536, 40.715419], [-73.996479, 40.715502], [-73.996419, 40.715602], [-73.996059, 40.716252], [-73.995819, 40.716642], [-73.995429, 40.717272], [-73.995375, 40.717362], [-73.995375, 40.717362], [-73.995149, 40.717742], [-73.994819, 40.718452], [-73.994666, 40.718812], [-73.994666, 40.718812], [-73.994429, 40.719372], [-73.994379, 40.719502], [-73.994079, 40.720212], [-73.994039, 40.720312], [-73.993989, 40.720412], [-73.993808, 40.720873], [-73.993808, 40.720873], [-73.993789, 40.720922], [-73.993509, 40.721632], [-73.993259, 40.722322], [-73.993069, 40.722802], [-73.992599, 40.724102], [-73.99248, 40.724435], [-73.99248, 40.724435], [-73.992409, 40.724632], [-73.992309, 40.724872], [-73.992199, 40.725212], [-73.992049, 40.725622], [-73.991789, 40.726382], [-73.991655, 40.726751], [-73.991655, 40.726751], [-73.991539, 40.727072], [-73.991529, 40.727112], [-73.991459, 40.727312], [-73.991409, 40.727492], [-73.991229, 40.727752], [-73.991019, 40.728032], [-73.990769, 40.728352], [-73.990729, 40.728402], [-73.990706, 40.728434], [-73.990706, 40.728434], [-73.990359, 40.728922], [-73.989909, 40.729562], [-73.989659, 40.729892], [-73.989479, 40.730122], [-73.989273, 40.730404], [-73.989273, 40.730404], [-73.989049, 40.730712], [-73.988609, 40.731312], [-73.988349, 40.731672], [-73.988328, 40.731701], [-73.988328, 40.731701], [-73.988149, 40.731952], [-73.987689, 40.732592], [-73.987179, 40.733282], [-73.986861, 40.73372], [-73.986861, 40.73372], [-73.986679, 40.733972], [-73.986209, 40.734612], [-73.985999, 40.734902], [-73.985789, 40.735202], [-73.985569, 40.735492], [-73.985534, 40.73554], [-73.985534, 40.73554], [-73.985359, 40.735782], [-73.985129, 40.736102], [-73.984939, 40.736372], [-73.984879, 40.736452], [-73.984699, 40.736692], [-73.984589, 40.736832], [-73.984509, 40.736952], [-73.984148, 40.737446], [-73.984148, 40.737446], [-73.984079, 40.737542], [-73.983629, 40.738162], [-73.983249, 40.738662], [-73.983149, 40.738822], [-73.982659, 40.739492], [-73.982562, 40.739623], [-73.982562, 40.739623], [-73.982209, 40.740102], [-73.981759, 40.740722], [-73.981488, 40.741095], [-73.981488, 40.741095], [-73.981309, 40.741342], [-73.980849, 40.741952], [-73.980399, 40.742582], [-73.980158, 40.742916], [-73.980158, 40.742916], [-73.979959, 40.743192], [-73.979575, 40.74372], [-73.979575, 40.74372], [-73.979509, 40.743812], [-73.979059, 40.744442], [-73.978599, 40.745052], [-73.978461, 40.745239], [-73.978461, 40.745239], [-73.978109, 40.745722], [-73.977629, 40.746372], [-73.977169, 40.747002], [-73.976729, 40.747612], [-73.976434, 40.748015], [-73.976434, 40.748015], [-73.976269, 40.748242], [-73.975829, 40.748852], [-73.975619, 40.749132], [-73.975571, 40.749198], [-73.975571, 40.749198], [-73.975489, 40.749312], [-73.975399, 40.749432], [-73.975369, 40.749472], [-73.975209, 40.749692], [-73.974919, 40.750082], [-73.974419, 40.750782], [-73.974182, 40.75111], [-73.974182, 40.75111], [-73.973949, 40.751432], [-73.973499, 40.752062], [-73.973228, 40.752435], [-73.973228, 40.752435], [-73.973049, 40.752682], [-73.972589, 40.753322], [-73.972139, 40.753932], [-73.971902, 40.754256], [-73.971902, 40.754256], [-73.971679, 40.754562], [-73.971229, 40.755192], [-73.971009, 40.755492], [-73.97098, 40.75553], [-73.97098, 40.75553], [-73.970759, 40.755822], [-73.970309, 40.756442], [-73.969849, 40.757082], [-73.969399, 40.757692], [-73.969327, 40.75779], [-73.969327, 40.75779], [-73.968939, 40.758322], [-73.968479, 40.758942], [-73.968009, 40.759582], [-73.967586, 40.760166], [-73.967586, 40.760166], [-73.967509, 40.760272], [-73.967189, 40.760702], [-73.967149, 40.760752], [-73.967099, 40.760822], [-73.967029, 40.760922], [-73.966579, 40.761552], [-73.966129, 40.762162], [-73.965801, 40.762586], [-73.965801, 40.762586], [-73.965649, 40.762782], [-73.965169, 40.763412], [-73.964729, 40.764042], [-73.964709, 40.764072], [-73.964599, 40.764222], [-73.964599, 40.764222], [-73.964279, 40.764662], [-73.963809, 40.765292], [-73.963575, 40.765626], [-73.963575, 40.765626], [-73.963439, 40.765822], [-73.963399, 40.765872], [-73.963359, 40.765922], [-73.963319, 40.765972], [-73.962929, 40.766542], [-73.962524, 40.767117], [-73.962524, 40.767117], [-73.962479, 40.767182], [-73.962029, 40.767802], [-73.961782, 40.768139], [-73.961782, 40.768139], [-73.961569, 40.768432], [-73.961109, 40.769062], [-73.960599, 40.769742], [-73.960336, 40.770099], [-73.960336, 40.770099], [-73.960099, 40.770422], [-73.959619, 40.771052], [-73.959169, 40.771692], [-73.959037, 40.771873], [-73.959037, 40.771873], [-73.958719, 40.772312], [-73.958249, 40.772952], [-73.958047, 40.773232], [-73.958047, 40.773232], [-73.957789, 40.773592], [-73.957279, 40.774282], [-73.957028, 40.774629], [-73.957028, 40.774629], [-73.956789, 40.774962], [-73.956339, 40.775592], [-73.955869, 40.776232], [-73.955601, 40.776599], [-73.955601, 40.776599], [-73.955409, 40.776862], [-73.954949, 40.777492], [-73.954479, 40.778132], [-73.95422, 40.778483], [-73.95422, 40.778483], [-73.953979, 40.778812], [-73.953489, 40.779492], [-73.953029, 40.780122], [-73.952754, 40.7805], [-73.952754, 40.7805], [-73.952579, 40.780742], [-73.952129, 40.781382], [-73.951949, 40.781602], [-73.951669, 40.782002], [-73.951519, 40.782212], [-73.951469, 40.782277], [-73.951469, 40.782277], [-73.951209, 40.782622], [-73.950739, 40.783252], [-73.950539, 40.783525], [-73.950539, 40.783525], [-73.950279, 40.783882], [-73.949819, 40.784512], [-73.949769, 40.784582], [-73.949329, 40.785192], [-73.948902, 40.785763], [-73.948902, 40.785763], [-73.948829, 40.785862], [-73.948379, 40.786492], [-73.947919, 40.787122], [-73.947839, 40.787222], [-73.947459, 40.787742], [-73.947322, 40.787927], [-73.947322, 40.787927], [-73.947039, 40.788312], [-73.946999, 40.788372], [-73.946559, 40.788982], [-73.946509, 40.789052], [-73.946334, 40.789293], [-73.946334, 40.789293], [-73.946089, 40.789632], [-73.945799, 40.790022], [-73.945629, 40.790252], [-73.945419, 40.790542], [-73.945406, 40.79056], [-73.945406, 40.79056], [-73.945169, 40.790882], [-73.944669, 40.791562], [-73.944417, 40.791911], [-73.944417, 40.791911], [-73.944179, 40.792242], [-73.943719, 40.792862], [-73.943269, 40.793492], [-73.94305, 40.793785], [-73.94305, 40.793785], [-73.942799, 40.794122], [-73.942349, 40.794752], [-73.941879, 40.795392], [-73.941799, 40.795492], [-73.941579, 40.7958], [-73.941579, 40.7958], [-73.941399, 40.796052], [-73.940849, 40.796832], [-73.940509, 40.797262], [-73.940097, 40.797822], [-73.940097, 40.797822], [-73.940009, 40.797942], [-73.939519, 40.798622], [-73.939059, 40.799242], [-73.938791, 40.799609], [-73.938791, 40.799609], [-73.938599, 40.799872], [-73.938149, 40.800502], [-73.937741, 40.801049], [-73.937741, 40.801049], [-73.937679, 40.801132], [-73.937229, 40.801762], [-73.936769, 40.802392], [-73.936309, 40.803012], [-73.935809, 40.803692], [-73.935424, 40.804228], [-73.935424, 40.804228], [-73.935329, 40.804362], [-73.934869, 40.804982], [-73.933139, 40.804242], [-73.932639, 40.804032], [-73.933089, 40.803422], [-73.933946, 40.803782]]}}, {"type": "Feature", "properties": {"route_id": "M104", "tier": "secondary", "high_need_count": 2}, "geometry": {"type": "LineString", "coordinates": [[-73.953091, 40.814222], [-73.953109, 40.813482], [-73.953119, 40.812662], [-73.953159, 40.812592], [-73.953499, 40.812122], [-73.953549, 40.812052], [-73.953609, 40.811962], [-73.953956, 40.81145], [-73.953956, 40.81145], [-73.954009, 40.811372], [-73.954549, 40.811602], [-73.954769, 40.811722], [-73.954929, 40.811842], [-73.955079, 40.811972], [-73.955299, 40.812222], [-73.955529, 40.812492], [-73.956249, 40.813342], [-73.956505, 40.813636], [-73.956505, 40.813636], [-73.957705, 40.815012], [-73.957705, 40.815012], [-73.957819, 40.815142], [-73.958129, 40.815492], [-73.958159, 40.815532], [-73.958229, 40.815602], [-73.958369, 40.815772], [-73.958599, 40.815472], [-73.958849, 40.815132], [-73.95895, 40.814988], [-73.95895, 40.814988], [-73.959159, 40.814692], [-73.959819, 40.813812], [-73.959893, 40.813707], [-73.959893, 40.813707], [-73.960749, 40.812512], [-73.961219, 40.811872], [-73.961342, 40.811691], [-73.961342, 40.811691], [-73.96236, 40.810286], [-73.96236, 40.810286], [-73.964095, 40.807905], [-73.964095, 40.807905], [-73.965051, 40.806599], [-73.965051, 40.806599], [-73.965967, 40.805336], [-73.965967, 40.805336], [-73.966299, 40.804852], [-73.966789, 40.804192], [-73.966907, 40.804036], [-73.966907, 40.804036], [-73.967239, 40.803602], [-73.967479, 40.803282], [-73.967595, 40.803111], [-73.967595, 40.803111], [-73.967609, 40.803092], [-73.967699, 40.802972], [-73.967749, 40.802832], [-73.967809, 40.802642], [-73.967909, 40.802232], [-73.967949, 40.801912], [-73.967989, 40.801392], [-73.968037, 40.800981], [-73.968037, 40.800981], [-73.968089, 40.800552], [-73.968119, 40.800352], [-73.968199, 40.800082], [-73.968299, 40.799822], [-73.968358, 40.799699], [-73.968358, 40.799699], [-73.968449, 40.799512], [-73.968649, 40.799142], [-73.968809, 40.798902], [-73.969099, 40.798512], [-73.969187, 40.798391], [-73.969187, 40.798391], [-73.969559, 40.797882], [-73.970019, 40.797252], [-73.970109, 40.797128], [-73.970109, 40.797128], [-73.970479, 40.796622], [-73.970919, 40.795982], [-73.971379, 40.795352], [-73.971619, 40.795042], [-73.971736, 40.794884], [-73.971736, 40.794884], [-73.971889, 40.794682], [-73.972379, 40.794012], [-73.972829, 40.793382], [-73.973007, 40.793127], [-73.973007, 40.793127], [-73.973269, 40.792752], [-73.973319, 40.792682], [-73.973699, 40.792112], [-73.973901, 40.791855], [-73.973901, 40.791855], [-73.974189, 40.791492], [-73.974639, 40.790872], [-73.975099, 40.790242], [-73.975139, 40.790182], [-73.975223, 40.790068], [-73.975223, 40.790068], [-73.975559, 40.789612], [-73.976019, 40.788982], [-73.976199, 40.788772], [-73.976579, 40.788342], [-73.976851, 40.788021], [-73.976851, 40.788021], [-73.977139, 40.787682], [-73.977399, 40.787372], [-73.977649, 40.787072], [-73.977689, 40.787022], [-73.977888, 40.786778], [-73.977888, 40.786778], [-73.977909, 40.786752], [-73.978139, 40.786442], [-73.978589, 40.785852], [-73.978619, 40.785812], [-73.978805, 40.785556], [-73.978805, 40.785556], [-73.979079, 40.785182], [-73.979119, 40.785132], [-73.979549, 40.784552], [-73.979909, 40.784102], [-73.980069, 40.783882], [-73.980109, 40.783832], [-73.980159, 40.783762], [-73.980269, 40.783612], [-73.980307, 40.783561], [-73.980307, 40.783561], [-73.980579, 40.783202], [-73.980599, 40.783162], [-73.980659, 40.783042], [-73.980919, 40.782512], [-73.981109, 40.781932], [-73.981159, 40.781782], [-73.981221, 40.781604], [-73.981221, 40.781604], [-73.981409, 40.781062], [-73.981609, 40.780312], [-73.98166, 40.780132], [-73.98166, 40.780132], [-73.981819, 40.779572], [-73.981939, 40.779122], [-73.982029, 40.778772], [-73.982052, 40.778648], [-73.982052, 40.778648], [-73.982099, 40.778392], [-73.982129, 40.778192], [-73.982139, 40.777912], [-73.982179, 40.777502], [-73.982209, 40.777142], [-73.982219, 40.776952], [-73.982225, 40.776766], [-73.982225, 40.776766], [-73.982239, 40.776332], [-73.982279, 40.775532], [-73.98228, 40.775413], [-73.98228, 40.775413], [-73.982289, 40.774722], [-73.982299, 40.774372], [-73.982309, 40.773912], [-73.982301, 40.773285], [-73.982301, 40.773285], [-73.982299, 40.773072], [-73.982299, 40.772852], [-73.982289, 40.772632], [-73.982289, 40.772242], [-73.982266, 40.771639], [-73.982266, 40.771639], [-73.982259, 40.771432], [-73.982249, 40.770602], [-73.982219, 40.769782], [-73.982215, 40.769471], [-73.982215, 40.769471], [-73.982209, 40.768932], [-73.982209, 40.768342], [-73.982309, 40.768272], [-73.982379, 40.768192], [-73.982419, 40.768092], [-73.982439, 40.768002], [-73.982429, 40.767932], [-73.982399, 40.767862], [-73.982359, 40.767812], [-73.982319, 40.767772], [-73.982259, 40.767722], [-73.982259, 40.767722], [-73.982259, 40.767722], [-73.982169, 40.767682], [-73.982059, 40.767652], [-73.981939, 40.767642], [-73.981789, 40.767642], [-73.981639, 40.767672], [-73.981539, 40.767742], [-73.981469, 40.767822], [-73.981429, 40.767892], [-73.980911, 40.767675], [-73.980911, 40.767675], [-73.979399, 40.767042], [-73.979059, 40.766902], [-73.979159, 40.766732], [-73.979549, 40.766192], [-73.979934, 40.765665], [-73.979934, 40.765665], [-73.980039, 40.765522], [-73.980429, 40.764982], [-73.980529, 40.764842], [-73.980979, 40.764222], [-73.981348, 40.763696], [-73.981348, 40.763696], [-73.981429, 40.763582], [-73.981899, 40.762952], [-73.982287, 40.762416], [-73.982287, 40.762416], [-73.982349, 40.762332], [-73.982579, 40.762022], [-73.982779, 40.761702], [-73.983209, 40.761082], [-73.98357, 40.760582], [-73.98357, 40.760582], [-73.983679, 40.760432], [-73.984139, 40.759832], [-73.984599, 40.759192], [-73.985039, 40.758562], [-73.985489, 40.757922], [-73.985719, 40.757632], [-73.985858, 40.757446], [-73.985858, 40.757446], [-73.985959, 40.757312], [-73.986149, 40.757052], [-73.986419, 40.756682], [-73.986549, 40.756502], [-73.986909, 40.756012], [-73.987156, 40.755672]]}}, {"type": "Feature", "properties": {"route_id": "M106", "tier": "secondary", "high_need_count": 1}, "geometry": {"type": "LineString", "coordinates": [[-73.972651, 40.794987], [-73.972639, 40.794982], [-73.971889, 40.794682], [-73.971719, 40.794612], [-73.971357, 40.794461], [-73.971357, 40.794461], [-73.970859, 40.794252], [-73.970469, 40.794082], [-73.970379, 40.794042], [-73.969957, 40.793866], [-73.969957, 40.793866], [-73.967549, 40.792862], [-73.96711, 40.792671], [-73.96711, 40.792671], [-73.966259, 40.792302], [-73.965059, 40.791792], [-73.964901, 40.791732], [-73.964901, 40.791732], [-73.964689, 40.791652], [-73.964399, 40.791532], [-73.964169, 40.791542], [-73.963759, 40.791612], [-73.963629, 40.791642], [-73.963419, 40.791682], [-73.963109, 40.791732], [-73.962959, 40.791742], [-73.962659, 40.791652], [-73.962539, 40.791622], [-73.962399, 40.791572], [-73.962279, 40.791532], [-73.962029, 40.791432], [-73.961619, 40.791242], [-73.961369, 40.791112], [-73.961069, 40.790932], [-73.960699, 40.790682], [-73.960439, 40.790512], [-73.960219, 40.790392], [-73.960019, 40.790322], [-73.959729, 40.790232], [-73.959209, 40.790122], [-73.958849, 40.790042], [-73.958539, 40.789952], [-73.957599, 40.789562], [-73.957549, 40.789542], [-73.957399, 40.789472], [-73.957239, 40.789402], [-73.956679, 40.789162], [-73.956499, 40.788942], [-73.956369, 40.788772], [-73.956309, 40.788622], [-73.956279, 40.788442], [-73.956249, 40.788242], [-73.956209, 40.788162], [-73.956139, 40.788082], [-73.956019, 40.788002], [-73.955759, 40.787892], [-73.955629, 40.787832], [-73.955479, 40.787772], [-73.955367, 40.787725], [-73.955367, 40.787725], [-73.954909, 40.787532], [-73.954179, 40.787222], [-73.953669, 40.787902], [-73.953263, 40.788449], [-73.953263, 40.788449], [-73.953209, 40.788522], [-73.952749, 40.789162], [-73.952329, 40.789742], [-73.95189, 40.790342], [-73.95189, 40.790342], [-73.951839, 40.790412], [-73.951379, 40.791032], [-73.951109, 40.791407], [-73.951109, 40.791407], [-73.950919, 40.791672], [-73.950809, 40.791812], [-73.95053, 40.792193], [-73.95053, 40.792193], [-73.950459, 40.792292], [-73.949999, 40.792922], [-73.949602, 40.793472], [-73.949602, 40.793472], [-73.949509, 40.793602], [-73.949319, 40.793522], [-73.948199, 40.793052], [-73.948019, 40.792972], [-73.947899, 40.792912], [-73.947779, 40.792862], [-73.947639, 40.792812], [-73.947109, 40.792592], [-73.946279, 40.792242], [-73.945914, 40.792088], [-73.945914, 40.792088], [-73.944669, 40.791562], [-73.944283, 40.791399], [-73.944283, 40.791399], [-73.942539, 40.790662], [-73.942429, 40.790622], [-73.942053, 40.790463], [-73.942053, 40.790463], [-73.940069, 40.789622], [-73.939721, 40.789473], [-73.939721, 40.789473], [-73.938179, 40.788812], [-73.937869, 40.788682], [-73.938159, 40.787972], [-73.938189, 40.787942], [-73.938229, 40.787942], [-73.938531, 40.788071]]}}, {"type": "Feature", "properties": {"route_id": "M11", "tier": "priority", "high_need_count": 3}, "geometry": {"type": "LineString", "coordinates": [[-74.006638, 40.731575], [-74.006619, 40.731662], [-74.006609, 40.731712], [-74.006499, 40.732412], [-74.006399, 40.733052], [-74.007529, 40.732812], [-74.007389, 40.733352], [-74.007339, 40.733582], [-74.007159, 40.734292], [-74.006969, 40.734992], [-74.006789, 40.735712], [-74.006619, 40.736422], [-74.006489, 40.736952], [-74.006489, 40.737542], [-74.006469, 40.738132], [-74.00646, 40.738674], [-74.00646, 40.738674], [-74.006459, 40.738752], [-74.006459, 40.738842], [-74.006449, 40.739392], [-74.006329, 40.739612], [-74.005921, 40.740179], [-74.005921, 40.740179], [-74.005869, 40.740252], [-74.005539, 40.740762], [-74.005409, 40.740972], [-74.005591, 40.741041], [-74.005591, 40.741041], [-74.005619, 40.741052], [-74.006979, 40.741622], [-74.007433, 40.741806], [-74.007433, 40.741806], [-74.007619, 40.741882], [-74.007699, 40.741912], [-74.007789, 40.741952], [-74.007879, 40.741992], [-74.008209, 40.742132], [-74.007949, 40.742472], [-74.007699, 40.742822], [-74.007239, 40.743462], [-74.007093, 40.743666], [-74.007093, 40.743666], [-74.007019, 40.743772], [-74.006929, 40.743902], [-74.006879, 40.743962], [-74.006819, 40.744052], [-74.006599, 40.744352], [-74.006389, 40.744642], [-74.005959, 40.745222], [-74.00578, 40.745467], [-74.00578, 40.745467], [-74.005529, 40.745812], [-74.005109, 40.746392], [-74.005049, 40.746472], [-74.004917, 40.746653], [-74.004917, 40.746653], [-74.004649, 40.747022], [-74.004169, 40.747682], [-74.00396, 40.747973], [-74.00396, 40.747973], [-74.003689, 40.748352], [-74.003239, 40.748982], [-74.003028, 40.749274], [-74.003028, 40.749274], [-74.002799, 40.749592], [-74.002349, 40.750212], [-74.002115, 40.750527], [-74.002115, 40.750527], [-74.001889, 40.750832], [-74.001449, 40.751442], [-74.001259, 40.751722], [-74.000989, 40.752082], [-74.000889, 40.752222], [-74.000739, 40.752429], [-74.000739, 40.752429], [-74.000549, 40.752692], [-73.999959, 40.753492], [-73.999639, 40.753922], [-73.999216, 40.7545], [-73.999216, 40.7545], [-73.999149, 40.754592], [-73.998659, 40.755242], [-73.998209, 40.755862], [-73.997759, 40.756482], [-73.997569, 40.756752], [-73.997561, 40.756763], [-73.997561, 40.756763], [-73.997309, 40.757122], [-73.997269, 40.757172], [-73.997239, 40.757212], [-73.996919, 40.757652], [-73.996849, 40.757752], [-73.996749, 40.757892], [-73.996477, 40.758253], [-73.996477, 40.758253], [-73.996419, 40.758332], [-73.995969, 40.758962], [-73.995479, 40.759622], [-73.995279, 40.759889], [-73.995279, 40.759889], [-73.994979, 40.760292], [-73.994519, 40.760922], [-73.994069, 40.761542], [-73.993888, 40.761787], [-73.993888, 40.761787], [-73.993599, 40.762182], [-73.993149, 40.762802], [-73.992965, 40.763063], [-73.992965, 40.763063], [-73.992699, 40.763442], [-73.992249, 40.764072], [-73.992063, 40.764318], [-73.992063, 40.764318], [-73.991789, 40.764682], [-73.991649, 40.764882], [-73.991329, 40.765312], [-73.990879, 40.765932], [-73.990494, 40.766458], [-73.990494, 40.766458], [-73.990419, 40.766562], [-73.989959, 40.767192], [-73.989509, 40.767812], [-73.989328, 40.768052], [-73.989328, 40.768052], [-73.989029, 40.768452], [-73.988657, 40.768966], [-73.988657, 40.768966], [-73.988559, 40.769102], [-73.988069, 40.769782], [-73.987849, 40.770082], [-73.987609, 40.770402], [-73.987416, 40.770667], [-73.987416, 40.770667], [-73.987239, 40.770912], [-73.987159, 40.771032], [-73.986959, 40.771312], [-73.986699, 40.771662], [-73.986239, 40.772282], [-73.985951, 40.772689], [-73.985951, 40.772689], [-73.985879, 40.772792], [-73.985349, 40.773532], [-73.984879, 40.774172], [-73.984723, 40.774385], [-73.984723, 40.774385], [-73.984659, 40.774472], [-73.984429, 40.774792], [-73.983969, 40.775412], [-73.983754, 40.775678]]}}, {"type": "Feature", "properties": {"route_id": "M116", "tier": "secondary", "high_need_count": 2}, "geometry": {"type": "LineString", "coordinates": [[-73.931196, 40.797601], [-73.931269, 40.797632], [-73.931639, 40.797122], [-73.931739, 40.796982], [-73.932199, 40.796352], [-73.932659, 40.795722], [-73.932718, 40.795644], [-73.932718, 40.795644], [-73.933169, 40.795052], [-73.933572, 40.795221], [-73.933572, 40.795221], [-73.935233, 40.79592], [-73.935233, 40.79592], [-73.935239, 40.795922], [-73.935289, 40.795942], [-73.935399, 40.795992], [-73.937769, 40.796992], [-73.93818, 40.797166], [-73.93818, 40.797166], [-73.940009, 40.797942], [-73.940444, 40.798123], [-73.940444, 40.798123], [-73.941499, 40.798562], [-73.941499, 40.798562], [-73.941619, 40.798612], [-73.942854, 40.799134], [-73.942854, 40.799134], [-73.943109, 40.799242], [-73.943209, 40.799282], [-73.943359, 40.799352], [-73.944849, 40.799982], [-73.945202, 40.800129], [-73.945202, 40.800129], [-73.946264, 40.800571], [-73.946264, 40.800571], [-73.946459, 40.800652], [-73.946989, 40.800872], [-73.949629, 40.801992], [-73.949759, 40.802042], [-73.950102, 40.802185], [-73.950102, 40.802185], [-73.952439, 40.803162], [-73.952589, 40.803222], [-73.952829, 40.803322], [-73.953167, 40.803468], [-73.953167, 40.803468], [-73.954639, 40.804102], [-73.955201, 40.80434], [-73.955201, 40.80434], [-73.955369, 40.804412], [-73.956819, 40.805022], [-73.957045, 40.804719], [-73.957045, 40.804719], [-73.957319, 40.804352], [-73.957721, 40.8038], [-73.957721, 40.8038], [-73.957779, 40.803722], [-73.958229, 40.803092], [-73.958729, 40.802402], [-73.95889, 40.802183], [-73.95889, 40.802183], [-73.959149, 40.801832], [-73.959649, 40.801142], [-73.959863, 40.80085], [-73.959863, 40.80085], [-73.960059, 40.800582], [-73.960529, 40.799952], [-73.960691, 40.799724], [-73.960691, 40.799724], [-73.960979, 40.799322], [-73.961049, 40.799232], [-73.961389, 40.798773], [-73.961389, 40.798773], [-73.961479, 40.798652], [-73.962711, 40.799171], [-73.962711, 40.799171], [-73.962879, 40.799242], [-73.965699, 40.800432], [-73.966112, 40.800604], [-73.966112, 40.800604], [-73.967649, 40.801242], [-73.967664, 40.801249]]}}, {"type": "Feature", "properties": {"route_id": "M125", "tier": "priority", "high_need_count": 3}, "geometry": {"type": "LineString", "coordinates": [[-73.91752, 40.816116], [-73.917629, 40.816052], [-73.917859, 40.815932], [-73.918119, 40.815582], [-73.918179, 40.815492], [-73.918229, 40.815442], [-73.918259, 40.815422], [-73.918339, 40.815402], [-73.918469, 40.815212], [-73.918769, 40.814752], [-73.918909, 40.814552], [-73.919179, 40.814142], [-73.919299, 40.813992], [-73.919439, 40.813822], [-73.919659, 40.813512], [-73.919739, 40.813402], [-73.919799, 40.813322], [-73.919969, 40.813082], [-73.920109, 40.812892], [-73.920286, 40.812659], [-73.920286, 40.812659], [-73.920429, 40.812472], [-73.920599, 40.812262], [-73.920709, 40.812112], [-73.920759, 40.812052], [-73.921059, 40.811672], [-73.921119, 40.811582], [-73.921189, 40.811482], [-73.921339, 40.811252], [-73.921499, 40.811012], [-73.921639, 40.810812], [-73.921714, 40.810708], [-73.921714, 40.810708], [-73.921719, 40.810702], [-73.921949, 40.810382], [-73.922239, 40.809992], [-73.922409, 40.809772], [-73.922629, 40.809452], [-73.922869, 40.809102], [-73.923384, 40.809317], [-73.923384, 40.809317], [-73.925139, 40.810052], [-73.926939, 40.810882], [-73.926989, 40.810907], [-73.926989, 40.810907], [-73.927159, 40.810992], [-73.927309, 40.811102], [-73.927569, 40.810842], [-73.927799, 40.810662], [-73.927769, 40.810472], [-73.927759, 40.810362], [-73.927759, 40.810232], [-73.927819, 40.810062], [-73.928149, 40.809622], [-73.928559, 40.809032], [-73.928619, 40.808942], [-73.928689, 40.808852], [-73.928739, 40.808782], [-73.929019, 40.808342], [-73.929249, 40.808032], [-73.929272, 40.808002], [-73.929272, 40.808002], [-73.929379, 40.807862], [-73.929509, 40.807682], [-73.930029, 40.807912], [-73.930349, 40.808062], [-73.930409, 40.808082], [-73.930569, 40.808142], [-73.930679, 40.808162], [-73.930789, 40.808172], [-73.930909, 40.808162], [-73.931379, 40.808082], [-73.931699, 40.807932], [-73.931829, 40.807872], [-73.931899, 40.807842], [-73.932059, 40.807772], [-73.932939, 40.807382], [-73.933289, 40.807232], [-73.933639, 40.807082], [-73.933799, 40.807012], [-73.933929, 40.806952], [-73.934169, 40.806852], [-73.934479, 40.806712], [-73.934629, 40.806632], [-73.934749, 40.806522], [-73.934839, 40.806392], [-73.934879, 40.806262], [-73.934879, 40.806192], [-73.934869, 40.806112], [-73.934829, 40.805982], [-73.934779, 40.805902], [-73.934749, 40.805862], [-73.934709, 40.805832], [-73.934679, 40.805802], [-73.934609, 40.805742], [-73.934529, 40.805692], [-73.934509, 40.805682], [-73.934399, 40.805612], [-73.933946, 40.805432], [-73.933946, 40.805432], [-73.933089, 40.805092], [-73.932719, 40.804942], [-73.932519, 40.804852], [-73.932399, 40.804782], [-73.932279, 40.804692], [-73.932179, 40.804602], [-73.932389, 40.804362], [-73.932639, 40.804032], [-73.933089, 40.803422], [-73.933349, 40.803052], [-73.933559, 40.802762], [-73.93404, 40.802958], [-73.93404, 40.802958], [-73.934099, 40.802982], [-73.935809, 40.803692], [-73.936259, 40.803883], [-73.936259, 40.803883], [-73.937409, 40.804372], [-73.937798, 40.804533], [-73.937798, 40.804533], [-73.938909, 40.804992], [-73.939019, 40.805042], [-73.939159, 40.805102], [-73.939511, 40.805253], [-73.939511, 40.805253], [-73.940629, 40.805732], [-73.941048, 40.805912], [-73.941048, 40.805912], [-73.942029, 40.806332], [-73.942249, 40.806422], [-73.942429, 40.806502], [-73.94246, 40.806515], [-73.94246, 40.806515], [-73.943769, 40.807062], [-73.944879, 40.807522], [-73.945419, 40.807742], [-73.945549, 40.807792], [-73.945998, 40.807979], [-73.945998, 40.807979], [-73.946199, 40.808062], [-73.946759, 40.808302], [-73.948249, 40.808932], [-73.948409, 40.809002], [-73.94882, 40.809174], [-73.94882, 40.809174], [-73.949749, 40.809562], [-73.950549, 40.809902], [-73.951159, 40.810162], [-73.95163, 40.810359], [-73.95163, 40.810359], [-73.951949, 40.810492], [-73.952579, 40.810762], [-73.953041, 40.810959], [-73.953041, 40.810959], [-73.954009, 40.811372], [-73.954549, 40.811602], [-73.954769, 40.811722], [-73.954929, 40.811842], [-73.955079, 40.811972], [-73.955299, 40.812222], [-73.955529, 40.812492], [-73.956249, 40.813342], [-73.956505, 40.813636], [-73.956505, 40.813636], [-73.957705, 40.815012], [-73.957705, 40.815012], [-73.957819, 40.815142], [-73.958129, 40.815492], [-73.958159, 40.815532], [-73.958229, 40.815602], [-73.958369, 40.815772], [-73.958681, 40.816117], [-73.958681, 40.816117], [-73.958939, 40.816402], [-73.959479, 40.817002], [-73.959609, 40.817149]]}}, {"type": "Feature", "properties": {"route_id": "M15", "tier": "secondary", "high_need_count": 2}, "geometry": {"type": "LineString", "coordinates": [[-73.932526, 40.803199], [-73.932629, 40.803242], [-73.932799, 40.803312], [-73.932929, 40.803362], [-73.933089, 40.803422], [-73.933349, 40.803052], [-73.933559, 40.802762], [-73.933966, 40.802194], [-73.933966, 40.802194], [-73.934069, 40.802052], [-73.934129, 40.801972], [-73.934519, 40.801442], [-73.934979, 40.800812], [-73.935177, 40.800541], [-73.935177, 40.800541], [-73.935439, 40.800182], [-73.935899, 40.799562], [-73.936339, 40.798922], [-73.936548, 40.798642], [-73.936548, 40.798642], [-73.936809, 40.798292], [-73.937279, 40.797672], [-73.937769, 40.796992], [-73.937982, 40.796699], [-73.937982, 40.796699], [-73.938279, 40.796292], [-73.938519, 40.795952], [-73.938619, 40.795822], [-73.939189, 40.795062], [-73.939379, 40.794802], [-73.939379, 40.794802], [-73.939629, 40.794462], [-73.940109, 40.793812], [-73.940282, 40.793569], [-73.940282, 40.793569], [-73.940559, 40.793182], [-73.941029, 40.792542], [-73.941409, 40.792022], [-73.941499, 40.791892], [-73.941939, 40.791282], [-73.942429, 40.790622], [-73.942919, 40.789942], [-73.943399, 40.789292], [-73.943819, 40.788732], [-73.943849, 40.788682], [-73.943925, 40.788572], [-73.943925, 40.788572], [-73.943939, 40.788552], [-73.944329, 40.788032], [-73.944379, 40.787962], [-73.944709, 40.787512], [-73.944769, 40.787432], [-73.944843, 40.787331], [-73.944843, 40.787331], [-73.945229, 40.786802], [-73.945299, 40.786702], [-73.945699, 40.786162], [-73.946049, 40.785672], [-73.946502, 40.785042], [-73.946502, 40.785042], [-73.946589, 40.784922], [-73.947089, 40.784242], [-73.947229, 40.78405], [-73.947229, 40.78405], [-73.947519, 40.783652], [-73.947589, 40.783562], [-73.948029, 40.782942], [-73.948246, 40.782651], [-73.948246, 40.782651], [-73.948499, 40.782312], [-73.948619, 40.782152], [-73.948959, 40.781682], [-73.949149, 40.78142], [-73.949149, 40.78142], [-73.949419, 40.781052], [-73.949879, 40.780432], [-73.950339, 40.779802], [-73.950534, 40.779528], [-73.950534, 40.779528], [-73.950789, 40.779172], [-73.951279, 40.778552], [-73.951414, 40.778349], [-73.951414, 40.778349], [-73.951739, 40.777862], [-73.952229, 40.777182], [-73.952699, 40.776552], [-73.952896, 40.776278], [-73.952896, 40.776278], [-73.953159, 40.775912], [-73.953629, 40.775282], [-73.953813, 40.77503], [-73.953813, 40.77503], [-73.954089, 40.774652], [-73.954549, 40.774012], [-73.955059, 40.773332], [-73.955488, 40.772728], [-73.955488, 40.772728], [-73.955549, 40.772642], [-73.956009, 40.772012], [-73.956479, 40.771372], [-73.956939, 40.770742], [-73.95716, 40.770439], [-73.95716, 40.770439], [-73.957399, 40.770112], [-73.957889, 40.769472], [-73.957955, 40.769379], [-73.957955, 40.769379], [-73.958379, 40.768782], [-73.958849, 40.768132], [-73.959319, 40.767482], [-73.959444, 40.767306], [-73.959444, 40.767306], [-73.959759, 40.766862], [-73.960229, 40.766232], [-73.960422, 40.765966], [-73.960422, 40.765966], [-73.960689, 40.765602], [-73.961139, 40.764982], [-73.961209, 40.764882], [-73.961385, 40.764642], [-73.961385, 40.764642], [-73.961599, 40.764352], [-73.962049, 40.763732], [-73.962079, 40.763692], [-73.962257, 40.763447], [-73.962257, 40.763447], [-73.962509, 40.763102], [-73.962969, 40.762482], [-73.963429, 40.761852], [-73.963693, 40.761497], [-73.963693, 40.761497], [-73.963749, 40.761422], [-73.963889, 40.761222], [-73.964019, 40.761052], [-73.964109, 40.760932], [-73.964199, 40.760812], [-73.964349, 40.760602], [-73.964819, 40.759972], [-73.965269, 40.759342], [-73.965309, 40.759292], [-73.965799, 40.758632], [-73.965959, 40.758409], [-73.965959, 40.758409], [-73.966239, 40.758022], [-73.966699, 40.757382], [-73.966885, 40.757128], [-73.966885, 40.757128], [-73.967139, 40.756782], [-73.967619, 40.756132], [-73.968079, 40.755502], [-73.968539, 40.754862], [-73.968729, 40.754599], [-73.968729, 40.754599], [-73.968989, 40.754242], [-73.969439, 40.753622], [-73.969899, 40.753002], [-73.969999, 40.752872], [-73.970301, 40.752452], [-73.970301, 40.752452], [-73.970359, 40.752372], [-73.970809, 40.751752], [-73.971279, 40.751122], [-73.971729, 40.750492], [-73.971939, 40.750202], [-73.972229, 40.749802], [-73.972659, 40.749216], [-73.972659, 40.749216], [-73.972699, 40.749162], [-73.973149, 40.748542], [-73.973589, 40.747932], [-73.973826, 40.747614], [-73.973826, 40.747614], [-73.974059, 40.747302], [-73.974509, 40.746682], [-73.974569, 40.746592], [-73.974629, 40.746512], [-73.974679, 40.746442], [-73.974739, 40.746362], [-73.97489, 40.746156], [-73.97489, 40.746156], [-73.974959, 40.746062], [-73.975219, 40.745712], [-73.975409, 40.745452], [-73.975659, 40.745102], [-73.975899, 40.744782], [-73.976189, 40.744382], [-73.976389, 40.744102], [-73.976598, 40.743812], [-73.976598, 40.743812], [-73.976829, 40.743492], [-73.977279, 40.742872], [-73.977466, 40.742614], [-73.977466, 40.742614], [-73.977729, 40.742252], [-73.977789, 40.742162], [-73.978179, 40.741642], [-73.97858, 40.741089], [-73.97858, 40.741089], [-73.978629, 40.741022], [-73.979069, 40.740402], [-73.979529, 40.739782], [-73.979989, 40.739172], [-73.980174, 40.738912], [-73.980174, 40.738912], [-73.980239, 40.738822], [-73.980439, 40.738542], [-73.980599, 40.738292], [-73.980869, 40.737882], [-73.981127, 40.73751], [-73.981127, 40.73751], [-73.981349, 40.737192], [-73.981819, 40.736552], [-73.982209, 40.736012], [-73.982426, 40.735719], [-73.982426, 40.735719], [-73.982439, 40.735702], [-73.982669, 40.735382], [-73.983119, 40.734842], [-73.983549, 40.734252], [-73.983741, 40.733985], [-73.983741, 40.733985], [-73.983779, 40.733932], [-73.983959, 40.733692], [-73.984439, 40.733022], [-73.984845, 40.732469], [-73.984845, 40.732469], [-73.984939, 40.732342], [-73.985109, 40.732102], [-73.985439, 40.731652], [-73.985909, 40.731012], [-73.986089, 40.730767], [-73.986089, 40.730767], [-73.986189, 40.730632], [-73.986379, 40.730372], [-73.986629, 40.730022], [-73.986809, 40.729772], [-73.987239, 40.729182], [-73.987464, 40.728867], [-73.987464, 40.728867], [-73.987669, 40.728582], [-73.988119, 40.727982], [-73.988539, 40.727392], [-73.988723, 40.727135], [-73.988723, 40.727135], [-73.988979, 40.726782], [-73.989429, 40.726182], [-73.989869, 40.725572], [-73.990051, 40.72532], [-73.990051, 40.72532], [-73.990339, 40.724922], [-73.990809, 40.724272], [-73.990979, 40.724032], [-73.990979, 40.723702], [-73.991039, 40.723562], [-73.990879, 40.723512], [-73.990479, 40.723402], [-73.990401, 40.723379], [-73.990401, 40.723379], [-73.990309, 40.723352], [-73.989439, 40.723092], [-73.989269, 40.723042], [-73.988679, 40.722862], [-73.988779, 40.722782], [-73.988859, 40.722682], [-73.988909, 40.722552], [-73.988942, 40.722468], [-73.988942, 40.722468], [-73.989259, 40.721672], [-73.989829, 40.720522], [-73.990415, 40.719396], [-73.990415, 40.719396], [-73.990459, 40.719312], [-73.990509, 40.719202], [-73.990529, 40.719162], [-73.990959, 40.718332], [-73.991429, 40.717412], [-73.991581, 40.717112], [-73.991581, 40.717112], [-73.992029, 40.716232], [-73.992609, 40.715112], [-73.992753, 40.714839], [-73.992753, 40.714839], [-73.992799, 40.714752], [-73.992839, 40.714652], [-73.992849, 40.714542], [-73.992819, 40.714352], [-73.992749, 40.713832], [-73.992649, 40.713162], [-73.992629, 40.713032], [-73.992568, 40.71263], [-73.992568, 40.71263], [-73.992539, 40.712442], [-73.993269, 40.712382], [-73.993329, 40.712382], [-73.993639, 40.712362], [-73.993679, 40.712362], [-73.993769, 40.712352], [-73.994359, 40.712302], [-73.994735, 40.712267], [-73.994735, 40.712267], [-73.996939, 40.712062], [-73.997583, 40.711984], [-73.997583, 40.711984], [-73.997769, 40.711962], [-73.998399, 40.711902], [-73.998679, 40.711872], [-73.998809, 40.711862], [-73.999421, 40.711809], [-73.999421, 40.711809], [-73.999619, 40.711792], [-73.999709, 40.711782], [-73.999999, 40.711472], [-74.000219, 40.711262], [-74.000539, 40.710942], [-74.000685, 40.710765], [-74.000685, 40.710765], [-74.000779, 40.710652], [-74.000939, 40.710422], [-74.001119, 40.710182], [-74.001259, 40.710012], [-74.001419, 40.709802], [-74.001459, 40.709752], [-74.001509, 40.709682], [-74.001569, 40.709602], [-74.001609, 40.709552], [-74.001639, 40.709512], [-74.001679, 40.709472], [-74.001837, 40.709343], [-74.001837, 40.709343], [-74.002099, 40.709132], [-74.002489, 40.708822], [-74.003169, 40.708292], [-74.003419, 40.708102], [-74.003539, 40.707982], [-74.003934, 40.707555], [-74.003934, 40.707555], [-74.004049, 40.707432], [-74.004999, 40.706852], [-74.00543, 40.706545], [-74.00543, 40.706545], [-74.005689, 40.706362], [-74.005929, 40.706192], [-74.006019, 40.706132], [-74.006739, 40.705622], [-74.007399, 40.705172], [-74.008119, 40.704662], [-74.008211, 40.7046], [-74.008211, 40.7046], [-74.008799, 40.704202], [-74.008989, 40.704072], [-74.009358, 40.703823], [-74.009358, 40.703823], [-74.009509, 40.703722], [-74.009609, 40.703652], [-74.009719, 40.703582], [-74.010099, 40.703332], [-74.010249, 40.703262], [-74.010429, 40.703212], [-74.011499, 40.702952], [-74.011263, 40.702107], [-74.011263, 40.702107], [-74.011169, 40.701772], [-74.011759, 40.701642], [-74.012189, 40.701552], [-74.012199, 40.701549]]}}, {"type": "Feature", "properties": {"route_id": "M22", "tier": "secondary", "high_need_count": 1}, "geometry": {"type": "LineString", "coordinates": [[-74.015759, 40.714541], [-74.016219, 40.714742], [-74.015979, 40.715042], [-74.015599, 40.715532], [-74.015389, 40.715822], [-74.015249, 40.716002], [-74.015199, 40.716012], [-74.015149, 40.716032], [-74.015099, 40.716072], [-74.014799, 40.716392], [-74.014299, 40.716982], [-74.014189, 40.717119], [-74.014189, 40.717119], [-74.013909, 40.717472], [-74.013809, 40.717602], [-74.013389, 40.717412], [-74.013139, 40.717292], [-74.012989, 40.717222], [-74.012749, 40.717122], [-74.012549, 40.717032], [-74.012229, 40.716882], [-74.011839, 40.716702], [-74.011072, 40.71634], [-74.011072, 40.71634], [-74.010949, 40.716282], [-74.010269, 40.715982], [-74.009229, 40.715512], [-74.00906, 40.715431], [-74.00906, 40.715431], [-74.007999, 40.714922], [-74.007797, 40.714833], [-74.007797, 40.714833], [-74.006279, 40.714162], [-74.006656, 40.71372], [-74.006656, 40.71372], [-74.006749, 40.713612], [-74.007199, 40.713052], [-74.007669, 40.712512], [-74.007719, 40.712452], [-74.007939, 40.712172], [-74.008109, 40.711952], [-74.008339, 40.711692], [-74.008629, 40.711392], [-74.008529, 40.711372], [-74.008359, 40.711362], [-74.008229, 40.711372], [-74.008079, 40.711402], [-74.007269, 40.711592], [-74.007169, 40.711622], [-74.007099, 40.711662], [-74.007059, 40.711712], [-74.006989, 40.711732], [-74.006809, 40.711772], [-74.006569, 40.711832], [-74.006228, 40.711919], [-74.006228, 40.711919], [-74.006139, 40.711942], [-74.006059, 40.711962], [-74.005989, 40.711982], [-74.005849, 40.711952], [-74.005739, 40.711942], [-74.005449, 40.711972], [-74.005319, 40.711982], [-74.005279, 40.711972], [-74.005169, 40.711942], [-74.005049, 40.711892], [-74.004939, 40.711822], [-74.004809, 40.711732], [-74.004354, 40.711429], [-74.004354, 40.711429], [-74.004299, 40.711392], [-74.003619, 40.710982], [-74.003469, 40.710882], [-74.003359, 40.710802], [-74.002969, 40.710492], [-74.001811, 40.709577], [-74.001811, 40.709577], [-74.001679, 40.709472], [-74.001639, 40.709512], [-74.001609, 40.709552], [-74.001569, 40.709602], [-74.001509, 40.709682], [-74.001459, 40.709752], [-74.001419, 40.709802], [-74.001259, 40.710012], [-74.001119, 40.710182], [-74.000939, 40.710422], [-74.000804, 40.710615], [-74.000804, 40.710615], [-74.000779, 40.710652], [-74.000539, 40.710942], [-74.000219, 40.711262], [-73.999999, 40.711472], [-73.999709, 40.711782], [-73.999619, 40.711792], [-73.998809, 40.711862], [-73.998679, 40.711872], [-73.998399, 40.711902], [-73.997933, 40.711946], [-73.997933, 40.711946], [-73.997769, 40.711962], [-73.996939, 40.712062], [-73.994359, 40.712302], [-73.994109, 40.712323], [-73.994109, 40.712323], [-73.993769, 40.712352], [-73.993679, 40.712362], [-73.993639, 40.712362], [-73.993329, 40.712382], [-73.993269, 40.712382], [-73.992539, 40.712442], [-73.992399, 40.712452], [-73.992279, 40.712452], [-73.992044, 40.712473], [-73.992044, 40.712473], [-73.991829, 40.712492], [-73.991509, 40.712512], [-73.991049, 40.712552], [-73.990459, 40.712592], [-73.989989, 40.712632], [-73.989859, 40.712642], [-73.989571, 40.712667], [-73.989571, 40.712667], [-73.989159, 40.712702], [-73.988879, 40.712722], [-73.988479, 40.712752], [-73.988409, 40.712758], [-73.988409, 40.712758], [-73.987699, 40.712822], [-73.986929, 40.712892], [-73.986739, 40.712912], [-73.986466, 40.712936], [-73.986466, 40.712936], [-73.986179, 40.712962], [-73.985999, 40.712982], [-73.985049, 40.713072], [-73.984587, 40.713119], [-73.984587, 40.713119], [-73.983869, 40.713192], [-73.983571, 40.713228], [-73.983571, 40.713228], [-73.983459, 40.713242], [-73.982959, 40.713292], [-73.982619, 40.713332], [-73.982079, 40.713392], [-73.981783, 40.713428], [-73.981783, 40.713428], [-73.980849, 40.713542], [-73.980436, 40.713593], [-73.980436, 40.713593], [-73.979809, 40.713672], [-73.979699, 40.713682], [-73.979669, 40.713692], [-73.979239, 40.713742], [-73.978759, 40.713592], [-73.978236, 40.713433]]}}, {"type": "Feature", "properties": {"route_id": "M96", "tier": "secondary", "high_need_count": 1}, "geometry": {"type": "LineString", "coordinates": [[-73.945522, 40.784483], [-73.946139, 40.784732], [-73.946589, 40.784922], [-73.947089, 40.784242], [-73.94724, 40.784308], [-73.94724, 40.784308], [-73.947339, 40.784352], [-73.949329, 40.785192], [-73.949525, 40.785274], [-73.949525, 40.785274], [-73.950929, 40.785862], [-73.951305, 40.786018], [-73.951305, 40.786018], [-73.952449, 40.786492], [-73.952609, 40.786562], [-73.952659, 40.786582], [-73.953957, 40.787128], [-73.953957, 40.787128], [-73.954179, 40.787222], [-73.953669, 40.787902], [-73.955105, 40.7885], [-73.955105, 40.7885], [-73.955109, 40.788502], [-73.955269, 40.788572], [-73.955829, 40.788822], [-73.956509, 40.789102], [-73.956679, 40.789162], [-73.957239, 40.789402], [-73.957399, 40.789472], [-73.957549, 40.789542], [-73.957599, 40.789562], [-73.958539, 40.789952], [-73.958849, 40.790042], [-73.959209, 40.790122], [-73.959729, 40.790232], [-73.960019, 40.790322], [-73.960219, 40.790392], [-73.960439, 40.790512], [-73.960699, 40.790682], [-73.961069, 40.790932], [-73.961369, 40.791112], [-73.961619, 40.791242], [-73.962029, 40.791432], [-73.962279, 40.791532], [-73.962399, 40.791572], [-73.962539, 40.791622], [-73.962659, 40.791652], [-73.962959, 40.791742], [-73.963339, 40.791872], [-73.963509, 40.791952], [-73.963759, 40.792122], [-73.964169, 40.792362], [-73.964272, 40.792221], [-73.964272, 40.792221], [-73.964689, 40.791652], [-73.965059, 40.791792], [-73.966259, 40.792302], [-73.967549, 40.792862], [-73.967883, 40.793001], [-73.967883, 40.793001], [-73.970159, 40.79395], [-73.970159, 40.79395], [-73.970379, 40.794042], [-73.970469, 40.794082], [-73.970859, 40.794252], [-73.971507, 40.794523], [-73.971507, 40.794523], [-73.971719, 40.794612], [-73.971229, 40.795292], [-73.971379, 40.795352], [-73.972426, 40.795797], [-73.972426, 40.795797], [-73.972719, 40.795922], [-73.973189, 40.795262], [-73.973219, 40.795222], [-73.973054, 40.795153]]}}, {"type": "Feature", "properties": {"route_id": "M98", "tier": "secondary", "high_need_count": 1}, "geometry": {"type": "LineString", "coordinates": [[-73.934409, 40.858754], [-73.934459, 40.858672], [-73.934619, 40.858422], [-73.935599, 40.857102], [-73.935842, 40.856775], [-73.935842, 40.856775], [-73.936639, 40.855702], [-73.936789, 40.855422], [-73.936889, 40.855092], [-73.936977, 40.854807], [-73.936977, 40.854807], [-73.937504, 40.853119], [-73.937504, 40.853119], [-73.937914, 40.851873], [-73.937914, 40.851873], [-73.938395, 40.850613], [-73.938395, 40.850613], [-73.938649, 40.849982], [-73.938779, 40.849682], [-73.938949, 40.849292], [-73.939019, 40.849162], [-73.939059, 40.849092], [-73.939139, 40.848942], [-73.939179, 40.848852], [-73.939249, 40.848662], [-73.938589, 40.848542], [-73.937969, 40.848432], [-73.937689, 40.848362], [-73.937489, 40.848302], [-73.936951, 40.848085], [-73.936951, 40.848085], [-73.936399, 40.847862], [-73.935328, 40.847409], [-73.935328, 40.847409], [-73.935169, 40.847342], [-73.934529, 40.847062], [-73.933789, 40.846762], [-73.933408, 40.846599], [-73.933408, 40.846599], [-73.933299, 40.846552], [-73.932759, 40.846322], [-73.932329, 40.846142], [-73.932239, 40.846272], [-73.932189, 40.846342], [-73.932129, 40.846422], [-73.932079, 40.846492], [-73.931439, 40.846202], [-73.931119, 40.846012], [-73.930919, 40.845852], [-73.930829, 40.845752], [-73.930769, 40.845642], [-73.930729, 40.845562], [-73.930709, 40.845492], [-73.930709, 40.845312], [-73.930749, 40.845132], [-73.930789, 40.845032], [-73.930879, 40.844902], [-73.931199, 40.844502], [-73.931349, 40.844312], [-73.931479, 40.844092], [-73.931529, 40.843972], [-73.931569, 40.843842], [-73.931609, 40.843582], [-73.931609, 40.843432], [-73.931509, 40.842852], [-73.931489, 40.842552], [-73.931499, 40.842442], [-73.931589, 40.842052], [-73.931649, 40.841862], [-73.931679, 40.841782], [-73.931729, 40.841652], [-73.931789, 40.841522], [-73.931999, 40.841142], [-73.932249, 40.840752], [-73.932589, 40.840182], [-73.932849, 40.839722], [-73.933329, 40.838902], [-73.933609, 40.838402], [-73.933809, 40.838042], [-73.933879, 40.837922], [-73.933959, 40.837772], [-73.934189, 40.837342], [-73.934559, 40.836682], [-73.934919, 40.836012], [-73.935059, 40.835702], [-73.935199, 40.835252], [-73.935279, 40.834912], [-73.935329, 40.834612], [-73.935339, 40.834502], [-73.935359, 40.834262], [-73.935379, 40.833652], [-73.935359, 40.832982], [-73.935289, 40.832152], [-73.935269, 40.831982], [-73.935239, 40.831492], [-73.935149, 40.830582], [-73.935119, 40.830262], [-73.935029, 40.829452], [-73.934909, 40.828722], [-73.934899, 40.828612], [-73.934839, 40.828132], [-73.934829, 40.828022], [-73.934829, 40.827972], [-73.934789, 40.827722], [-73.934709, 40.827142], [-73.934629, 40.826462], [-73.934539, 40.825322], [-73.934519, 40.824992], [-73.934539, 40.824342], [-73.934539, 40.823862], [-73.934529, 40.823622], [-73.934459, 40.822872], [-73.934429, 40.822382], [-73.934439, 40.822012], [-73.934489, 40.821372], [-73.934499, 40.820942], [-73.934469, 40.820232], [-73.934429, 40.819662], [-73.934409, 40.819312], [-73.934399, 40.819052], [-73.934369, 40.818942], [-73.934319, 40.818712], [-73.934219, 40.818282], [-73.934139, 40.817822], [-73.934109, 40.817542], [-73.934129, 40.817152], [-73.934159, 40.816872], [-73.934249, 40.815892], [-73.934369, 40.814932], [-73.934389, 40.814752], [-73.934399, 40.814632], [-73.934439, 40.814202], [-73.934449, 40.814132], [-73.934459, 40.814012], [-73.934549, 40.813002], [-73.934599, 40.812492], [-73.934609, 40.812432], [-73.934669, 40.812052], [-73.934789, 40.811542], [-73.934879, 40.811272], [-73.934969, 40.810892], [-73.935029, 40.810742], [-73.935099, 40.810602], [-73.935179, 40.810492], [-73.935269, 40.810402], [-73.935389, 40.810242], [-73.935929, 40.809542], [-73.936389, 40.808892], [-73.936859, 40.808262], [-73.936909, 40.808182], [-73.937299, 40.807642], [-73.937759, 40.807012], [-73.938209, 40.806402], [-73.938669, 40.805772], [-73.939159, 40.805102], [-73.939388, 40.804779], [-73.939388, 40.804779], [-73.939549, 40.804552], [-73.939649, 40.804422], [-73.939729, 40.804312], [-73.940109, 40.803802], [-73.940569, 40.803172], [-73.941029, 40.802542], [-73.941479, 40.801912], [-73.941359, 40.801852], [-73.941249, 40.801812], [-73.939739, 40.801182], [-73.940209, 40.800552], [-73.940659, 40.799922], [-73.941129, 40.799292], [-73.941619, 40.798612], [-73.941974, 40.798129], [-73.941974, 40.798129], [-73.942119, 40.797932], [-73.942199, 40.797822], [-73.942459, 40.797472], [-73.942659, 40.797222], [-73.942839, 40.796962], [-73.943159, 40.796532], [-73.943479, 40.796062], [-73.943949, 40.795422], [-73.944409, 40.794802], [-73.944859, 40.794172], [-73.945319, 40.793542], [-73.945789, 40.792912], [-73.946279, 40.792242], [-73.946543, 40.791874], [-73.946543, 40.791874], [-73.946769, 40.791562], [-73.947159, 40.791032], [-73.947229, 40.790932], [-73.947689, 40.790302], [-73.948149, 40.789672], [-73.948599, 40.789052], [-73.949059, 40.788422], [-73.949519, 40.787792], [-73.949979, 40.787162], [-73.950429, 40.786532], [-73.950929, 40.785862], [-73.950979, 40.785792], [-73.951192, 40.785496], [-73.951192, 40.785496], [-73.951419, 40.785182], [-73.951889, 40.784552], [-73.952339, 40.783932], [-73.952799, 40.783302], [-73.953259, 40.782672], [-73.953719, 40.782052], [-73.954179, 40.781422], [-73.954259, 40.781322], [-73.954629, 40.780792], [-73.955089, 40.780162], [-73.955579, 40.779492], [-73.95572, 40.779293], [-73.95572, 40.779293], [-73.955799, 40.779182], [-73.956079, 40.778802], [-73.956549, 40.778172], [-73.957009, 40.777542], [-73.957469, 40.776902], [-73.957939, 40.776272], [-73.958399, 40.775632], [-73.958899, 40.774952], [-73.958978, 40.774844], [-73.958978, 40.774844], [-73.959119, 40.774652], [-73.959389, 40.774272], [-73.959859, 40.773632], [-73.960319, 40.773002], [-73.960779, 40.772362], [-73.961249, 40.771732], [-73.961709, 40.771102], [-73.962209, 40.770412], [-73.962295, 40.770292], [-73.962295, 40.770292], [-73.962699, 40.769732], [-73.963159, 40.769102], [-73.963619, 40.768482], [-73.964079, 40.767852], [-73.964109, 40.767802], [-73.964178, 40.767709]]}}, {"type": "Feature", "properties": {"route_id": "Q12", "tier": "secondary", "high_need_count": 1}, "geometry": {"type": "LineString", "coordinates": [[-73.734816, 40.771454], [-73.734899, 40.771362], [-73.735149, 40.771072], [-73.735509, 40.770642], [-73.735702, 40.770405], [-73.735702, 40.770405], [-73.735949, 40.770102], [-73.736299, 40.769672], [-73.736489, 40.769442], [-73.736639, 40.769252], [-73.736929, 40.768922], [-73.737069, 40.768792], [-73.737519, 40.768402], [-73.737807, 40.768158], [-73.737807, 40.768158], [-73.738169, 40.767852], [-73.738739, 40.767352], [-73.739109, 40.767052], [-73.739269, 40.766912], [-73.739549, 40.766652], [-73.739749, 40.766502], [-73.740069, 40.766252], [-73.740559, 40.765952], [-73.741009, 40.765772], [-73.741259, 40.765682], [-73.741739, 40.765572], [-73.742129, 40.765522], [-73.742239, 40.765512], [-73.743049, 40.765452], [-73.743819, 40.765412], [-73.744185, 40.765374], [-73.744185, 40.765374], [-73.744309, 40.765362], [-73.744719, 40.765272], [-73.745229, 40.765092], [-73.745839, 40.764872], [-73.746519, 40.764632], [-73.746836, 40.76454], [-73.746836, 40.76454], [-73.747039, 40.764482], [-73.747249, 40.764422], [-73.747759, 40.764292], [-73.748109, 40.764212], [-73.748419, 40.764142], [-73.748819, 40.764042], [-73.749069, 40.763992], [-73.749379, 40.763922], [-73.749959, 40.763792], [-73.750569, 40.763652], [-73.751699, 40.763402], [-73.752009, 40.763342], [-73.752959, 40.763142], [-73.753049, 40.763122], [-73.753156, 40.7631], [-73.753156, 40.7631], [-73.753199, 40.763092], [-73.754009, 40.762902], [-73.754239, 40.762852], [-73.754479, 40.762802], [-73.754739, 40.762742], [-73.755089, 40.762672], [-73.755209, 40.762642], [-73.755819, 40.762502], [-73.756029, 40.762452], [-73.756669, 40.762322], [-73.756889, 40.762272], [-73.757029, 40.762242], [-73.757239, 40.762212], [-73.757509, 40.762162], [-73.757799, 40.762112], [-73.758109, 40.762052], [-73.758479, 40.761992], [-73.75888, 40.761922], [-73.75888, 40.761922], [-73.759399, 40.761832], [-73.760309, 40.761682], [-73.760859, 40.761592], [-73.761089, 40.761552], [-73.761749, 40.761442], [-73.762029, 40.761402], [-73.762939, 40.761272], [-73.763363, 40.761203], [-73.763363, 40.761203], [-73.763859, 40.761122], [-73.764779, 40.760972], [-73.765689, 40.760822], [-73.766599, 40.760662], [-73.767529, 40.760502], [-73.767949, 40.760442], [-73.768459, 40.760372], [-73.76923, 40.760287], [-73.76923, 40.760287], [-73.769369, 40.760272], [-73.769909, 40.760172], [-73.770289, 40.760102], [-73.771169, 40.759882], [-73.771829, 40.759702], [-73.772039, 40.759652], [-73.772919, 40.759412], [-73.773059, 40.759372], [-73.773779, 40.759172], [-73.774089, 40.759092], [-73.774202, 40.759062], [-73.774202, 40.759062], [-73.774239, 40.759052], [-73.774709, 40.758942], [-73.775579, 40.758682], [-73.775969, 40.758582], [-73.776469, 40.758462], [-73.777009, 40.758332], [-73.777199, 40.758292], [-73.777399, 40.758242], [-73.777649, 40.758172], [-73.778269, 40.757982], [-73.778639, 40.757882], [-73.779159, 40.757742], [-73.779359, 40.757692], [-73.779599, 40.757652], [-73.779724, 40.757639], [-73.779724, 40.757639], [-73.780089, 40.757602], [-73.780569, 40.757562], [-73.781059, 40.757562], [-73.781339, 40.757572], [-73.781979, 40.757612], [-73.782259, 40.757642], [-73.782709, 40.757682], [-73.783239, 40.757732], [-73.783363, 40.757747], [-73.783363, 40.757747], [-73.783399, 40.757752], [-73.783539, 40.757762], [-73.784689, 40.757872], [-73.785659, 40.757962], [-73.786029, 40.757972], [-73.786599, 40.757942], [-73.786699, 40.757942], [-73.787539, 40.757892], [-73.787599, 40.757892], [-73.78801, 40.757878], [-73.78801, 40.757878], [-73.788509, 40.757862], [-73.789409, 40.757842], [-73.790319, 40.757812], [-73.791219, 40.757782], [-73.792019, 40.757762], [-73.792129, 40.757762], [-73.792559, 40.757762], [-73.792562, 40.757762], [-73.792562, 40.757762], [-73.793019, 40.757752], [-73.793519, 40.757742], [-73.794039, 40.757732], [-73.794509, 40.757732], [-73.794919, 40.757782], [-73.795799, 40.758082], [-73.796259, 40.758252], [-73.796709, 40.758412], [-73.797599, 40.758732], [-73.798026, 40.758893], [-73.798026, 40.758893], [-73.798499, 40.759072], [-73.799399, 40.759392], [-73.800299, 40.759712], [-73.800669, 40.759882], [-73.800919, 40.760012], [-73.801179, 40.760162], [-73.801499, 40.760412], [-73.802029, 40.760822], [-73.802805, 40.761382], [-73.802805, 40.761382], [-73.802889, 40.761442], [-73.803149, 40.761672], [-73.803269, 40.761782], [-73.803339, 40.761842], [-73.803389, 40.761882], [-73.803429, 40.761922], [-73.803579, 40.762052], [-73.803719, 40.762192], [-73.804019, 40.762392], [-73.804159, 40.762442], [-73.804239, 40.762472], [-73.804559, 40.762582], [-73.804629, 40.762602], [-73.805099, 40.762762], [-73.805529, 40.762902], [-73.806429, 40.763212], [-73.806885, 40.763362], [-73.806885, 40.763362], [-73.807339, 40.763512], [-73.807399, 40.763532], [-73.808179, 40.763792], [-73.808219, 40.763802], [-73.808659, 40.763942], [-73.809139, 40.764102], [-73.809549, 40.764222], [-73.810049, 40.764372], [-73.810089, 40.764382], [-73.810859, 40.764642], [-73.810999, 40.764682], [-73.811472, 40.76477], [-73.811472, 40.76477], [-73.811699, 40.764812], [-73.811959, 40.764862], [-73.812479, 40.764962], [-73.812929, 40.765052], [-73.813249, 40.765102], [-73.814159, 40.765172], [-73.814749, 40.765222], [-73.81502, 40.765248], [-73.81502, 40.765248], [-73.815159, 40.765262], [-73.815639, 40.765282], [-73.816169, 40.765312], [-73.816529, 40.765332], [-73.817359, 40.765352], [-73.817399, 40.765352], [-73.817549, 40.765342], [-73.817889, 40.765322], [-73.818019, 40.765302], [-73.818489, 40.765252], [-73.819439, 40.765142], [-73.819667, 40.765114], [-73.819667, 40.765114], [-73.820669, 40.764992], [-73.822109, 40.764812], [-73.822889, 40.764732], [-73.823489, 40.764662], [-73.824139, 40.764575], [-73.824139, 40.764575], [-73.824239, 40.764562], [-73.825069, 40.764462], [-73.825939, 40.764352], [-73.826199, 40.764312], [-73.828129, 40.764032], [-73.828219, 40.764012], [-73.828349, 40.763982], [-73.828739, 40.763882], [-73.829859, 40.763622], [-73.830219, 40.763532], [-73.830429, 40.763482], [-73.831199, 40.763292], [-73.831289, 40.763272], [-73.832039, 40.763112], [-73.831909, 40.762832], [-73.831799, 40.762672], [-73.831259, 40.761792], [-73.831129, 40.761542], [-73.830799, 40.760916]]}}, {"type": "Feature", "properties": {"route_id": "Q13", "tier": "secondary", "high_need_count": 1}, "geometry": {"type": "LineString", "coordinates": [[-73.781009, 40.791389], [-73.781139, 40.791292], [-73.781339, 40.791102], [-73.781409, 40.791042], [-73.781479, 40.790972], [-73.781749, 40.790472], [-73.781879, 40.790042], [-73.781989, 40.789742], [-73.782069, 40.789472], [-73.782109, 40.789372], [-73.782249, 40.789052], [-73.782369, 40.788752], [-73.782159, 40.788682], [-73.781959, 40.788592], [-73.781699, 40.788472], [-73.781359, 40.788302], [-73.781039, 40.788141], [-73.781039, 40.788141], [-73.780979, 40.788112], [-73.780679, 40.787952], [-73.780449, 40.787772], [-73.780069, 40.787312], [-73.779989, 40.787222], [-73.779709, 40.786872], [-73.778669, 40.785442], [-73.778494, 40.7852], [-73.778494, 40.7852], [-73.777299, 40.783552], [-73.777219, 40.783442], [-73.777169, 40.783392], [-73.777119, 40.783322], [-73.776749, 40.782792], [-73.776519, 40.782442], [-73.776305, 40.782143], [-73.776305, 40.782143], [-73.776169, 40.781952], [-73.775879, 40.781532], [-73.775859, 40.781502], [-73.775469, 40.780932], [-73.775339, 40.780642], [-73.775299, 40.780482], [-73.775289, 40.780322], [-73.775299, 40.780162], [-73.775339, 40.779992], [-73.7754, 40.779824], [-73.7754, 40.779824], [-73.775579, 40.779332], [-73.775729, 40.778972], [-73.775869, 40.778612], [-73.775719, 40.777892], [-73.775557, 40.777109], [-73.775557, 40.777109], [-73.775539, 40.777022], [-73.775189, 40.775312], [-73.774848, 40.773749], [-73.774848, 40.773749], [-73.774829, 40.773662], [-73.774479, 40.772092], [-73.77441, 40.771773], [-73.77441, 40.771773], [-73.774249, 40.771022], [-73.774189, 40.770762], [-73.774119, 40.770452], [-73.773949, 40.769682], [-73.773809, 40.769022], [-73.773799, 40.768982], [-73.773679, 40.768712], [-73.773638, 40.768634], [-73.773638, 40.768634], [-73.773309, 40.768012], [-73.773279, 40.767952], [-73.772579, 40.766632], [-73.772539, 40.766552], [-73.771909, 40.765332], [-73.771733, 40.765004], [-73.771733, 40.765004], [-73.771329, 40.764252], [-73.770959, 40.763582], [-73.770821, 40.763313], [-73.770821, 40.763313], [-73.770769, 40.763212], [-73.770749, 40.763162], [-73.770699, 40.763062], [-73.770539, 40.762732], [-73.770509, 40.762662], [-73.769939, 40.761432], [-73.769679, 40.760872], [-73.769499, 40.760542], [-73.769439, 40.760423], [-73.769439, 40.760423], [-73.769419, 40.760382], [-73.769369, 40.760272], [-73.769909, 40.760172], [-73.770289, 40.760102], [-73.771169, 40.759882], [-73.771829, 40.759702], [-73.772039, 40.759652], [-73.772919, 40.759412], [-73.773059, 40.759372], [-73.773779, 40.759172], [-73.774089, 40.759092], [-73.774202, 40.759062], [-73.774202, 40.759062], [-73.774239, 40.759052], [-73.774709, 40.758942], [-73.775579, 40.758682], [-73.775969, 40.758582], [-73.776469, 40.758462], [-73.777009, 40.758332], [-73.777199, 40.758292], [-73.777399, 40.758242], [-73.777649, 40.758172], [-73.778269, 40.757982], [-73.778639, 40.757882], [-73.779159, 40.757742], [-73.779359, 40.757692], [-73.779599, 40.757652], [-73.779724, 40.757639], [-73.779724, 40.757639], [-73.780089, 40.757602], [-73.780569, 40.757562], [-73.781059, 40.757562], [-73.781339, 40.757572], [-73.781979, 40.757612], [-73.782259, 40.757642], [-73.782709, 40.757682], [-73.783239, 40.757732], [-73.783363, 40.757747], [-73.783363, 40.757747], [-73.783399, 40.757752], [-73.783539, 40.757762], [-73.784689, 40.757872], [-73.785659, 40.757962], [-73.786029, 40.757972], [-73.786599, 40.757942], [-73.786699, 40.757942], [-73.787539, 40.757892], [-73.787599, 40.757892], [-73.788509, 40.757862], [-73.789409, 40.757842], [-73.790319, 40.757812], [-73.791219, 40.757782], [-73.792019, 40.757762], [-73.792129, 40.757762], [-73.792559, 40.757762], [-73.792562, 40.757762], [-73.792562, 40.757762], [-73.793019, 40.757752], [-73.793519, 40.757742], [-73.794039, 40.757732], [-73.794509, 40.757732], [-73.794919, 40.757782], [-73.795799, 40.758082], [-73.796259, 40.758252], [-73.796709, 40.758412], [-73.797599, 40.758732], [-73.798499, 40.759072], [-73.799399, 40.759392], [-73.800299, 40.759712], [-73.800669, 40.759882], [-73.800919, 40.760012], [-73.801039, 40.759942], [-73.801239, 40.759842], [-73.801349, 40.759862], [-73.802149, 40.759982], [-73.803069, 40.760112], [-73.803999, 40.760262], [-73.804422, 40.76034], [-73.804422, 40.76034], [-73.804919, 40.760432], [-73.805839, 40.760602], [-73.806759, 40.760782], [-73.807679, 40.760952], [-73.808599, 40.761122], [-73.809509, 40.761302], [-73.809599, 40.761312], [-73.810449, 40.761372], [-73.810669, 40.761382], [-73.811029, 40.761412], [-73.811379, 40.761332], [-73.811949, 40.761202], [-73.812176, 40.761147], [-73.812176, 40.761147], [-73.812199, 40.761142], [-73.812259, 40.761122], [-73.813129, 40.760892], [-73.813999, 40.760652], [-73.815089, 40.760362], [-73.817289, 40.759772], [-73.817409, 40.759742], [-73.820689, 40.758852], [-73.820759, 40.758832], [-73.821176, 40.758722], [-73.821176, 40.758722], [-73.822279, 40.758432], [-73.823149, 40.758192], [-73.823519, 40.758942], [-73.823559, 40.759032], [-73.823929, 40.759892], [-73.824149, 40.760372], [-73.824419, 40.760982], [-73.826539, 40.760462], [-73.827899, 40.760122], [-73.82859, 40.759951], [-73.82859, 40.759951], [-73.829479, 40.759732], [-73.830139, 40.759562], [-73.830429, 40.760172], [-73.830479, 40.760272], [-73.832349, 40.759672], [-73.831909, 40.758932], [-73.831709, 40.759012], [-73.830139, 40.759562], [-73.829479, 40.759732], [-73.829197, 40.759801]]}}, {"type": "Feature", "properties": {"route_id": "Q14", "tier": "secondary", "high_need_count": 1}, "geometry": {"type": "LineString", "coordinates": [[-73.86712, 40.761216], [-73.867219, 40.761202], [-73.866909, 40.759382], [-73.866569, 40.757532], [-73.8665, 40.75715], [-73.8665, 40.75715], [-73.866239, 40.755702], [-73.866019, 40.754542], [-73.865972, 40.754236], [-73.865972, 40.754236], [-73.865959, 40.754152], [-73.865559, 40.753322], [-73.865379, 40.753002], [-73.864439, 40.753252], [-73.863682, 40.753454], [-73.863682, 40.753454], [-73.863579, 40.753482], [-73.863539, 40.753442], [-73.863179, 40.752762], [-73.862919, 40.752232], [-73.862509, 40.751442], [-73.862239, 40.750912], [-73.862169, 40.750772], [-73.862109, 40.750652], [-73.861749, 40.749982], [-73.861669, 40.749802], [-73.861587, 40.749648], [-73.861587, 40.749648], [-73.861399, 40.749292], [-73.861319, 40.749142], [-73.860989, 40.748472], [-73.860889, 40.748282], [-73.860639, 40.747812], [-73.86274, 40.747187], [-73.86274, 40.747187], [-73.862859, 40.747152], [-73.863699, 40.746902], [-73.864069, 40.746062], [-73.864109, 40.745982], [-73.864209, 40.745772], [-73.864409, 40.745292], [-73.864419, 40.745222], [-73.864369, 40.745072], [-73.864259, 40.745122], [-73.864149, 40.745112], [-73.863915, 40.745004], [-73.863915, 40.745004], [-73.863649, 40.744882], [-73.863429, 40.744782], [-73.863129, 40.744242], [-73.862769, 40.743592], [-73.862679, 40.743452], [-73.862609, 40.743282], [-73.862409, 40.742882], [-73.862389, 40.742832], [-73.862009, 40.741982], [-73.861839, 40.741582], [-73.861681, 40.741283], [-73.861681, 40.741283], [-73.861559, 40.741052], [-73.861209, 40.740442], [-73.860769, 40.739612], [-73.860568, 40.739274], [-73.860568, 40.739274], [-73.860449, 40.739072], [-73.860069, 40.738362], [-73.861429, 40.737942], [-73.862299, 40.737672], [-73.862684, 40.737557], [-73.862684, 40.737557], [-73.863169, 40.737412], [-73.864049, 40.737152], [-73.864929, 40.736892], [-73.865699, 40.736642], [-73.865819, 40.736632], [-73.865949, 40.736612], [-73.866275, 40.736516], [-73.866275, 40.736516], [-73.867549, 40.736142], [-73.869699, 40.735502], [-73.870185, 40.735357], [-73.870185, 40.735357], [-73.870339, 40.735312], [-73.872269, 40.734732], [-73.873099, 40.734482], [-73.873309, 40.734422], [-73.873559, 40.734342], [-73.873839, 40.734262], [-73.873999, 40.734162], [-73.873889, 40.734062], [-73.873459, 40.733592], [-73.873299, 40.733502], [-73.873049, 40.733402], [-73.872829, 40.733322], [-73.872629, 40.733292], [-73.871919, 40.733232], [-73.871104, 40.733195], [-73.871104, 40.733195], [-73.871019, 40.733192], [-73.870659, 40.733152], [-73.870849, 40.732802], [-73.870999, 40.732532], [-73.871249, 40.732082], [-73.871379, 40.731852], [-73.871459, 40.731682], [-73.871529, 40.731522], [-73.871569, 40.731422], [-73.871649, 40.731132], [-73.871679, 40.730872], [-73.871679, 40.730432], [-73.871649, 40.730052], [-73.871619, 40.729822], [-73.871579, 40.729592], [-73.871539, 40.729402], [-73.871519, 40.729332], [-73.871619, 40.729102], [-73.872099, 40.728742], [-73.873155, 40.727964], [-73.873155, 40.727964], [-73.873239, 40.727902], [-73.873569, 40.727652], [-73.873819, 40.727492], [-73.874099, 40.727342], [-73.874709, 40.727082], [-73.874939, 40.726972], [-73.875423, 40.726751], [-73.875423, 40.726751], [-73.875509, 40.726712], [-73.876289, 40.726362], [-73.877569, 40.725762], [-73.877949, 40.725582], [-73.878379, 40.725392], [-73.879062, 40.725071], [-73.879062, 40.725071], [-73.879209, 40.725002], [-73.880029, 40.724622], [-73.880839, 40.724252], [-73.881639, 40.723872], [-73.882335, 40.723546], [-73.882335, 40.723546], [-73.882429, 40.723502], [-73.883249, 40.723132], [-73.883679, 40.722932], [-73.884049, 40.722762], [-73.884539, 40.722522], [-73.884939, 40.722342], [-73.885525, 40.722065], [-73.885525, 40.722065], [-73.885639, 40.722012], [-73.885749, 40.721962], [-73.886049, 40.721832], [-73.886449, 40.721642], [-73.887139, 40.721322], [-73.887239, 40.721282], [-73.887979, 40.720932], [-73.888049, 40.720902], [-73.888109, 40.720872], [-73.888839, 40.720532], [-73.889669, 40.720152], [-73.890679, 40.719682], [-73.891159, 40.719452], [-73.891279, 40.719392], [-73.891531, 40.71927], [-73.891531, 40.71927], [-73.891569, 40.719252], [-73.892139, 40.718982], [-73.892519, 40.718802], [-73.893559, 40.718302], [-73.89367, 40.718246], [-73.89367, 40.718246], [-73.893759, 40.718202], [-73.893909, 40.718122], [-73.894219, 40.717932], [-73.895479, 40.717312], [-73.895659, 40.717222], [-73.895909, 40.717102], [-73.896479, 40.716832], [-73.896759, 40.716722], [-73.897269, 40.716482], [-73.897389, 40.716412], [-73.897489, 40.716362], [-73.897819, 40.716222], [-73.898589, 40.715832], [-73.898627, 40.715814], [-73.898627, 40.715814], [-73.899269, 40.715512], [-73.899899, 40.715232], [-73.901159, 40.714622], [-73.901308, 40.714551], [-73.901308, 40.714551], [-73.902039, 40.714202], [-73.902259, 40.714102], [-73.902439, 40.714012], [-73.902889, 40.713892], [-73.903799, 40.713342], [-73.904509, 40.713002], [-73.904809, 40.712852], [-73.904879, 40.712852], [-73.905379, 40.712852], [-73.905669, 40.712862], [-73.906069, 40.712882], [-73.905959, 40.712642], [-73.905848, 40.712404], [-73.905848, 40.712404], [-73.905829, 40.712362], [-73.905589, 40.711842], [-73.905409, 40.711462], [-73.905119, 40.710842], [-73.905089, 40.710782], [-73.90497, 40.710502], [-73.90497, 40.710502], [-73.904749, 40.709982], [-73.904359, 40.709142], [-73.904109, 40.708632], [-73.904009, 40.708452], [-73.903713, 40.707959], [-73.903713, 40.707959], [-73.903679, 40.707902], [-73.903619, 40.707792], [-73.903389, 40.707382], [-73.903229, 40.707132], [-73.902839, 40.706482], [-73.902799, 40.706412], [-73.902779, 40.706382], [-73.902449, 40.705832], [-73.902399, 40.705762], [-73.902369, 40.705692], [-73.902219, 40.705402], [-73.902119, 40.705142], [-73.901989, 40.704822], [-73.902203, 40.704671]]}}, {"type": "Feature", "properties": {"route_id": "Q15", "tier": "secondary", "high_need_count": 1}, "geometry": {"type": "LineString", "coordinates": [[-73.797496, 40.793845], [-73.797479, 40.793962], [-73.7995, 40.794124], [-73.7995, 40.794124], [-73.799589, 40.794132], [-73.800339, 40.794202], [-73.801399, 40.794282], [-73.802329, 40.794362], [-73.802727, 40.794392], [-73.802727, 40.794392], [-73.803249, 40.794432], [-73.804129, 40.794502], [-73.806399, 40.794682], [-73.806819, 40.794702], [-73.806869, 40.794702], [-73.806899, 40.794642], [-73.806928, 40.794405], [-73.806928, 40.794405], [-73.806959, 40.794152], [-73.807029, 40.793712], [-73.807099, 40.793302], [-73.807359, 40.793312], [-73.808759, 40.793422], [-73.810309, 40.793542], [-73.810389, 40.793552], [-73.810421, 40.793544], [-73.810421, 40.793544], [-73.811569, 40.793282], [-73.812969, 40.792952], [-73.813061, 40.79293], [-73.813061, 40.79293], [-73.815249, 40.792422], [-73.814859, 40.791472], [-73.814742, 40.791184], [-73.814742, 40.791184], [-73.814559, 40.790732], [-73.814179, 40.789782], [-73.814109, 40.789602], [-73.813809, 40.788832], [-73.813683, 40.788508], [-73.813683, 40.788508], [-73.813479, 40.787982], [-73.813419, 40.787832], [-73.813309, 40.787492], [-73.813319, 40.787402], [-73.813349, 40.787252], [-73.813369, 40.787152], [-73.813399, 40.786982], [-73.813439, 40.786722], [-73.81345, 40.786656], [-73.81345, 40.786656], [-73.813479, 40.786482], [-73.813519, 40.786252], [-73.813549, 40.786072], [-73.813629, 40.785532], [-73.813639, 40.785422], [-73.813709, 40.784832], [-73.813809, 40.784122], [-73.813909, 40.783412], [-73.813947, 40.783107], [-73.813947, 40.783107], [-73.813999, 40.782702], [-73.814099, 40.781992], [-73.814189, 40.781282], [-73.814299, 40.780572], [-73.814337, 40.780267], [-73.814337, 40.780267], [-73.814389, 40.779862], [-73.814529, 40.778882], [-73.814659, 40.777892], [-73.814747, 40.777275], [-73.814747, 40.777275], [-73.814759, 40.777192], [-73.814789, 40.776972], [-73.814859, 40.776482], [-73.814879, 40.776342], [-73.814939, 40.775852], [-73.815009, 40.775322], [-73.815049, 40.775052], [-73.815149, 40.774342], [-73.815319, 40.773642], [-73.81539, 40.773345], [-73.81539, 40.773345], [-73.815489, 40.772932], [-73.815669, 40.772232], [-73.815859, 40.771502], [-73.815859, 40.771382], [-73.815836, 40.771182], [-73.815836, 40.771182], [-73.815729, 40.770242], [-73.815589, 40.768952], [-73.815419, 40.767502], [-73.815387, 40.767234], [-73.815387, 40.767234], [-73.815289, 40.766392], [-73.815169, 40.765372], [-73.815159, 40.765262], [-73.815016, 40.764941], [-73.815016, 40.764941], [-73.814959, 40.764812], [-73.814439, 40.763682], [-73.814149, 40.763072], [-73.813999, 40.762762], [-73.813979, 40.762712], [-73.813919, 40.762582], [-73.814301, 40.762481], [-73.814301, 40.762481], [-73.814789, 40.762352], [-73.815879, 40.762052], [-73.817459, 40.761622], [-73.818079, 40.761462], [-73.818469, 40.761356], [-73.818469, 40.761356], [-73.821559, 40.760522], [-73.821974, 40.760412], [-73.821974, 40.760412], [-73.823929, 40.759892], [-73.824149, 40.760372], [-73.824419, 40.760982], [-73.824907, 40.760862], [-73.824907, 40.760862], [-73.826539, 40.760462], [-73.827899, 40.760122], [-73.828588, 40.759952], [-73.828588, 40.759952], [-73.829479, 40.759732], [-73.830139, 40.759562], [-73.830429, 40.760172], [-73.830479, 40.760272], [-73.832349, 40.759672], [-73.831909, 40.758932], [-73.831709, 40.759012], [-73.830139, 40.759562], [-73.829479, 40.759732], [-73.829197, 40.759801]]}}, {"type": "Feature", "properties": {"route_id": "Q16", "tier": "secondary", "high_need_count": 1}, "geometry": {"type": "LineString", "coordinates": [[-73.827507, 40.760923], [-73.826869, 40.761082], [-73.827129, 40.761642], [-73.827519, 40.762422], [-73.828219, 40.763842], [-73.828129, 40.764032], [-73.827886, 40.765256], [-73.827886, 40.765256], [-73.827869, 40.765342], [-73.827689, 40.766092], [-73.827539, 40.766452], [-73.827359, 40.766842], [-73.827059, 40.767522], [-73.826886, 40.767883], [-73.826886, 40.767883], [-73.826839, 40.767982], [-73.826809, 40.768142], [-73.826779, 40.768292], [-73.826739, 40.768572], [-73.826679, 40.768952], [-73.826579, 40.769962], [-73.826576, 40.770006], [-73.826576, 40.770006], [-73.826569, 40.770122], [-73.826469, 40.770142], [-73.826049, 40.770202], [-73.825909, 40.770222], [-73.825589, 40.770262], [-73.824709, 40.770382], [-73.823639, 40.770542], [-73.823259, 40.770602], [-73.821899, 40.770812], [-73.821467, 40.770877], [-73.821467, 40.770877], [-73.820369, 40.771042], [-73.819439, 40.771172], [-73.818729, 40.771272], [-73.818339, 40.771322], [-73.817937, 40.771379], [-73.817937, 40.771379], [-73.817849, 40.771392], [-73.817289, 40.771472], [-73.817009, 40.771472], [-73.816709, 40.771482], [-73.816419, 40.771492], [-73.816039, 40.771502], [-73.815859, 40.771502], [-73.815454, 40.771514], [-73.815454, 40.771514], [-73.814869, 40.771532], [-73.814059, 40.771542], [-73.813249, 40.771572], [-73.811979, 40.771592], [-73.811606, 40.771592], [-73.811606, 40.771592], [-73.811039, 40.771592], [-73.810059, 40.771592], [-73.809629, 40.771582], [-73.809069, 40.771582], [-73.808139, 40.771452], [-73.807209, 40.771312], [-73.8064, 40.771206], [-73.8064, 40.771206], [-73.806289, 40.771192], [-73.805349, 40.771102], [-73.804849, 40.771052], [-73.804409, 40.771082], [-73.803459, 40.771212], [-73.802879, 40.771222], [-73.802489, 40.771232], [-73.802129, 40.771188], [-73.802129, 40.771188], [-73.801579, 40.771122], [-73.800639, 40.771042], [-73.799699, 40.770972], [-73.798769, 40.770902], [-73.797955, 40.770832], [-73.797955, 40.770832], [-73.797839, 40.770822], [-73.796899, 40.770752], [-73.795969, 40.770682], [-73.795039, 40.770602], [-73.794099, 40.770532], [-73.794029, 40.770532], [-73.793387, 40.770477], [-73.793387, 40.770477], [-73.793329, 40.770472], [-73.793159, 40.770452], [-73.793779, 40.771172], [-73.794099, 40.771522], [-73.794639, 40.772152], [-73.794869, 40.772412], [-73.795029, 40.772592], [-73.795069, 40.772627], [-73.795069, 40.772627], [-73.795179, 40.772722], [-73.795219, 40.772872], [-73.795209, 40.772952], [-73.795159, 40.773022], [-73.795069, 40.773092], [-73.794899, 40.773152], [-73.793889, 40.773302], [-73.793649, 40.773362], [-73.793329, 40.773492], [-73.792709, 40.773792], [-73.792679, 40.773882], [-73.792709, 40.774072], [-73.792719, 40.774122], [-73.792751, 40.774287], [-73.792751, 40.774287], [-73.792829, 40.774692], [-73.792989, 40.775432], [-73.793129, 40.776192], [-73.793289, 40.777022], [-73.793347, 40.777328], [-73.793347, 40.777328], [-73.793439, 40.777812], [-73.793609, 40.778732], [-73.793799, 40.779652], [-73.793959, 40.780422], [-73.793969, 40.780462], [-73.794031, 40.780772], [-73.794031, 40.780772], [-73.794119, 40.781212], [-73.794209, 40.781722], [-73.794319, 40.782252], [-73.794389, 40.782592], [-73.794529, 40.783362], [-73.794647, 40.783947], [-73.794647, 40.783947], [-73.794669, 40.784052], [-73.794829, 40.784842], [-73.794969, 40.785482], [-73.795029, 40.785732], [-73.795049, 40.785773], [-73.795049, 40.785773], [-73.795089, 40.785852], [-73.794819, 40.785912], [-73.794569, 40.785972], [-73.794119, 40.786102], [-73.793589, 40.786282], [-73.793249, 40.786442], [-73.792859, 40.786722], [-73.792469, 40.786922], [-73.791869, 40.787182], [-73.791556, 40.787321], [-73.791556, 40.787321], [-73.791419, 40.787382], [-73.790489, 40.787812], [-73.790289, 40.787902], [-73.790179, 40.787952], [-73.790039, 40.788022], [-73.789169, 40.788402], [-73.788739, 40.788582], [-73.788449, 40.788682], [-73.788129, 40.788762], [-73.78783, 40.78881], [-73.78783, 40.78881], [-73.787699, 40.788832], [-73.786999, 40.788892], [-73.786329, 40.788902], [-73.785919, 40.788882], [-73.785379, 40.788842], [-73.785029, 40.788812], [-73.784659, 40.788792], [-73.784419, 40.788812], [-73.784299, 40.788822], [-73.783969, 40.788852], [-73.783849, 40.788862], [-73.783539, 40.788882], [-73.783329, 40.788882], [-73.783114, 40.788867], [-73.783114, 40.788867], [-73.783029, 40.788862], [-73.782979, 40.788852], [-73.782749, 40.788822], [-73.782369, 40.788752], [-73.782249, 40.789052], [-73.782109, 40.789372], [-73.782069, 40.789472], [-73.781989, 40.789742], [-73.781879, 40.790042], [-73.781749, 40.790472], [-73.781479, 40.790972], [-73.781409, 40.791042], [-73.781339, 40.791102], [-73.781139, 40.791292], [-73.781005, 40.791392]]}}, {"type": "Feature", "properties": {"route_id": "Q17", "tier": "secondary", "high_need_count": 2}, "geometry": {"type": "LineString", "coordinates": [[-73.792865, 40.739934], [-73.792879, 40.739772], [-73.792899, 40.739452], [-73.793775, 40.739199], [-73.793775, 40.739199], [-73.793939, 40.739152], [-73.794619, 40.738972], [-73.795239, 40.738832], [-73.795499, 40.738772], [-73.796419, 40.738592], [-73.796489, 40.738582], [-73.796779, 40.738522], [-73.796824, 40.738517], [-73.796824, 40.738517], [-73.797179, 40.738482], [-73.797319, 40.738472], [-73.797889, 40.738452], [-73.798229, 40.738442], [-73.799059, 40.738452], [-73.799479, 40.738472], [-73.799789, 40.738492], [-73.800009, 40.738512], [-73.800889, 40.738542], [-73.801291, 40.738551], [-73.801291, 40.738551], [-73.801799, 40.738562], [-73.802759, 40.738602], [-73.803739, 40.738652], [-73.804471, 40.738692], [-73.804471, 40.738692], [-73.804649, 40.738702], [-73.805629, 40.738762], [-73.806579, 40.738792], [-73.806959, 40.738812], [-73.807229, 40.738822], [-73.807509, 40.738812], [-73.808059, 40.738782], [-73.808439, 40.738802], [-73.808814, 40.738814], [-73.808814, 40.738814], [-73.809389, 40.738832], [-73.810359, 40.738862], [-73.811329, 40.738902], [-73.812269, 40.738942], [-73.81268, 40.738959], [-73.81268, 40.738959], [-73.813209, 40.738982], [-73.813609, 40.739012], [-73.814139, 40.739062], [-73.814629, 40.739132], [-73.815099, 40.739202], [-73.815099, 40.739252], [-73.815108, 40.739496], [-73.815108, 40.739496], [-73.815109, 40.739522], [-73.815139, 40.739912], [-73.815119, 40.740142], [-73.815019, 40.740652], [-73.814989, 40.740772], [-73.814959, 40.740892], [-73.814809, 40.741362], [-73.814779, 40.741482], [-73.814589, 40.742062], [-73.814549, 40.742192], [-73.814448, 40.742516], [-73.814448, 40.742516], [-73.814309, 40.742962], [-73.813949, 40.744012], [-73.813779, 40.744552], [-73.813729, 40.744782], [-73.813679, 40.745312], [-73.813689, 40.745572], [-73.813709, 40.745672], [-73.813759, 40.745752], [-73.814099, 40.746082], [-73.814149, 40.746122], [-73.814433, 40.746373], [-73.814433, 40.746373], [-73.814759, 40.746662], [-73.815379, 40.747212], [-73.815989, 40.747762], [-73.816539, 40.748252], [-73.816817, 40.748497], [-73.816817, 40.748497], [-73.817129, 40.748772], [-73.817679, 40.749282], [-73.817789, 40.749382], [-73.818269, 40.749822], [-73.818379, 40.749922], [-73.818829, 40.750352], [-73.819119, 40.750612], [-73.819355, 40.750832], [-73.819355, 40.750832], [-73.819409, 40.750882], [-73.819989, 40.751422], [-73.820849, 40.752232], [-73.821126, 40.752473], [-73.821126, 40.752473], [-73.821919, 40.753162], [-73.822799, 40.753872], [-73.822879, 40.753932], [-73.823389, 40.754372], [-73.823969, 40.754862], [-73.824217, 40.755073], [-73.824217, 40.755073], [-73.824699, 40.755482], [-73.825149, 40.755832], [-73.825789, 40.756352], [-73.825979, 40.756522], [-73.827089, 40.757132], [-73.82726, 40.757227], [-73.82726, 40.757227], [-73.827969, 40.757622], [-73.829339, 40.758362], [-73.829579, 40.758442], [-73.829629, 40.758532], [-73.829719, 40.758712], [-73.829829, 40.758962], [-73.830139, 40.759562], [-73.830429, 40.760172], [-73.830044, 40.760269]]}}, {"type": "Feature", "properties": {"route_id": "Q20", "tier": "secondary", "high_need_count": 2}, "geometry": {"type": "LineString", "coordinates": [[-73.825358, 40.734074], [-73.825349, 40.733832], [-73.825329, 40.733662], [-73.825309, 40.733562], [-73.825279, 40.733472], [-73.825209, 40.733292], [-73.824889, 40.732632], [-73.824539, 40.731992], [-73.824209, 40.731352], [-73.823879, 40.730692], [-73.823739, 40.730412], [-73.823583, 40.7301], [-73.823583, 40.7301], [-73.823529, 40.729992], [-73.823169, 40.729302], [-73.822829, 40.728642], [-73.822479, 40.727972], [-73.822159, 40.727362], [-73.821979, 40.727012], [-73.821879, 40.726812], [-73.821819, 40.726682], [-73.821665, 40.726386], [-73.821665, 40.726386], [-73.821419, 40.725912], [-73.821129, 40.725332], [-73.820769, 40.724652], [-73.820749, 40.724622], [-73.8205, 40.724101], [-73.8205, 40.724101], [-73.820439, 40.723972], [-73.820049, 40.723202], [-73.819739, 40.722662], [-73.819582, 40.722353], [-73.819582, 40.722353], [-73.819399, 40.721992], [-73.819069, 40.721322], [-73.818719, 40.720662], [-73.818572, 40.720364], [-73.818572, 40.720364], [-73.818389, 40.719992], [-73.818039, 40.719332], [-73.817699, 40.718672], [-73.817429, 40.718132], [-73.817258, 40.71779], [-73.817258, 40.71779], [-73.817209, 40.717692], [-73.817159, 40.717592], [-73.816749, 40.716822], [-73.816619, 40.716532], [-73.816479, 40.716242], [-73.816429, 40.716122], [-73.816349, 40.716022], [-73.816359, 40.715902], [-73.816359, 40.715632], [-73.816359, 40.715602], [-73.816354, 40.715289], [-73.816354, 40.715289], [-73.816349, 40.714932], [-73.816369, 40.714712], [-73.816399, 40.714472], [-73.816459, 40.714212], [-73.816469, 40.714172], [-73.816509, 40.714062], [-73.816619, 40.713752], [-73.816749, 40.713472], [-73.816879, 40.713232], [-73.816937, 40.713137], [-73.816937, 40.713137], [-73.816989, 40.713052], [-73.817129, 40.712852], [-73.817369, 40.712552], [-73.817419, 40.712502], [-73.817609, 40.712312], [-73.817809, 40.712202], [-73.818069, 40.712032], [-73.818279, 40.711852], [-73.818549, 40.711592], [-73.818779, 40.711312], [-73.818928, 40.711068], [-73.818928, 40.711068], [-73.818969, 40.711002], [-73.819039, 40.710892], [-73.819199, 40.710662], [-73.819439, 40.710372], [-73.819859, 40.709902], [-73.819979, 40.709762], [-73.820049, 40.709692], [-73.820089, 40.709652], [-73.820119, 40.709612], [-73.820009, 40.709562], [-73.819429, 40.709262], [-73.819279, 40.709182], [-73.819159, 40.709102], [-73.818769, 40.708792], [-73.818702, 40.708735], [-73.818702, 40.708735], [-73.818399, 40.708472], [-73.818079, 40.708132], [-73.817669, 40.707592], [-73.817259, 40.706992], [-73.816849, 40.706362], [-73.816696, 40.706135], [-73.816696, 40.706135], [-73.815879, 40.704922], [-73.815699, 40.704652], [-73.815439, 40.704272], [-73.815349, 40.704142], [-73.815219, 40.703942], [-73.814439, 40.702782], [-73.814357, 40.702659], [-73.814357, 40.702659], [-73.814279, 40.702542], [-73.813999, 40.702532], [-73.813509, 40.702522], [-73.813169, 40.702502], [-73.812999, 40.702492], [-73.812809, 40.702472], [-73.812039, 40.702362], [-73.811939, 40.702342], [-73.811479, 40.702262], [-73.811419, 40.702252], [-73.811359, 40.702242], [-73.810959, 40.702182], [-73.810949, 40.702181], [-73.810949, 40.702181], [-73.810869, 40.702172], [-73.809959, 40.701992], [-73.809039, 40.701842], [-73.808859, 40.701812], [-73.808649, 40.701792], [-73.808259, 40.701762], [-73.807979, 40.701752], [-73.807879, 40.701162], [-73.807769, 40.700712], [-73.807719, 40.700592], [-73.807449, 40.700622], [-73.807254, 40.700672], [-73.807254, 40.700672], [-73.806759, 40.700802], [-73.806039, 40.700922], [-73.805259, 40.701152], [-73.804169, 40.701472], [-73.803759, 40.701542], [-73.803269, 40.701652], [-73.802577, 40.701815], [-73.802419, 40.701852], [-73.802074, 40.701931], [-73.802074, 40.701931], [-73.801899, 40.701972], [-73.801319, 40.702092], [-73.800649, 40.702272], [-73.799919, 40.702472], [-73.798829, 40.702672], [-73.798829, 40.702672], [-73.798559, 40.702722], [-73.798409, 40.702732], [-73.798269, 40.702742], [-73.797119, 40.703032], [-73.796199, 40.703242], [-73.796089, 40.703292], [-73.795989, 40.703322], [-73.795628, 40.703411], [-73.795628, 40.703411], [-73.794619, 40.703662], [-73.793779, 40.704032], [-73.792819, 40.704432], [-73.79233, 40.704604], [-73.79233, 40.704604], [-73.791659, 40.704842], [-73.792039, 40.705472], [-73.792259, 40.705832], [-73.792559, 40.706382], [-73.792949, 40.706262], [-73.793189, 40.706172], [-73.793389, 40.706102], [-73.793949, 40.705872], [-73.793559, 40.705322], [-73.793285, 40.704993]]}}, {"type": "Feature", "properties": {"route_id": "Q27", "tier": "secondary", "high_need_count": 1}, "geometry": {"type": "LineString", "coordinates": [[-73.830943, 40.760751], [-73.830749, 40.760822], [-73.830479, 40.760272], [-73.830429, 40.760172], [-73.830328, 40.75996], [-73.830328, 40.75996], [-73.830139, 40.759562], [-73.829829, 40.758962], [-73.829719, 40.758712], [-73.829629, 40.758532], [-73.829579, 40.758442], [-73.829339, 40.758362], [-73.827969, 40.757622], [-73.827089, 40.757132], [-73.826536, 40.757277], [-73.826536, 40.757277], [-73.825799, 40.757472], [-73.825169, 40.757642], [-73.824359, 40.757862], [-73.823239, 40.758162], [-73.823149, 40.758192], [-73.822279, 40.758432], [-73.822043, 40.758494], [-73.822043, 40.758494], [-73.820759, 40.758832], [-73.820689, 40.758802], [-73.820559, 40.758762], [-73.820449, 40.758742], [-73.820359, 40.758702], [-73.820029, 40.758482], [-73.819219, 40.757942], [-73.818928, 40.757749], [-73.818928, 40.757749], [-73.818599, 40.757532], [-73.817899, 40.757082], [-73.817759, 40.756992], [-73.817189, 40.756612], [-73.816989, 40.756492], [-73.816248, 40.756016], [-73.816248, 40.756016], [-73.816149, 40.755952], [-73.815639, 40.755622], [-73.815329, 40.755422], [-73.814909, 40.755172], [-73.814479, 40.754902], [-73.814219, 40.754722], [-73.813669, 40.754372], [-73.813479, 40.754242], [-73.813339, 40.754192], [-73.812947, 40.754192], [-73.812947, 40.754192], [-73.812859, 40.754192], [-73.812219, 40.754202], [-73.811729, 40.754202], [-73.810479, 40.754212], [-73.809539, 40.754132], [-73.808728, 40.75407], [-73.808728, 40.75407], [-73.808619, 40.754062], [-73.808569, 40.754062], [-73.807689, 40.753982], [-73.806729, 40.753902], [-73.805819, 40.753832], [-73.805015, 40.753772], [-73.805015, 40.753772], [-73.804879, 40.753762], [-73.804379, 40.753712], [-73.804059, 40.753692], [-73.803949, 40.753692], [-73.803449, 40.753682], [-73.803009, 40.753692], [-73.801819, 40.753712], [-73.801217, 40.753729], [-73.801217, 40.753729], [-73.801109, 40.753732], [-73.800169, 40.753772], [-73.799209, 40.753822], [-73.798269, 40.753882], [-73.798149, 40.753882], [-73.797699, 40.753892], [-73.797389, 40.753867], [-73.797389, 40.753867], [-73.797329, 40.753862], [-73.796509, 40.753772], [-73.796399, 40.753762], [-73.795459, 40.753652], [-73.794739, 40.753582], [-73.794559, 40.753562], [-73.794029, 40.753472], [-73.793439, 40.753352], [-73.792779, 40.753182], [-73.792369, 40.753062], [-73.791879, 40.752912], [-73.791852, 40.752904], [-73.791852, 40.752904], [-73.791319, 40.752752], [-73.790779, 40.752592], [-73.790149, 40.752412], [-73.789689, 40.752272], [-73.789369, 40.752172], [-73.789069, 40.752102], [-73.788839, 40.752042], [-73.788719, 40.752012], [-73.788169, 40.751872], [-73.788009, 40.751842], [-73.787982, 40.751842], [-73.787982, 40.751842], [-73.787859, 40.751842], [-73.787679, 40.751882], [-73.787269, 40.752092], [-73.787109, 40.752182], [-73.787019, 40.752232], [-73.786959, 40.752272], [-73.786579, 40.752432], [-73.786279, 40.752502], [-73.786139, 40.752532], [-73.786049, 40.752552], [-73.785199, 40.752622], [-73.785119, 40.752632], [-73.784249, 40.752722], [-73.784189, 40.752732], [-73.783329, 40.752862], [-73.783259, 40.752872], [-73.783171, 40.752886], [-73.783171, 40.752886], [-73.782299, 40.753032], [-73.781539, 40.753152], [-73.780609, 40.753322], [-73.780469, 40.753352], [-73.780202, 40.753399], [-73.780202, 40.753399], [-73.780069, 40.753422], [-73.779729, 40.753462], [-73.779459, 40.753502], [-73.779319, 40.753502], [-73.779149, 40.753482], [-73.778459, 40.753422], [-73.778029, 40.753392], [-73.777859, 40.753372], [-73.777399, 40.753312], [-73.777129, 40.75328], [-73.777129, 40.75328], [-73.776899, 40.753252], [-73.776469, 40.753202], [-73.776219, 40.753202], [-73.775859, 40.753252], [-73.775699, 40.753282], [-73.775359, 40.753342], [-73.775039, 40.753412], [-73.774749, 40.753492], [-73.774459, 40.753562], [-73.773859, 40.753832], [-73.773639, 40.753922], [-73.772999, 40.754192], [-73.772799, 40.754262], [-73.772418, 40.754389], [-73.772418, 40.754389], [-73.772409, 40.754392], [-73.772089, 40.754472], [-73.771899, 40.754522], [-73.771279, 40.754682], [-73.770969, 40.754772], [-73.770119, 40.754982], [-73.769939, 40.755032], [-73.769319, 40.755192], [-73.769059, 40.755272], [-73.768309, 40.755452], [-73.768159, 40.755482], [-73.767368, 40.755626], [-73.767368, 40.755626], [-73.767339, 40.755632], [-73.767139, 40.755632], [-73.766159, 40.755742], [-73.765229, 40.755842], [-73.765029, 40.755822], [-73.764859, 40.755802], [-73.764619, 40.755692], [-73.764509, 40.755602], [-73.764359, 40.755432], [-73.764239, 40.755232], [-73.764099, 40.754522], [-73.76406, 40.754282], [-73.76406, 40.754282], [-73.763959, 40.753662], [-73.763772, 40.752406], [-73.763772, 40.752406], [-73.763749, 40.752252], [-73.763639, 40.752222], [-73.762759, 40.751932], [-73.762299, 40.751832], [-73.761429, 40.751832], [-73.760539, 40.752042], [-73.760069, 40.752152], [-73.759782, 40.752217], [-73.759782, 40.752217], [-73.759629, 40.752252], [-73.759489, 40.752312], [-73.759439, 40.752422], [-73.759269, 40.752342], [-73.758999, 40.752142], [-73.758609, 40.751692], [-73.757889, 40.750832], [-73.757819, 40.750742], [-73.757557, 40.750457], [-73.757557, 40.750457], [-73.757479, 40.750372], [-73.757369, 40.750222], [-73.756999, 40.749552], [-73.756889, 40.749382], [-73.756809, 40.749262], [-73.756699, 40.749072], [-73.756538, 40.748777], [-73.756538, 40.748777], [-73.756459, 40.748632], [-73.756259, 40.748262], [-73.755939, 40.747612], [-73.755799, 40.747322], [-73.754939, 40.745612], [-73.754795, 40.745286], [-73.754795, 40.745286], [-73.754789, 40.745272], [-73.753979, 40.743512], [-73.753551, 40.742514], [-73.753551, 40.742514], [-73.753499, 40.742392], [-73.753399, 40.742262], [-73.751559, 40.740332], [-73.751486, 40.740259], [-73.751486, 40.740259], [-73.751409, 40.740182], [-73.751159, 40.740072], [-73.750279, 40.739892], [-73.750149, 40.739842], [-73.749899, 40.739712], [-73.749479, 40.739192], [-73.749409, 40.739102], [-73.748849, 40.738472], [-73.748605, 40.738228], [-73.748605, 40.738228], [-73.748499, 40.738122], [-73.748379, 40.737992], [-73.748259, 40.737872], [-73.747879, 40.737472], [-73.747239, 40.736662], [-73.746509, 40.735832], [-73.746469, 40.735732], [-73.746364, 40.73543], [-73.746364, 40.73543], [-73.746309, 40.735272], [-73.746069, 40.734592], [-73.746029, 40.734482], [-73.745909, 40.734192], [-73.745999, 40.734032], [-73.746079, 40.733902], [-73.746239, 40.733712], [-73.746299, 40.733632], [-73.746519, 40.733352], [-73.746619, 40.733242], [-73.746659, 40.733182], [-73.746699, 40.733072], [-73.746709, 40.733042], [-73.746729, 40.732962], [-73.746739, 40.732832], [-73.746729, 40.732672], [-73.746729, 40.732562], [-73.746709, 40.732322], [-73.746669, 40.732032], [-73.746659, 40.731952], [-73.746619, 40.731692], [-73.746599, 40.731612], [-73.746569, 40.731532], [-73.746439, 40.731332], [-73.746289, 40.731182], [-73.745979, 40.730962], [-73.745559, 40.730652], [-73.745519, 40.730582], [-73.745499, 40.730532], [-73.745469, 40.730492], [-73.745409, 40.730442], [-73.745209, 40.730292], [-73.744907, 40.730012], [-73.744907, 40.730012], [-73.744789, 40.729902], [-73.744589, 40.729712], [-73.743954, 40.729128], [-73.743954, 40.729128], [-73.743849, 40.729032], [-73.741479, 40.726802], [-73.741261, 40.726592], [-73.741261, 40.726592], [-73.740329, 40.725692], [-73.740039, 40.725442], [-73.739139, 40.724592], [-73.739039, 40.724492], [-73.738875, 40.724339], [-73.738875, 40.724339], [-73.738119, 40.723632], [-73.736949, 40.722512], [-73.736909, 40.722472], [-73.736761, 40.722154], [-73.736761, 40.722154], [-73.736649, 40.721912], [-73.736589, 40.721782], [-73.736349, 40.721242], [-73.736269, 40.721102], [-73.736029, 40.720552], [-73.735719, 40.719842], [-73.735369, 40.718992], [-73.735283, 40.718659], [-73.735283, 40.718659], [-73.735279, 40.718642], [-73.735279, 40.718512], [-73.735339, 40.718052], [-73.735369, 40.717862], [-73.735379, 40.717752], [-73.735389, 40.717682], [-73.735409, 40.717412], [-73.735429, 40.717182], [-73.735449, 40.717012], [-73.735469, 40.716612], [-73.735479, 40.716292], [-73.735509, 40.715642], [-73.735535, 40.715345], [-73.735535, 40.715345], [-73.735569, 40.714962], [-73.735569, 40.714902], [-73.735579, 40.714802], [-73.735639, 40.714402], [-73.735659, 40.714292], [-73.735709, 40.714022], [-73.735749, 40.713602], [-73.735789, 40.713272], [-73.735829, 40.713202], [-73.735969, 40.71293], [-73.735969, 40.71293], [-73.736009, 40.712852], [-73.736399, 40.712102], [-73.736499, 40.711932], [-73.736559, 40.711832], [-73.736639, 40.711692], [-73.736829, 40.711362], [-73.737289, 40.710512], [-73.737434, 40.710247], [-73.737434, 40.710247], [-73.737459, 40.710202], [-73.737499, 40.710132], [-73.737789, 40.709522], [-73.737929, 40.709252], [-73.738119, 40.708942], [-73.738129, 40.708922], [-73.738209, 40.708782], [-73.738282, 40.708651], [-73.738282, 40.708651], [-73.738489, 40.708282], [-73.738999, 40.707312], [-73.739259, 40.706672], [-73.739559, 40.705942], [-73.739656, 40.705667], [-73.739656, 40.705667], [-73.739679, 40.705602], [-73.739809, 40.705302], [-73.739859, 40.705252], [-73.739909, 40.705182], [-73.739959, 40.705072], [-73.740019, 40.704912], [-73.740119, 40.704622], [-73.740309, 40.704112], [-73.740379, 40.703882], [-73.740489, 40.703602], [-73.740508, 40.703552], [-73.740508, 40.703552], [-73.740539, 40.703472], [-73.740559, 40.703432], [-73.740819, 40.702712], [-73.741039, 40.702142], [-73.741119, 40.701982], [-73.741209, 40.701822], [-73.741419, 40.701432], [-73.741569, 40.701142], [-73.741599, 40.701082], [-73.741687, 40.700911], [-73.741687, 40.700911], [-73.741759, 40.700772], [-73.742069, 40.700182], [-73.742259, 40.699812], [-73.742379, 40.699542], [-73.742519, 40.699242], [-73.742799, 40.698622], [-73.742839, 40.698532], [-73.742989, 40.698152], [-73.743089, 40.697862], [-73.743369, 40.697152], [-73.743464, 40.696866], [-73.743464, 40.696866], [-73.743559, 40.696582], [-73.743679, 40.696242], [-73.743959, 40.695392], [-73.744239, 40.694552], [-73.744319, 40.694332], [-73.744419, 40.694092], [-73.744589, 40.693762], [-73.744709, 40.693532], [-73.744819, 40.693342], [-73.744869, 40.693252], [-73.744789, 40.693122], [-73.744678, 40.692959], [-73.744678, 40.692959], [-73.744599, 40.692842], [-73.744419, 40.692582], [-73.744289, 40.692332], [-73.744179, 40.692152], [-73.743919, 40.691742], [-73.743359, 40.690942], [-73.743029, 40.690512], [-73.742839, 40.690252], [-73.742687, 40.690032]]}}, {"type": "Feature", "properties": {"route_id": "Q58", "tier": "priority", "high_need_count": 3}, "geometry": {"type": "LineString", "coordinates": [[-73.88835, 40.730019], [-73.888539, 40.729972], [-73.889269, 40.729812], [-73.889369, 40.729782], [-73.889629, 40.729702], [-73.889729, 40.729662], [-73.889809, 40.729612], [-73.889939, 40.729492], [-73.890019, 40.729432], [-73.890439, 40.729002], [-73.890779, 40.728672], [-73.890839, 40.728612], [-73.890909, 40.728542], [-73.891039, 40.728422], [-73.891189, 40.728322], [-73.891279, 40.728262], [-73.891419, 40.728192], [-73.891459, 40.728172], [-73.891509, 40.728142], [-73.891801, 40.727996], [-73.891801, 40.727996], [-73.892289, 40.727752], [-73.892769, 40.727502], [-73.892979, 40.727372], [-73.893279, 40.727172], [-73.893399, 40.727092], [-73.893859, 40.726802], [-73.894409, 40.726452], [-73.894639, 40.726322], [-73.894651, 40.726314], [-73.894651, 40.726314], [-73.895329, 40.725912], [-73.895469, 40.725832], [-73.895869, 40.725612], [-73.896149, 40.725482], [-73.896339, 40.725372], [-73.896699, 40.725162], [-73.897179, 40.724922], [-73.898449, 40.724272], [-73.898689, 40.724152], [-73.898747, 40.724124], [-73.898747, 40.724124], [-73.898959, 40.724022], [-73.899209, 40.723892], [-73.899619, 40.723682], [-73.899859, 40.723562], [-73.900579, 40.723192], [-73.900779, 40.723092], [-73.900989, 40.722942], [-73.901219, 40.722782], [-73.901489, 40.722612], [-73.902279, 40.722142], [-73.903119, 40.721622], [-73.903012, 40.721251], [-73.903012, 40.721251], [-73.902949, 40.721032], [-73.902499, 40.719402], [-73.902289, 40.718652], [-73.902189, 40.718292], [-73.902099, 40.718002], [-73.901819, 40.716982], [-73.901789, 40.716882], [-73.901738, 40.716697], [-73.901738, 40.716697], [-73.901659, 40.716412], [-73.901629, 40.716312], [-73.901579, 40.716132], [-73.901439, 40.715632], [-73.901379, 40.715392], [-73.901159, 40.714622], [-73.901129, 40.714502], [-73.900939, 40.713832], [-73.900759, 40.713162], [-73.900699, 40.712962], [-73.900609, 40.712702], [-73.900466, 40.712424], [-73.900466, 40.712424], [-73.900239, 40.711982], [-73.900189, 40.711892], [-73.899859, 40.711252], [-73.899719, 40.710972], [-73.899519, 40.710572], [-73.899389, 40.710322], [-73.899262, 40.71015], [-73.899262, 40.71015], [-73.898909, 40.709672], [-73.898449, 40.709042], [-73.897989, 40.708382], [-73.897559, 40.707752], [-73.897259, 40.707152], [-73.897229, 40.707082], [-73.896919, 40.706482], [-73.897337, 40.706389], [-73.897337, 40.706389], [-73.897999, 40.706242], [-73.898949, 40.706012], [-73.899929, 40.705772], [-73.899999, 40.705752], [-73.900839, 40.705512], [-73.901952, 40.70519], [-73.901952, 40.70519], [-73.902119, 40.705142], [-73.901989, 40.704822], [-73.902329, 40.704582], [-73.902369, 40.704492], [-73.903379, 40.703532], [-73.904539, 40.702392], [-73.904782, 40.702153], [-73.904782, 40.702153], [-73.905469, 40.701482], [-73.904739, 40.701052], [-73.904189, 40.700732], [-73.904719, 40.700422], [-73.904829, 40.700282], [-73.905599, 40.700182], [-73.906189, 40.700122], [-73.906539, 40.700082], [-73.906939, 40.700042], [-73.907301, 40.699685], [-73.907301, 40.699685], [-73.908769, 40.698242], [-73.909519, 40.697472], [-73.910259, 40.697902], [-73.911019, 40.698342], [-73.911769, 40.698762], [-73.911069, 40.699542], [-73.910799, 40.699712], [-73.910355, 40.70015]]}}, {"type": "Feature", "properties": {"route_id": "Q61", "tier": "secondary", "high_need_count": 1}, "geometry": {"type": "LineString", "coordinates": [[-73.797496, 40.793845], [-73.797479, 40.793962], [-73.799589, 40.794132], [-73.800339, 40.794202], [-73.801399, 40.794282], [-73.802329, 40.794362], [-73.802727, 40.794392], [-73.802727, 40.794392], [-73.803249, 40.794432], [-73.804129, 40.794502], [-73.806399, 40.794682], [-73.806819, 40.794702], [-73.806869, 40.794702], [-73.806899, 40.794642], [-73.806928, 40.794405], [-73.806928, 40.794405], [-73.806959, 40.794152], [-73.807029, 40.793712], [-73.807099, 40.793302], [-73.807129, 40.793002], [-73.807229, 40.792292], [-73.807339, 40.791512], [-73.807419, 40.790872], [-73.807519, 40.790172], [-73.807619, 40.789452], [-73.807669, 40.789128], [-73.807669, 40.789128], [-73.807949, 40.787302], [-73.807999, 40.787002], [-73.808049, 40.786882], [-73.808589, 40.786932], [-73.808959, 40.786972], [-73.810249, 40.787112], [-73.810089, 40.786812], [-73.810029, 40.786702], [-73.809909, 40.786472], [-73.809509, 40.786368], [-73.809509, 40.786368], [-73.809019, 40.786242], [-73.808819, 40.786202], [-73.807359, 40.785912], [-73.807129, 40.785852], [-73.807019, 40.785812], [-73.806809, 40.785732], [-73.806349, 40.785522], [-73.806169, 40.785412], [-73.805979, 40.785282], [-73.805819, 40.785142], [-73.805539, 40.784822], [-73.805429, 40.784622], [-73.805139, 40.784152], [-73.805029, 40.783982], [-73.804679, 40.783402], [-73.80453, 40.783156], [-73.80453, 40.783156], [-73.804219, 40.782642], [-73.803749, 40.781892], [-73.803269, 40.781192], [-73.803169, 40.781042], [-73.803069, 40.780762], [-73.803129, 40.780402], [-73.803209, 40.779862], [-73.80333, 40.779801], [-73.80333, 40.779801], [-73.803489, 40.779722], [-73.804399, 40.779262], [-73.804849, 40.779102], [-73.805099, 40.779022], [-73.805659, 40.778842], [-73.806189, 40.778702], [-73.807599, 40.778422], [-73.807889, 40.778362], [-73.808569, 40.778232], [-73.808969, 40.778155], [-73.808969, 40.778155], [-73.809139, 40.778122], [-73.810769, 40.777782], [-73.811489, 40.777642], [-73.812529, 40.777432], [-73.813359, 40.777262], [-73.813749, 40.777182], [-73.813969, 40.777142], [-73.814229, 40.777102], [-73.814789, 40.776972], [-73.815879, 40.776752], [-73.816359, 40.776662], [-73.816659, 40.776602], [-73.816939, 40.776582], [-73.817269, 40.776492], [-73.817425, 40.776447], [-73.817425, 40.776447], [-73.817649, 40.776382], [-73.817809, 40.776402], [-73.818729, 40.776542], [-73.819659, 40.776672], [-73.821139, 40.776842], [-73.821679, 40.776862], [-73.821849, 40.776852], [-73.823059, 40.776782], [-73.823569, 40.776752], [-73.824125, 40.776722], [-73.824125, 40.776722], [-73.824319, 40.776712], [-73.824449, 40.776702], [-73.824579, 40.776672], [-73.824869, 40.776532], [-73.824959, 40.776472], [-73.825409, 40.776212], [-73.825469, 40.776172], [-73.825689, 40.776032], [-73.825839, 40.775902], [-73.826259, 40.774502], [-73.826329, 40.774242], [-73.826346, 40.774113], [-73.826346, 40.774113], [-73.826479, 40.773112], [-73.827829, 40.773102], [-73.827839, 40.773012], [-73.827879, 40.772862], [-73.827999, 40.772602], [-73.828099, 40.772482], [-73.828269, 40.772372], [-73.828459, 40.772292], [-73.828779, 40.772212], [-73.829259, 40.772192], [-73.829579, 40.772212], [-73.829575, 40.77184], [-73.829575, 40.77184], [-73.829569, 40.771182], [-73.829569, 40.770712], [-73.829789, 40.770662], [-73.829969, 40.770582], [-73.830389, 40.770342], [-73.830469, 40.770272], [-73.830539, 40.770212], [-73.830619, 40.770162], [-73.831179, 40.769752], [-73.831499, 40.769592], [-73.832509, 40.769362], [-73.832569, 40.769342], [-73.832453, 40.769053], [-73.832453, 40.769053], [-73.831929, 40.767742], [-73.831659, 40.767102], [-73.831439, 40.766562], [-73.830727, 40.764819], [-73.830727, 40.764819], [-73.830679, 40.764702], [-73.830469, 40.764182], [-73.830429, 40.764082], [-73.830219, 40.763532], [-73.830429, 40.763482], [-73.831199, 40.763292], [-73.831289, 40.763272], [-73.832039, 40.763112], [-73.831909, 40.762832], [-73.831799, 40.762672], [-73.831685, 40.762487], [-73.831685, 40.762487], [-73.831259, 40.761792], [-73.831129, 40.761542], [-73.830749, 40.760822], [-73.830479, 40.760272], [-73.830429, 40.760172], [-73.829129, 40.760502], [-73.829009, 40.760552], [-73.828201, 40.760751]]}}, {"type": "Feature", "properties": {"route_id": "Q88", "tier": "secondary", "high_need_count": 2}, "geometry": {"type": "LineString", "coordinates": [[-73.869247, 40.734282], [-73.869239, 40.734262], [-73.869179, 40.734122], [-73.866849, 40.734812], [-73.865489, 40.735222], [-73.865149, 40.735322], [-73.865073, 40.735161], [-73.865073, 40.735161], [-73.864829, 40.734642], [-73.864619, 40.734262], [-73.864589, 40.734192], [-73.864499, 40.734042], [-73.864449, 40.733932], [-73.864339, 40.733742], [-73.862619, 40.734272], [-73.862172, 40.734402], [-73.862172, 40.734402], [-73.861729, 40.734532], [-73.860819, 40.734802], [-73.859149, 40.735292], [-73.858599, 40.735452], [-73.858309, 40.735542], [-73.858155, 40.73558], [-73.858155, 40.73558], [-73.858149, 40.735582], [-73.857469, 40.735782], [-73.856719, 40.736012], [-73.856389, 40.736112], [-73.856139, 40.736192], [-73.855859, 40.736272], [-73.855459, 40.736372], [-73.855399, 40.736382], [-73.854999, 40.736462], [-73.854029, 40.736572], [-73.853539, 40.736602], [-73.853129, 40.736642], [-73.852719, 40.736692], [-73.85187, 40.736933], [-73.85187, 40.736933], [-73.851699, 40.736982], [-73.851259, 40.737132], [-73.851029, 40.737252], [-73.850729, 40.737392], [-73.849579, 40.737802], [-73.849059, 40.738002], [-73.848849, 40.738102], [-73.848689, 40.738212], [-73.848139, 40.738412], [-73.847669, 40.738622], [-73.847299, 40.738802], [-73.847009, 40.738942], [-73.846099, 40.739372], [-73.845699, 40.739562], [-73.845519, 40.739652], [-73.845339, 40.739732], [-73.845189, 40.739812], [-73.844949, 40.739932], [-73.844329, 40.740232], [-73.843339, 40.740722], [-73.842969, 40.740892], [-73.842839, 40.740952], [-73.842279, 40.741212], [-73.841989, 40.741342], [-73.840939, 40.741812], [-73.839999, 40.742292], [-73.839629, 40.742462], [-73.839289, 40.742552], [-73.839019, 40.742572], [-73.838689, 40.742542], [-73.838109, 40.742402], [-73.837989, 40.742382], [-73.837789, 40.742362], [-73.837619, 40.742362], [-73.837479, 40.742372], [-73.837269, 40.742402], [-73.837139, 40.742432], [-73.837039, 40.742462], [-73.836929, 40.742522], [-73.836799, 40.742612], [-73.836449, 40.742962], [-73.836379, 40.743052], [-73.836269, 40.743112], [-73.836069, 40.743182], [-73.835889, 40.743202], [-73.835649, 40.743202], [-73.834999, 40.743132], [-73.834469, 40.743082], [-73.833439, 40.742982], [-73.832899, 40.742932], [-73.832009, 40.742842], [-73.831529, 40.742792], [-73.831089, 40.742752], [-73.829809, 40.742612], [-73.829402, 40.742569], [-73.829402, 40.742569], [-73.828379, 40.742462], [-73.828199, 40.742442], [-73.828069, 40.742432], [-73.827809, 40.742412], [-73.827619, 40.742382], [-73.827379, 40.742322], [-73.827209, 40.742252], [-73.827039, 40.742152], [-73.826529, 40.741872], [-73.826219, 40.741842], [-73.825269, 40.741772], [-73.824909, 40.741762], [-73.824706, 40.741738], [-73.824706, 40.741738], [-73.824649, 40.741732], [-73.824439, 40.741682], [-73.824169, 40.741602], [-73.823709, 40.741422], [-73.823589, 40.741382], [-73.822849, 40.741142], [-73.822529, 40.741032], [-73.821859, 40.740802], [-73.821542, 40.740697], [-73.821542, 40.740697], [-73.820649, 40.740402], [-73.819599, 40.740032], [-73.818719, 40.739742], [-73.817879, 40.739462], [-73.817443, 40.739325], [-73.817443, 40.739325], [-73.817209, 40.739252], [-73.816069, 40.738882], [-73.815529, 40.738692], [-73.815329, 40.738632], [-73.815159, 40.738612], [-73.814979, 40.738602], [-73.814518, 40.738583], [-73.814518, 40.738583], [-73.814499, 40.738582], [-73.813239, 40.738462], [-73.812299, 40.738422], [-73.811369, 40.738382], [-73.810409, 40.738352], [-73.80996, 40.738338], [-73.80996, 40.738338], [-73.809439, 40.738322], [-73.809209, 40.738312], [-73.808489, 40.738282], [-73.807539, 40.738222], [-73.806639, 40.738182], [-73.805659, 40.738152], [-73.804629, 40.738102], [-73.804139, 40.738092], [-73.804139, 40.738092], [-73.803609, 40.738082], [-73.802729, 40.738082], [-73.801829, 40.738042], [-73.800929, 40.738022], [-73.800523, 40.738], [-73.800523, 40.738], [-73.800019, 40.737972], [-73.799839, 40.737962], [-73.799119, 40.737942], [-73.798219, 40.737902], [-73.797319, 40.737882], [-73.797059, 40.737872], [-73.796929, 40.737872], [-73.796923, 40.737872], [-73.796923, 40.737872], [-73.796679, 40.737882], [-73.796499, 40.737902], [-73.796299, 40.737942], [-73.795769, 40.738082], [-73.795219, 40.738232], [-73.794349, 40.738472], [-73.793699, 40.738652], [-73.792919, 40.738872], [-73.792254, 40.739054], [-73.792254, 40.739054], [-73.791899, 40.739152], [-73.791019, 40.739382], [-73.790129, 40.739622], [-73.789249, 40.739882], [-73.788379, 40.740122], [-73.787799, 40.740282], [-73.786589, 40.740592], [-73.786539, 40.740392], [-73.786492, 40.740289], [-73.786492, 40.740289], [-73.786489, 40.740282], [-73.786399, 40.740102], [-73.786219, 40.739732], [-73.786129, 40.739522], [-73.786129, 40.739352], [-73.786159, 40.739302], [-73.786169, 40.739232], [-73.786169, 40.739102], [-73.786159, 40.739002], [-73.786039, 40.738862], [-73.785909, 40.738778], [-73.785909, 40.738778], [-73.785839, 40.738732], [-73.785749, 40.738652], [-73.785699, 40.738572], [-73.785479, 40.738112], [-73.784585, 40.736238], [-73.784585, 40.736238], [-73.784539, 40.736142], [-73.784319, 40.735642], [-73.784329, 40.735522], [-73.784349, 40.735462], [-73.784369, 40.735362], [-73.784339, 40.735192], [-73.784249, 40.735062], [-73.784129, 40.734952], [-73.783879, 40.734802], [-73.783679, 40.734442], [-73.783639, 40.734392], [-73.783449, 40.734042], [-73.783369, 40.733862], [-73.783349, 40.733812], [-73.783189, 40.733472], [-73.783149, 40.733392], [-73.783019, 40.733122], [-73.782409, 40.733322], [-73.782149, 40.733412], [-73.781759, 40.733536], [-73.781759, 40.733536], [-73.781269, 40.733692], [-73.780399, 40.733982], [-73.779509, 40.734272], [-73.778629, 40.734552], [-73.777769, 40.734802], [-73.776889, 40.735072], [-73.776514, 40.735184], [-73.776514, 40.735184], [-73.776019, 40.735332], [-73.775139, 40.735582], [-73.774349, 40.735812], [-73.773569, 40.736072], [-73.773389, 40.736132], [-73.773149, 40.736202], [-73.772929, 40.736272], [-73.772789, 40.736312], [-73.772396, 40.736424], [-73.772396, 40.736424], [-73.772299, 40.736452], [-73.771689, 40.736622], [-73.771049, 40.736802], [-73.770609, 40.736932], [-73.770329, 40.737012], [-73.769709, 40.737222], [-73.769409, 40.737332], [-73.768999, 40.737522], [-73.768589, 40.737682], [-73.768389, 40.737742], [-73.767949, 40.737902], [-73.767542, 40.738035], [-73.767542, 40.738035], [-73.767459, 40.738062], [-73.766789, 40.738282], [-73.765929, 40.738572], [-73.765639, 40.738652], [-73.764649, 40.738912], [-73.763619, 40.739172], [-73.763176, 40.739277], [-73.763176, 40.739277], [-73.762819, 40.739362], [-73.761729, 40.739702], [-73.760949, 40.739952], [-73.759869, 40.740312], [-73.759209, 40.740522], [-73.758309, 40.740822], [-73.757825, 40.740963], [-73.757825, 40.740963], [-73.757349, 40.741102], [-73.757159, 40.741162], [-73.756489, 40.741372], [-73.755869, 40.741582], [-73.755469, 40.741712], [-73.754229, 40.742152], [-73.753949, 40.742252], [-73.753679, 40.742342], [-73.753658, 40.742347], [-73.753658, 40.742347], [-73.753499, 40.742392], [-73.753399, 40.742262], [-73.751559, 40.740332], [-73.751486, 40.740259], [-73.751486, 40.740259], [-73.751409, 40.740182], [-73.751159, 40.740072], [-73.750279, 40.739892], [-73.750149, 40.739842], [-73.749899, 40.739712], [-73.749479, 40.739192], [-73.749409, 40.739102], [-73.748849, 40.738472], [-73.748605, 40.738228], [-73.748605, 40.738228], [-73.748499, 40.738122], [-73.748379, 40.737992], [-73.748259, 40.737872], [-73.747879, 40.737472], [-73.747239, 40.736662], [-73.746509, 40.735832], [-73.746469, 40.735732], [-73.746364, 40.73543], [-73.746364, 40.73543], [-73.746309, 40.735272], [-73.746069, 40.734592], [-73.746029, 40.734482], [-73.745909, 40.734192], [-73.745999, 40.734032], [-73.746079, 40.733902], [-73.746239, 40.733712], [-73.746299, 40.733632], [-73.746519, 40.733352], [-73.746619, 40.733242], [-73.746659, 40.733182], [-73.746699, 40.733072], [-73.746709, 40.733042], [-73.746729, 40.732962], [-73.746739, 40.732832], [-73.746729, 40.732672], [-73.746729, 40.732562], [-73.746709, 40.732322], [-73.746669, 40.732032], [-73.746659, 40.731952], [-73.746619, 40.731692], [-73.746599, 40.731612], [-73.746569, 40.731532], [-73.746439, 40.731332], [-73.746289, 40.731182], [-73.745979, 40.730962], [-73.745559, 40.730652], [-73.745519, 40.730582], [-73.745499, 40.730532], [-73.745469, 40.730492], [-73.745409, 40.730442], [-73.745209, 40.730292], [-73.744907, 40.730012], [-73.744907, 40.730012], [-73.744789, 40.729902], [-73.744589, 40.729712], [-73.743954, 40.729128], [-73.743954, 40.729128], [-73.743849, 40.729032], [-73.741479, 40.726802], [-73.741261, 40.726592], [-73.741261, 40.726592], [-73.740329, 40.725692], [-73.740039, 40.725442], [-73.739139, 40.724592], [-73.739039, 40.724492], [-73.738875, 40.724339], [-73.738875, 40.724339], [-73.738119, 40.723632], [-73.736949, 40.722512], [-73.736909, 40.722472], [-73.736761, 40.722154], [-73.736761, 40.722154], [-73.736649, 40.721912], [-73.736589, 40.721782], [-73.736349, 40.721242], [-73.736269, 40.721102], [-73.736029, 40.720552], [-73.735719, 40.719842], [-73.735369, 40.718992], [-73.735283, 40.718659], [-73.735283, 40.718659], [-73.735279, 40.718642], [-73.735279, 40.718512], [-73.735729, 40.718322], [-73.736129, 40.718162], [-73.736419, 40.718072], [-73.736379, 40.717962], [-73.736359, 40.717932]]}}, {"type": "Feature", "properties": {"route_id": "Q90", "tier": "secondary", "high_need_count": 1}, "geometry": {"type": "LineString", "coordinates": [[-73.872708, 40.772998], [-73.872762, 40.773009], [-73.876219, 40.772362], [-73.87624, 40.772391], [-73.876299, 40.772472], [-73.876419, 40.772612], [-73.876379, 40.772356], [-73.876369, 40.772292], [-73.876299, 40.772032], [-73.876199, 40.771642], [-73.876149, 40.771502], [-73.876129, 40.771422], [-73.876099, 40.771262], [-73.876069, 40.771142], [-73.876059, 40.770982], [-73.876039, 40.770452], [-73.876009, 40.770332], [-73.875599, 40.770392], [-73.874719, 40.770492], [-73.874029, 40.770612], [-73.873779, 40.770662], [-73.873659, 40.770642], [-73.873499, 40.770692], [-73.873169, 40.770792], [-73.872919, 40.770862], [-73.872759, 40.770892], [-73.872379, 40.770912], [-73.872119, 40.770882], [-73.871869, 40.770832], [-73.871589, 40.770742], [-73.871269, 40.770542], [-73.870949, 40.770352], [-73.870819, 40.770262], [-73.870019, 40.769782], [-73.869779, 40.769622], [-73.869649, 40.769512], [-73.869519, 40.769362], [-73.869509, 40.769272], [-73.869479, 40.769202], [-73.869409, 40.769132], [-73.869289, 40.769042], [-73.869139, 40.768982], [-73.868989, 40.768962], [-73.868949, 40.768962], [-73.868639, 40.768862], [-73.868389, 40.768762], [-73.868263, 40.768693], [-73.868263, 40.768693], [-73.868169, 40.768642], [-73.867939, 40.768512], [-73.867739, 40.768402], [-73.867619, 40.768372], [-73.866989, 40.768012], [-73.866379, 40.767662], [-73.865939, 40.767402], [-73.865799, 40.767322], [-73.865359, 40.767062], [-73.865049, 40.766802], [-73.864629, 40.766382], [-73.864093, 40.765837], [-73.864093, 40.765837], [-73.864049, 40.765792], [-73.864019, 40.765762], [-73.862809, 40.764472], [-73.862549, 40.764192], [-73.862359, 40.763992], [-73.862179, 40.763742], [-73.862049, 40.763472], [-73.861919, 40.763162], [-73.861789, 40.762962], [-73.861619, 40.762722], [-73.861569, 40.762642], [-73.861199, 40.762172], [-73.861069, 40.762022], [-73.860519, 40.761422], [-73.860427, 40.761323], [-73.860427, 40.761323], [-73.860139, 40.761012], [-73.859789, 40.760622], [-73.859609, 40.760412], [-73.859339, 40.760142], [-73.859269, 40.760072], [-73.859259, 40.759892], [-73.858979, 40.759842], [-73.858179, 40.759682], [-73.858009, 40.759652], [-73.857429, 40.759502], [-73.857129, 40.759422], [-73.856589, 40.759232], [-73.856349, 40.759102], [-73.856199, 40.758992], [-73.855799, 40.758612], [-73.855599, 40.758302], [-73.855399, 40.758312], [-73.855299, 40.758322], [-73.855149, 40.758342], [-73.854999, 40.758352], [-73.854749, 40.758322], [-73.854499, 40.758272], [-73.854269, 40.758202], [-73.854069, 40.758112], [-73.853489, 40.757772], [-73.853219, 40.757652], [-73.853029, 40.757592], [-73.852729, 40.757532], [-73.852579, 40.757522], [-73.852419, 40.757532], [-73.852349, 40.757532], [-73.852179, 40.757562], [-73.851459, 40.757742], [-73.851169, 40.757832], [-73.850159, 40.758142], [-73.849409, 40.758412], [-73.848499, 40.758812], [-73.847789, 40.759212], [-73.847699, 40.759272], [-73.847079, 40.759572], [-73.846819, 40.759742], [-73.846439, 40.759952], [-73.846349, 40.759982], [-73.846139, 40.760022], [-73.845949, 40.759992], [-73.845809, 40.759952], [-73.845489, 40.759722], [-73.845129, 40.759062], [-73.845081, 40.758965], [-73.845081, 40.758965], [-73.844909, 40.758622], [-73.844789, 40.758392], [-73.844449, 40.757732], [-73.844039, 40.756942], [-73.843689, 40.756252], [-73.843639, 40.756152], [-73.84354, 40.755962], [-73.84354, 40.755962], [-73.843279, 40.755462], [-73.843229, 40.755362], [-73.843019, 40.755422], [-73.841809, 40.755792], [-73.841369, 40.755952], [-73.839289, 40.756802], [-73.838739, 40.757012], [-73.838599, 40.757062], [-73.838369, 40.757152], [-73.837359, 40.757572], [-73.837189, 40.757572], [-73.837039, 40.757612], [-73.836619, 40.757682], [-73.835109, 40.757932], [-73.834249, 40.758082], [-73.833848, 40.758248], [-73.833848, 40.758248], [-73.833839, 40.758252], [-73.833719, 40.758342], [-73.831909, 40.758932], [-73.831709, 40.759012], [-73.830139, 40.759562], [-73.830295, 40.759891]]}}, {"type": "Feature", "properties": {"route_id": "Q98", "tier": "priority", "high_need_count": 3}, "geometry": {"type": "LineString", "coordinates": [[-73.829387, 40.757386], [-73.829139, 40.757502], [-73.828799, 40.756632], [-73.828984, 40.756546], [-73.828984, 40.756546], [-73.830749, 40.755732], [-73.831419, 40.755422], [-73.833039, 40.754652], [-73.833119, 40.754652], [-73.833022, 40.754348], [-73.833022, 40.754348], [-73.832819, 40.753712], [-73.832589, 40.753002], [-73.832439, 40.752422], [-73.832399, 40.752302], [-73.832259, 40.751942], [-73.832219, 40.751762], [-73.832349, 40.751562], [-73.832429, 40.751142], [-73.832559, 40.750532], [-73.832719, 40.749822], [-73.832809, 40.749392], [-73.832889, 40.749092], [-73.832969, 40.748792], [-73.832999, 40.748642], [-73.833029, 40.748532], [-73.833069, 40.748402], [-73.833139, 40.748242], [-73.833249, 40.748072], [-73.833359, 40.747962], [-73.833649, 40.747772], [-73.834069, 40.747522], [-73.834309, 40.747372], [-73.834409, 40.747302], [-73.834539, 40.747182], [-73.834659, 40.747042], [-73.834749, 40.746912], [-73.834829, 40.746782], [-73.835139, 40.746212], [-73.835179, 40.746132], [-73.835257, 40.745988], [-73.835257, 40.745988], [-73.835509, 40.745522], [-73.835619, 40.745322], [-73.835789, 40.745072], [-73.835989, 40.744862], [-73.836159, 40.744722], [-73.836409, 40.744572], [-73.836639, 40.744442], [-73.836889, 40.744302], [-73.837039, 40.744212], [-73.837169, 40.744092], [-73.837229, 40.744002], [-73.837399, 40.744032], [-73.837549, 40.744052], [-73.837999, 40.744102], [-73.838289, 40.744112], [-73.838419, 40.744102], [-73.838509, 40.744102], [-73.838769, 40.744062], [-73.838999, 40.743992], [-73.839169, 40.743912], [-73.839429, 40.743752], [-73.839939, 40.743382], [-73.839979, 40.743352], [-73.841159, 40.742452], [-73.841599, 40.742172], [-73.841839, 40.742042], [-73.842539, 40.741692], [-73.842819, 40.741552], [-73.843139, 40.741392], [-73.843779, 40.741082], [-73.844149, 40.740902], [-73.844579, 40.740682], [-73.844789, 40.740582], [-73.845319, 40.740342], [-73.845469, 40.740262], [-73.845649, 40.740182], [-73.845819, 40.740102], [-73.845979, 40.740022], [-73.846429, 40.739802], [-73.846949, 40.739542], [-73.847269, 40.739442], [-73.847729, 40.739302], [-73.847779, 40.739282], [-73.848129, 40.739132], [-73.848359, 40.738982], [-73.848669, 40.738792], [-73.848789, 40.738722], [-73.848819, 40.738702], [-73.849019, 40.738602], [-73.849309, 40.738502], [-73.849879, 40.738332], [-73.850749, 40.738062], [-73.851119, 40.737942], [-73.852049, 40.737662], [-73.852109, 40.737642], [-73.852259, 40.737602], [-73.852409, 40.737562], [-73.852422, 40.737559], [-73.852422, 40.737559], [-73.852819, 40.737472], [-73.853549, 40.737332], [-73.854549, 40.737162], [-73.855049, 40.737042], [-73.855139, 40.737022], [-73.855789, 40.736842], [-73.856239, 40.736722], [-73.856469, 40.736642], [-73.856581, 40.736607], [-73.856581, 40.736607], [-73.856759, 40.736552], [-73.857589, 40.736302], [-73.858339, 40.736072], [-73.858679, 40.735962], [-73.858829, 40.735912], [-73.858889, 40.735902], [-73.859549, 40.735722], [-73.859789, 40.735602], [-73.860029, 40.735532], [-73.861239, 40.735182], [-73.861689, 40.735052], [-73.863839, 40.734422], [-73.863969, 40.734382], [-73.864589, 40.734192], [-73.864679, 40.734162], [-73.865859, 40.733802], [-73.866179, 40.733732], [-73.866319, 40.733712], [-73.866469, 40.733722], [-73.866659, 40.733782], [-73.867079, 40.733972], [-73.867249, 40.734022], [-73.867389, 40.734042], [-73.867499, 40.734022], [-73.867619, 40.733982], [-73.867899, 40.733852], [-73.868619, 40.733542], [-73.868799, 40.733462], [-73.868899, 40.733422], [-73.869239, 40.733292], [-73.869949, 40.733592], [-73.870129, 40.733662], [-73.870339, 40.733722], [-73.870579, 40.733792], [-73.870868, 40.733877], [-73.870868, 40.733877], [-73.871869, 40.734172], [-73.872049, 40.734222], [-73.872269, 40.734732], [-73.873099, 40.734482], [-73.873309, 40.734422], [-73.873999, 40.734632], [-73.874529, 40.734802], [-73.875189, 40.735152], [-73.875379, 40.735272], [-73.875969, 40.735682], [-73.876819, 40.736292], [-73.876979, 40.736402], [-73.877139, 40.736512], [-73.877589, 40.736772], [-73.877669, 40.736672], [-73.877759, 40.736582], [-73.877889, 40.736492], [-73.878019, 40.736412], [-73.878199, 40.736352], [-73.878305, 40.736327], [-73.878305, 40.736327], [-73.878579, 40.736262], [-73.878679, 40.736232], [-73.879549, 40.736012], [-73.880519, 40.735752], [-73.880619, 40.735722], [-73.880989, 40.735622], [-73.881109, 40.735572], [-73.881819, 40.735092], [-73.882029, 40.734942], [-73.882129, 40.734862], [-73.882689, 40.734472], [-73.883019, 40.734232], [-73.883239, 40.734082], [-73.883539, 40.733812], [-73.883639, 40.733722], [-73.883809, 40.733562], [-73.883879, 40.733442], [-73.883945, 40.733338], [-73.883945, 40.733338], [-73.884109, 40.733082], [-73.884529, 40.732382], [-73.884649, 40.732172], [-73.884769, 40.731962], [-73.884989, 40.731602], [-73.885209, 40.731262], [-73.885429, 40.731032], [-73.885599, 40.730932], [-73.886309, 40.730592], [-73.886409, 40.730542], [-73.886859, 40.730392], [-73.887559, 40.730192], [-73.887799, 40.730142], [-73.888059, 40.730082], [-73.888199, 40.730052], [-73.888259, 40.730042], [-73.88835, 40.730019], [-73.88835, 40.730019], [-73.888539, 40.729972], [-73.889269, 40.729812], [-73.889369, 40.729782], [-73.889629, 40.729702], [-73.889729, 40.729662], [-73.889809, 40.729612], [-73.889939, 40.729492], [-73.890019, 40.729432], [-73.890439, 40.729002], [-73.890779, 40.728672], [-73.890839, 40.728612], [-73.890909, 40.728542], [-73.891039, 40.728422], [-73.891189, 40.728322], [-73.891279, 40.728262], [-73.891419, 40.728192], [-73.891459, 40.728172], [-73.891509, 40.728142], [-73.892289, 40.727752], [-73.892769, 40.727502], [-73.892979, 40.727372], [-73.893279, 40.727172], [-73.893399, 40.727092], [-73.893859, 40.726802], [-73.894409, 40.726452], [-73.894639, 40.726322], [-73.894651, 40.726314], [-73.894651, 40.726314], [-73.895329, 40.725912], [-73.895469, 40.725832], [-73.895869, 40.725612], [-73.896149, 40.725482], [-73.896339, 40.725372], [-73.896699, 40.725162], [-73.897179, 40.724922], [-73.898449, 40.724272], [-73.898689, 40.724152], [-73.898747, 40.724124], [-73.898747, 40.724124], [-73.898959, 40.724022], [-73.899209, 40.723892], [-73.899619, 40.723682], [-73.899859, 40.723562], [-73.900579, 40.723192], [-73.900779, 40.723092], [-73.900989, 40.722942], [-73.901219, 40.722782], [-73.901489, 40.722612], [-73.902279, 40.722142], [-73.903119, 40.721622], [-73.903012, 40.721251], [-73.903012, 40.721251], [-73.902949, 40.721032], [-73.902499, 40.719402], [-73.902289, 40.718652], [-73.902189, 40.718292], [-73.902099, 40.718002], [-73.901819, 40.716982], [-73.901789, 40.716882], [-73.901659, 40.716412], [-73.901629, 40.716312], [-73.901579, 40.716132], [-73.901439, 40.715632], [-73.901379, 40.715392], [-73.901159, 40.714622], [-73.901129, 40.714502], [-73.900939, 40.713832], [-73.900759, 40.713162], [-73.900699, 40.712962], [-73.900609, 40.712702], [-73.900466, 40.712424], [-73.900466, 40.712424], [-73.900239, 40.711982], [-73.900189, 40.711892], [-73.899859, 40.711252], [-73.899719, 40.710972], [-73.899519, 40.710572], [-73.899389, 40.710322], [-73.898909, 40.709672], [-73.898449, 40.709042], [-73.897989, 40.708382], [-73.897559, 40.707752], [-73.897259, 40.707152], [-73.897229, 40.707082], [-73.896919, 40.706482], [-73.897337, 40.706389], [-73.897337, 40.706389], [-73.897999, 40.706242], [-73.898949, 40.706012], [-73.899929, 40.705772], [-73.899999, 40.705752], [-73.900839, 40.705512], [-73.901952, 40.70519], [-73.901952, 40.70519], [-73.902119, 40.705142], [-73.901989, 40.704822], [-73.902329, 40.704582], [-73.902369, 40.704492], [-73.903379, 40.703532], [-73.904539, 40.702392], [-73.905469, 40.701482], [-73.904739, 40.701052], [-73.904189, 40.700732], [-73.904719, 40.700422], [-73.904829, 40.700282], [-73.905599, 40.700182], [-73.906189, 40.700122], [-73.906539, 40.700082], [-73.906939, 40.700042], [-73.907301, 40.699685], [-73.907301, 40.699685], [-73.908769, 40.698242], [-73.909519, 40.697472], [-73.910259, 40.697902], [-73.911019, 40.698342], [-73.911769, 40.698762], [-73.911069, 40.699542], [-73.910799, 40.699712], [-73.910355, 40.70015]]}}, {"type": "Feature", "properties": {"route_id": "B44+", "tier": "secondary", "high_need_count": 2}, "geometry": {"type": "LineString", "coordinates": [[-73.959506, 40.7093], [-73.959326, 40.709227], [-73.959371, 40.709074], [-73.959454, 40.708975], [-73.959879, 40.709092], [-73.960249, 40.709232], [-73.960619, 40.709372], [-73.960799, 40.709432], [-73.960849, 40.709152], [-73.960999, 40.708332], [-73.961079, 40.707912], [-73.961159, 40.707492], [-73.961229, 40.707152], [-73.961279, 40.707062], [-73.961349, 40.706972], [-73.961231, 40.706866], [-73.961231, 40.706866], [-73.960749, 40.706432], [-73.960119, 40.705872], [-73.959509, 40.705312], [-73.959339, 40.705162], [-73.959309, 40.705132], [-73.959169, 40.705012], [-73.959049, 40.704922], [-73.958889, 40.704782], [-73.958249, 40.704192], [-73.957609, 40.703632], [-73.957367, 40.703414], [-73.957367, 40.703414], [-73.956979, 40.703062], [-73.956349, 40.702482], [-73.955729, 40.701922], [-73.955099, 40.701372], [-73.954459, 40.700802], [-73.954219, 40.700602], [-73.954049, 40.700422], [-73.953819, 40.700092], [-73.953509, 40.699662], [-73.953419, 40.699532], [-73.953416, 40.699527], [-73.953416, 40.699527], [-73.953349, 40.699402], [-73.953319, 40.699262], [-73.952919, 40.697182], [-73.952499, 40.694982], [-73.952339, 40.694242], [-73.952199, 40.693512], [-73.952179, 40.693432], [-73.952039, 40.692782], [-73.951939, 40.692282], [-73.951899, 40.692042], [-73.951785, 40.691456], [-73.951785, 40.691456], [-73.951759, 40.691322], [-73.951609, 40.690572], [-73.951569, 40.690382], [-73.951459, 40.689842], [-73.951299, 40.689112], [-73.951159, 40.688382], [-73.951019, 40.687632], [-73.950869, 40.686902], [-73.950739, 40.686172], [-73.950676, 40.685875], [-73.950676, 40.685875], [-73.950589, 40.685462], [-73.950429, 40.684732], [-73.950289, 40.683982], [-73.950149, 40.683252], [-73.949999, 40.682522], [-73.949859, 40.681782], [-73.949719, 40.681052], [-73.949549, 40.680382], [-73.949539, 40.680282], [-73.949557, 40.679967], [-73.949557, 40.679967], [-73.949579, 40.679612], [-73.949589, 40.679562], [-73.949649, 40.678962], [-73.949679, 40.678682], [-73.949689, 40.678542], [-73.949689, 40.678472], [-73.949699, 40.678352], [-73.949759, 40.677642], [-73.949839, 40.676842], [-73.949889, 40.676362], [-73.949919, 40.676082], [-73.949999, 40.675192], [-73.950019, 40.674912], [-73.950089, 40.674302], [-73.950109, 40.674162], [-73.950169, 40.673402], [-73.950249, 40.672512], [-73.950339, 40.671622], [-73.95039, 40.670866], [-73.95039, 40.670866], [-73.950399, 40.670732], [-73.950419, 40.670552], [-73.950469, 40.670022], [-73.950479, 40.669852], [-73.950499, 40.669642], [-73.950559, 40.668962], [-73.950649, 40.668052], [-73.950739, 40.667172], [-73.950779, 40.666642], [-73.950809, 40.666282], [-73.950899, 40.665372], [-73.950969, 40.664672], [-73.951009, 40.664562], [-73.951019, 40.664512], [-73.950949, 40.663892], [-73.950911, 40.663479], [-73.950911, 40.663479], [-73.950879, 40.663112], [-73.950779, 40.662332], [-73.950709, 40.661542], [-73.950699, 40.661462], [-73.950629, 40.660812], [-73.950559, 40.660102], [-73.950479, 40.659392], [-73.950399, 40.658682], [-73.950319, 40.657822], [-73.950299, 40.657732], [-73.950249, 40.657072], [-73.950239, 40.657012], [-73.950159, 40.656242], [-73.950079, 40.655412], [-73.950033, 40.655017], [-73.950033, 40.655017], [-73.949929, 40.654132], [-73.949769, 40.652622], [-73.949669, 40.651672], [-73.949579, 40.650802], [-73.949532, 40.650366], [-73.949532, 40.650366], [-73.949469, 40.649782], [-73.949369, 40.648902], [-73.949359, 40.648822], [-73.949349, 40.648592], [-73.949299, 40.648132], [-73.949139, 40.646862], [-73.948959, 40.645122], [-73.948879, 40.644412], [-73.948749, 40.643232], [-73.948499, 40.640942], [-73.94841, 40.640091], [-73.94841, 40.640091], [-73.948399, 40.639982], [-73.948259, 40.638592], [-73.948209, 40.638102], [-73.947999, 40.636242], [-73.947769, 40.633992], [-73.947689, 40.632822], [-73.947673, 40.632688], [-73.947673, 40.632688], [-73.947539, 40.631552], [-73.947439, 40.630552], [-73.947299, 40.629152], [-73.946859, 40.626772], [-73.946539, 40.625092], [-73.946409, 40.624382], [-73.946389, 40.624292], [-73.946309, 40.623872], [-73.945999, 40.622182], [-73.945959, 40.621972], [-73.945904, 40.621683], [-73.945904, 40.621683], [-73.945649, 40.620342], [-73.945509, 40.619582], [-73.945069, 40.617212], [-73.944882, 40.616219], [-73.944882, 40.616219], [-73.944869, 40.616152], [-73.944839, 40.616012], [-73.944819, 40.615882], [-73.944799, 40.615792], [-73.944739, 40.615482], [-73.944609, 40.614882], [-73.944269, 40.613272], [-73.944149, 40.612682], [-73.944049, 40.611982], [-73.943829, 40.610872], [-73.943719, 40.610272], [-73.943699, 40.610172], [-73.943689, 40.610092], [-73.943639, 40.609832], [-73.943569, 40.609392], [-73.943209, 40.607372], [-73.943131, 40.60698], [-73.943131, 40.60698], [-73.942919, 40.605912], [-73.942759, 40.605052], [-73.942749, 40.605012], [-73.942319, 40.602702], [-73.942309, 40.602662], [-73.941903, 40.600549], [-73.941903, 40.600549], [-73.941879, 40.600422], [-73.941839, 40.600182], [-73.941479, 40.598282], [-73.941409, 40.597992], [-73.941369, 40.597772], [-73.941069, 40.596232], [-73.941009, 40.595892], [-73.940709, 40.594372], [-73.940639, 40.594002], [-73.940614, 40.593871], [-73.940614, 40.593871], [-73.940599, 40.593792], [-73.940519, 40.593402], [-73.940409, 40.592932], [-73.940179, 40.591672], [-73.940039, 40.590872], [-73.939819, 40.589732], [-73.939799, 40.589602], [-73.939789, 40.589542], [-73.939769, 40.589442], [-73.939699, 40.589082], [-73.939529, 40.588222], [-73.939359, 40.587292], [-73.939309, 40.586972], [-73.939189, 40.586342], [-73.939129, 40.585972], [-73.939119, 40.585912], [-73.939089, 40.585732], [-73.939069, 40.585632], [-73.939029, 40.585402], [-73.938734, 40.585455], [-73.938734, 40.585455], [-73.938079, 40.585572], [-73.937599, 40.585642], [-73.937159, 40.585732], [-73.936219, 40.585902], [-73.935309, 40.586032], [-73.934949, 40.586042], [-73.934599, 40.586062], [-73.934349, 40.586062], [-73.933959, 40.586042], [-73.933639, 40.586012], [-73.933329, 40.585962], [-73.933039, 40.585912], [-73.932709, 40.585842], [-73.932349, 40.585742], [-73.931659, 40.585532], [-73.931475, 40.585467]]}}, {"type": "Feature", "properties": {"route_id": "BX6+", "tier": "secondary", "high_need_count": 1}, "geometry": {"type": "LineString", "coordinates": [[-73.890905, 40.820374], [-73.890819, 40.820302], [-73.890719, 40.820232], [-73.890639, 40.820162], [-73.890519, 40.820082], [-73.890449, 40.820022], [-73.890379, 40.819972], [-73.890159, 40.819772], [-73.889719, 40.819422], [-73.889631, 40.819293], [-73.889631, 40.819293], [-73.889169, 40.818612], [-73.888629, 40.817752], [-73.887999, 40.816592], [-73.887799, 40.816402], [-73.887497, 40.816121], [-73.887497, 40.816121], [-73.887369, 40.816002], [-73.886709, 40.815372], [-73.885889, 40.814582], [-73.885549, 40.814632], [-73.884639, 40.814772], [-73.883719, 40.814912], [-73.882799, 40.815052], [-73.881879, 40.815192], [-73.881866, 40.81514], [-73.881866, 40.81514], [-73.881289, 40.812902], [-73.880789, 40.811022], [-73.88044, 40.809628], [-73.88044, 40.809628], [-73.880379, 40.809382], [-73.879929, 40.807676], [-73.879929, 40.807676], [-73.879889, 40.807522], [-73.879399, 40.805692], [-73.879379, 40.805572], [-73.879199, 40.805602], [-73.879138, 40.80561], [-73.879138, 40.80561], [-73.877889, 40.805772], [-73.877749, 40.805772], [-73.877459, 40.805742], [-73.877169, 40.805672], [-73.877039, 40.805612], [-73.876779, 40.805482], [-73.876659, 40.805392], [-73.876014, 40.804771], [-73.876014, 40.804771], [-73.875089, 40.803882], [-73.874839, 40.803682], [-73.874569, 40.803542], [-73.874269, 40.803452], [-73.873789, 40.803392], [-73.873689, 40.803392], [-73.873481, 40.803431], [-73.873481, 40.803431], [-73.873369, 40.803452], [-73.873079, 40.803532], [-73.872799, 40.803672], [-73.872669, 40.803762], [-73.872449, 40.803972], [-73.871899, 40.804692], [-73.871629, 40.805002], [-73.870889, 40.806022], [-73.870839, 40.806152], [-73.870799, 40.806382], [-73.870819, 40.806552], [-73.870859, 40.806702], [-73.871859, 40.808512], [-73.871918, 40.808618], [-73.871918, 40.808618], [-73.872629, 40.809902], [-73.872729, 40.810032], [-73.872859, 40.810152], [-73.872979, 40.810232], [-73.873189, 40.810322], [-73.873439, 40.810372], [-73.873619, 40.810372], [-73.874199, 40.810292], [-73.874244, 40.810288], [-73.874244, 40.810288], [-73.874589, 40.810262], [-73.875089, 40.810182], [-73.875819, 40.810072], [-73.876061, 40.810035]]}}, {"type": "Feature", "properties": {"route_id": "BX12+", "tier": "secondary", "high_need_count": 1}, "geometry": {"type": "LineString", "coordinates": [[-73.826747, 40.853301], [-73.826639, 40.853292], [-73.826499, 40.853272], [-73.826249, 40.853242], [-73.826029, 40.853162], [-73.825849, 40.853422], [-73.825719, 40.853652], [-73.825629, 40.853922], [-73.825609, 40.854212], [-73.825619, 40.854382], [-73.825659, 40.854492], [-73.825709, 40.854632], [-73.825839, 40.854902], [-73.825959, 40.855152], [-73.826069, 40.855412], [-73.826219, 40.855742], [-73.826239, 40.855922], [-73.826269, 40.856122], [-73.826299, 40.856382], [-73.826309, 40.856512], [-73.826339, 40.856672], [-73.826359, 40.856792], [-73.826469, 40.857432], [-73.826589, 40.857872], [-73.826749, 40.858412], [-73.826879, 40.858822], [-73.826969, 40.859042], [-73.827029, 40.859192], [-73.827079, 40.859312], [-73.827129, 40.859442], [-73.827149, 40.859502], [-73.827189, 40.859612], [-73.827239, 40.859732], [-73.827309, 40.859922], [-73.827559, 40.860422], [-73.827729, 40.860692], [-73.827869, 40.860882], [-73.828029, 40.861112], [-73.828129, 40.861232], [-73.828309, 40.861432], [-73.828569, 40.861762], [-73.829119, 40.862482], [-73.829549, 40.863102], [-73.829669, 40.863272], [-73.829929, 40.863692], [-73.830319, 40.864342], [-73.830579, 40.864782], [-73.830639, 40.864882], [-73.830699, 40.864982], [-73.831209, 40.865872], [-73.831299, 40.866042], [-73.831379, 40.866412], [-73.831389, 40.866492], [-73.831389, 40.866552], [-73.831359, 40.866612], [-73.831339, 40.866652], [-73.831299, 40.866702], [-73.831149, 40.866792], [-73.830969, 40.866852], [-73.830869, 40.866692], [-73.830764, 40.866463], [-73.830764, 40.866463], [-73.830389, 40.865642], [-73.830129, 40.865022], [-73.830079, 40.864982], [-73.830019, 40.864972], [-73.829949, 40.864982], [-73.829369, 40.865182], [-73.829149, 40.865132], [-73.828819, 40.864802], [-73.828599, 40.864662], [-73.827673, 40.865692]]}}, {"type": "Feature", "properties": {"route_id": "M15+", "tier": "secondary", "high_need_count": 2}, "geometry": {"type": "LineString", "coordinates": [[-73.932486, 40.803182], [-73.932629, 40.803242], [-73.932799, 40.803312], [-73.932929, 40.803362], [-73.933089, 40.803422], [-73.933349, 40.803052], [-73.933559, 40.802762], [-73.933787, 40.802445], [-73.933787, 40.802445], [-73.934069, 40.802052], [-73.934129, 40.801972], [-73.934519, 40.801442], [-73.934979, 40.800812], [-73.935439, 40.800182], [-73.935899, 40.799562], [-73.936339, 40.798922], [-73.936809, 40.798292], [-73.937279, 40.797672], [-73.937769, 40.796992], [-73.938279, 40.796292], [-73.938519, 40.795952], [-73.938602, 40.795844], [-73.938602, 40.795844], [-73.938619, 40.795822], [-73.939189, 40.795062], [-73.939629, 40.794462], [-73.940109, 40.793812], [-73.940559, 40.793182], [-73.941029, 40.792542], [-73.941409, 40.792022], [-73.941499, 40.791892], [-73.941939, 40.791282], [-73.942429, 40.790622], [-73.942919, 40.789942], [-73.943399, 40.789292], [-73.943717, 40.788868], [-73.943717, 40.788868], [-73.943819, 40.788732], [-73.943849, 40.788682], [-73.943939, 40.788552], [-73.944329, 40.788032], [-73.944379, 40.787962], [-73.944709, 40.787512], [-73.944769, 40.787432], [-73.945229, 40.786802], [-73.945299, 40.786702], [-73.945699, 40.786162], [-73.946049, 40.785672], [-73.946589, 40.784922], [-73.947089, 40.784242], [-73.947518, 40.783652], [-73.947518, 40.783652], [-73.947519, 40.783652], [-73.947589, 40.783562], [-73.948029, 40.782942], [-73.948499, 40.782312], [-73.948619, 40.782152], [-73.948959, 40.781682], [-73.949419, 40.781052], [-73.949879, 40.780432], [-73.950339, 40.779802], [-73.950789, 40.779172], [-73.951279, 40.778552], [-73.951414, 40.778349], [-73.951414, 40.778349], [-73.951739, 40.777862], [-73.952229, 40.777182], [-73.952699, 40.776552], [-73.953159, 40.775912], [-73.953629, 40.775282], [-73.954089, 40.774652], [-73.954549, 40.774012], [-73.955059, 40.773332], [-73.955369, 40.772895], [-73.955369, 40.772895], [-73.955549, 40.772642], [-73.956009, 40.772012], [-73.956479, 40.771372], [-73.956939, 40.770742], [-73.957399, 40.770112], [-73.957889, 40.769472], [-73.958379, 40.768782], [-73.958849, 40.768132], [-73.959319, 40.767482], [-73.959759, 40.766862], [-73.960229, 40.766232], [-73.960422, 40.765966], [-73.960422, 40.765966], [-73.960689, 40.765602], [-73.961139, 40.764982], [-73.961209, 40.764882], [-73.961599, 40.764352], [-73.962049, 40.763732], [-73.962079, 40.763692], [-73.962509, 40.763102], [-73.962969, 40.762482], [-73.963429, 40.761852], [-73.963749, 40.761422], [-73.963889, 40.761222], [-73.964019, 40.761052], [-73.964109, 40.760932], [-73.964199, 40.760812], [-73.964349, 40.760602], [-73.964819, 40.759972], [-73.965269, 40.759342], [-73.965309, 40.759292], [-73.965551, 40.758965], [-73.965551, 40.758965], [-73.965799, 40.758632], [-73.966239, 40.758022], [-73.966699, 40.757382], [-73.967139, 40.756782], [-73.967619, 40.756132], [-73.968079, 40.755502], [-73.968539, 40.754862], [-73.968729, 40.754599], [-73.968729, 40.754599], [-73.968989, 40.754242], [-73.969439, 40.753622], [-73.969899, 40.753002], [-73.969999, 40.752872], [-73.970359, 40.752372], [-73.970809, 40.751752], [-73.971279, 40.751122], [-73.971729, 40.750492], [-73.971939, 40.750202], [-73.972229, 40.749802], [-73.972465, 40.74948], [-73.972465, 40.74948], [-73.972699, 40.749162], [-73.973149, 40.748542], [-73.973589, 40.747932], [-73.974059, 40.747302], [-73.974509, 40.746682], [-73.974569, 40.746592], [-73.974629, 40.746512], [-73.974679, 40.746442], [-73.974739, 40.746362], [-73.974959, 40.746062], [-73.975219, 40.745712], [-73.975409, 40.745452], [-73.975659, 40.745102], [-73.975899, 40.744782], [-73.976189, 40.744382], [-73.97632, 40.744198], [-73.97632, 40.744198], [-73.976389, 40.744102], [-73.976829, 40.743492], [-73.977279, 40.742872], [-73.977729, 40.742252], [-73.977789, 40.742162], [-73.978179, 40.741642], [-73.978629, 40.741022], [-73.978794, 40.740788], [-73.978794, 40.740788], [-73.979069, 40.740402], [-73.979529, 40.739782], [-73.979989, 40.739172], [-73.980239, 40.738822], [-73.980439, 40.738542], [-73.980599, 40.738292], [-73.980869, 40.737882], [-73.98114, 40.737491], [-73.98114, 40.737491], [-73.981349, 40.737192], [-73.981819, 40.736552], [-73.982209, 40.736012], [-73.982439, 40.735702], [-73.982669, 40.735382], [-73.983119, 40.734842], [-73.983549, 40.734252], [-73.983779, 40.733932], [-73.983959, 40.733692], [-73.984439, 40.733022], [-73.984939, 40.732342], [-73.985109, 40.732102], [-73.985363, 40.731754], [-73.985363, 40.731754], [-73.985439, 40.731652], [-73.985909, 40.731012], [-73.986189, 40.730632], [-73.986379, 40.730372], [-73.986629, 40.730022], [-73.986809, 40.729772], [-73.987239, 40.729182], [-73.987669, 40.728582], [-73.988119, 40.727982], [-73.988539, 40.727392], [-73.988979, 40.726782], [-73.989429, 40.726182], [-73.989869, 40.725572], [-73.990339, 40.724922], [-73.990809, 40.724272], [-73.990979, 40.724032], [-73.990979, 40.723702], [-73.991039, 40.723562], [-73.990879, 40.723512], [-73.990479, 40.723402], [-73.990309, 40.723352], [-73.989439, 40.723092], [-73.989269, 40.723042], [-73.988679, 40.722862], [-73.988779, 40.722782], [-73.988859, 40.722682], [-73.988909, 40.722552], [-73.988942, 40.722468], [-73.988942, 40.722468], [-73.989259, 40.721672], [-73.989829, 40.720522], [-73.990459, 40.719312], [-73.990509, 40.719202], [-73.990529, 40.719162], [-73.990959, 40.718332], [-73.991429, 40.717412], [-73.991966, 40.716355], [-73.991966, 40.716355], [-73.992029, 40.716232], [-73.992609, 40.715112], [-73.992799, 40.714752], [-73.992839, 40.714652], [-73.992849, 40.714542], [-73.992819, 40.714352], [-73.992749, 40.713832], [-73.992649, 40.713162], [-73.992629, 40.713032], [-73.992539, 40.712442], [-73.993269, 40.712382], [-73.993329, 40.712382], [-73.993639, 40.712362], [-73.993679, 40.712362], [-73.993769, 40.712352], [-73.994359, 40.712302], [-73.996939, 40.712062], [-73.99745, 40.712], [-73.99745, 40.712], [-73.997769, 40.711962], [-73.998399, 40.711902], [-73.998679, 40.711872], [-73.998809, 40.711862], [-73.999619, 40.711792], [-73.999709, 40.711782], [-73.999999, 40.711472], [-74.000219, 40.711262], [-74.000539, 40.710942], [-74.000779, 40.710652], [-74.000939, 40.710422], [-74.001119, 40.710182], [-74.001259, 40.710012], [-74.001419, 40.709802], [-74.001459, 40.709752], [-74.001509, 40.709682], [-74.001569, 40.709602], [-74.001609, 40.709552], [-74.001639, 40.709512], [-74.001679, 40.709472], [-74.002099, 40.709132], [-74.002489, 40.708822], [-74.003169, 40.708292], [-74.003419, 40.708102], [-74.003539, 40.707982], [-74.003934, 40.707555], [-74.003934, 40.707555], [-74.004049, 40.707432], [-74.004999, 40.706852], [-74.005689, 40.706362], [-74.005929, 40.706192], [-74.006019, 40.706132], [-74.006739, 40.705622], [-74.007399, 40.705172], [-74.008119, 40.704662], [-74.008211, 40.7046], [-74.008211, 40.7046], [-74.008799, 40.704202], [-74.008989, 40.704072], [-74.009509, 40.703722], [-74.009609, 40.703652], [-74.009719, 40.703582], [-74.010099, 40.703332], [-74.010249, 40.703262], [-74.010429, 40.703212], [-74.011499, 40.702952], [-74.012329, 40.702732], [-74.012429, 40.702642], [-74.012569, 40.702552], [-74.012839, 40.702412], [-74.013009, 40.702382], [-74.013269, 40.702362], [-74.013799, 40.702342], [-74.01388, 40.702251], [-74.013889, 40.702242], [-74.013906, 40.702224], [-74.013804, 40.701918]]}}, {"type": "Feature", "properties": {"route_id": "BX41+", "tier": "secondary", "high_need_count": 1}, "geometry": {"type": "LineString", "coordinates": [[-73.918353, 40.815653], [-73.917859, 40.815932], [-73.917629, 40.816052], [-73.917109, 40.816362], [-73.916769, 40.816562], [-73.917459, 40.816752], [-73.917299, 40.817112], [-73.917119, 40.817502], [-73.916999, 40.817782], [-73.916809, 40.818222], [-73.916499, 40.818872], [-73.916209, 40.819512], [-73.916059, 40.819832], [-73.915909, 40.820162], [-73.915729, 40.820582], [-73.915629, 40.820822], [-73.915409, 40.821252], [-73.915189, 40.821662], [-73.914969, 40.822072], [-73.914849, 40.822292], [-73.914789, 40.822412], [-73.914699, 40.822582], [-73.914509, 40.822932], [-73.914459, 40.823022], [-73.914359, 40.823222], [-73.914169, 40.823582], [-73.913849, 40.824182], [-73.913659, 40.824532], [-73.913586, 40.824666], [-73.913586, 40.824666], [-73.913519, 40.824792], [-73.913179, 40.825462], [-73.912909, 40.825982], [-73.912249, 40.827272], [-73.912169, 40.827422], [-73.912029, 40.827562], [-73.911849, 40.827802], [-73.911809, 40.827882], [-73.911719, 40.828122], [-73.911699, 40.828212], [-73.911669, 40.828352], [-73.911629, 40.828512], [-73.911459, 40.828902], [-73.911399, 40.829132], [-73.911049, 40.829742], [-73.910919, 40.829962], [-73.910869, 40.830052], [-73.910479, 40.830742], [-73.910302, 40.831061], [-73.910302, 40.831061], [-73.909829, 40.831912], [-73.909629, 40.832262], [-73.909439, 40.832592], [-73.909319, 40.832792], [-73.909139, 40.833102], [-73.909059, 40.833242], [-73.908939, 40.833472], [-73.908699, 40.833922], [-73.908449, 40.834362], [-73.908109, 40.834972], [-73.907989, 40.835192], [-73.907779, 40.835579], [-73.907779, 40.835579], [-73.907449, 40.836192], [-73.907109, 40.836772], [-73.906949, 40.837022], [-73.906699, 40.837402], [-73.906369, 40.837912], [-73.905999, 40.838522], [-73.905859, 40.838822], [-73.905739, 40.839062], [-73.905709, 40.839112], [-73.905609, 40.839322], [-73.905379, 40.839792], [-73.905339, 40.839862], [-73.905109, 40.840252], [-73.904989, 40.840462], [-73.904909, 40.840592], [-73.904829, 40.840722], [-73.904739, 40.840862], [-73.904679, 40.840972], [-73.904178, 40.841847], [-73.904178, 40.841847], [-73.904129, 40.841932], [-73.903859, 40.842502], [-73.903589, 40.842982], [-73.903339, 40.843442], [-73.903109, 40.843812], [-73.902909, 40.844182], [-73.902779, 40.844412], [-73.902709, 40.844542], [-73.902649, 40.844652], [-73.902609, 40.844722], [-73.902479, 40.844952], [-73.902099, 40.845632], [-73.901419, 40.846852], [-73.901199, 40.847232], [-73.900929, 40.847702], [-73.900718, 40.848059], [-73.900718, 40.848059], [-73.900629, 40.848212], [-73.900549, 40.848362], [-73.900119, 40.849162], [-73.899529, 40.850102], [-73.899489, 40.850172], [-73.899319, 40.850422], [-73.898359, 40.851902], [-73.898269, 40.852042], [-73.898172, 40.852199], [-73.898172, 40.852199], [-73.898109, 40.852302], [-73.897589, 40.853102], [-73.896439, 40.854902], [-73.896119, 40.855402], [-73.895999, 40.855592], [-73.895789, 40.855932], [-73.895599, 40.856242], [-73.895269, 40.856732], [-73.895229, 40.856792], [-73.894709, 40.857622], [-73.893929, 40.858772], [-73.893809, 40.858972], [-73.893349, 40.859672], [-73.893189, 40.859862], [-73.892979, 40.860102], [-73.892759, 40.860322], [-73.892569, 40.860512], [-73.892069, 40.861002], [-73.891849, 40.861222], [-73.891609, 40.861452], [-73.891349, 40.861712], [-73.891139, 40.861872], [-73.890699, 40.862192], [-73.890545, 40.862313], [-73.890545, 40.862313], [-73.890129, 40.862642], [-73.889749, 40.862892], [-73.889479, 40.863082], [-73.889089, 40.863432], [-73.888799, 40.863672], [-73.888509, 40.863932], [-73.888149, 40.864242], [-73.887699, 40.864652], [-73.887429, 40.864892], [-73.886829, 40.865422], [-73.886539, 40.865592], [-73.886209, 40.865802], [-73.885949, 40.865942], [-73.885519, 40.866172], [-73.885139, 40.866382], [-73.884419, 40.866792], [-73.883779, 40.86715], [-73.883779, 40.86715], [-73.883579, 40.867262], [-73.882849, 40.867722], [-73.881849, 40.868362], [-73.881499, 40.868582], [-73.881319, 40.868682], [-73.880819, 40.868952], [-73.880379, 40.869202], [-73.879729, 40.869532], [-73.879419, 40.869702], [-73.878979, 40.869922], [-73.878339, 40.870262], [-73.877609, 40.870672], [-73.877309, 40.870832], [-73.877059, 40.870962], [-73.876819, 40.871112], [-73.876579, 40.871322], [-73.876503, 40.871398], [-73.876503, 40.871398], [-73.876119, 40.871782], [-73.875389, 40.872492], [-73.875019, 40.872862], [-73.874929, 40.872962], [-73.874639, 40.873292], [-73.874399, 40.873592], [-73.874099, 40.873962], [-73.873789, 40.874352], [-73.873439, 40.874812], [-73.873259, 40.875052], [-73.872809, 40.875732], [-73.872499, 40.876192], [-73.872309, 40.876462], [-73.872159, 40.876682], [-73.872019, 40.876902], [-73.871939, 40.877062], [-73.871879, 40.877252], [-73.871769, 40.877782], [-73.871649, 40.878389], [-73.871649, 40.878389], [-73.871599, 40.878642], [-73.870949, 40.878512], [-73.870479, 40.878402], [-73.870309, 40.878362], [-73.870149, 40.878322], [-73.869979, 40.878282], [-73.869779, 40.878212], [-73.869489, 40.878132], [-73.869359, 40.878092], [-73.869019, 40.878012], [-73.868529, 40.877902], [-73.868269, 40.877842], [-73.868079, 40.877802], [-73.867529, 40.877682], [-73.867379, 40.877642], [-73.867199, 40.877402], [-73.867139, 40.877312], [-73.866979, 40.877182], [-73.866839, 40.877072], [-73.866769, 40.877012], [-73.866959, 40.876532], [-73.866879, 40.876492], [-73.866779, 40.876502], [-73.866719, 40.876532], [-73.866639, 40.876612], [-73.866499, 40.876912], [-73.866219, 40.877292], [-73.866075, 40.877528]]}}, {"type": "Feature", "properties": {"route_id": "Q44+", "tier": "priority", "high_need_count": 3}, "geometry": {"type": "LineString", "coordinates": [[-73.824916, 40.739333], [-73.824949, 40.738882], [-73.824999, 40.738282], [-73.825089, 40.737342], [-73.825289, 40.735122], [-73.825359, 40.734082], [-73.825358, 40.734074], [-73.825358, 40.734074], [-73.825349, 40.733832], [-73.825329, 40.733662], [-73.825309, 40.733562], [-73.825279, 40.733472], [-73.825209, 40.733292], [-73.824889, 40.732632], [-73.824539, 40.731992], [-73.824209, 40.731352], [-73.823879, 40.730692], [-73.823739, 40.730412], [-73.823583, 40.7301], [-73.823583, 40.7301], [-73.823529, 40.729992], [-73.823169, 40.729302], [-73.822829, 40.728642], [-73.822479, 40.727972], [-73.822159, 40.727362], [-73.821979, 40.727012], [-73.821879, 40.726812], [-73.821819, 40.726682], [-73.821419, 40.725912], [-73.821129, 40.725332], [-73.820769, 40.724652], [-73.820749, 40.724622], [-73.8205, 40.724101], [-73.8205, 40.724101], [-73.820439, 40.723972], [-73.820049, 40.723202], [-73.819739, 40.722662], [-73.819399, 40.721992], [-73.819069, 40.721322], [-73.818719, 40.720662], [-73.818389, 40.719992], [-73.818039, 40.719332], [-73.817699, 40.718672], [-73.817429, 40.718132], [-73.817258, 40.71779], [-73.817258, 40.71779], [-73.817209, 40.717692], [-73.817159, 40.717592], [-73.816749, 40.716822], [-73.816619, 40.716532], [-73.816479, 40.716242], [-73.816429, 40.716122], [-73.816349, 40.716022], [-73.816359, 40.715902], [-73.816359, 40.715632], [-73.816359, 40.715602], [-73.816349, 40.714932], [-73.816369, 40.714712], [-73.816399, 40.714472], [-73.816459, 40.714212], [-73.816469, 40.714172], [-73.816509, 40.714062], [-73.816619, 40.713752], [-73.816749, 40.713472], [-73.816879, 40.713232], [-73.816989, 40.713052], [-73.817129, 40.712852], [-73.817369, 40.712552], [-73.817419, 40.712502], [-73.817609, 40.712312], [-73.817809, 40.712202], [-73.818069, 40.712032], [-73.818279, 40.711852], [-73.818549, 40.711592], [-73.818779, 40.711312], [-73.818928, 40.711068], [-73.818928, 40.711068], [-73.818969, 40.711002], [-73.819039, 40.710892], [-73.819199, 40.710662], [-73.819439, 40.710372], [-73.819859, 40.709902], [-73.819979, 40.709762], [-73.820049, 40.709692], [-73.820089, 40.709652], [-73.820119, 40.709612], [-73.820009, 40.709562], [-73.819429, 40.709262], [-73.819279, 40.709182], [-73.819159, 40.709102], [-73.818769, 40.708792], [-73.818702, 40.708735], [-73.818702, 40.708735], [-73.818399, 40.708472], [-73.818079, 40.708132], [-73.817669, 40.707592], [-73.817259, 40.706992], [-73.816849, 40.706362], [-73.815879, 40.704922], [-73.815699, 40.704652], [-73.815439, 40.704272], [-73.815349, 40.704142], [-73.815119, 40.704182], [-73.814949, 40.704232], [-73.814409, 40.704372], [-73.812779, 40.704822], [-73.812599, 40.704872], [-73.811889, 40.705072], [-73.811479, 40.705192], [-73.810719, 40.705412], [-73.810569, 40.705452], [-73.809679, 40.705722], [-73.809669, 40.705692], [-73.809524, 40.705403], [-73.809524, 40.705403], [-73.809419, 40.705192], [-73.809249, 40.704852], [-73.808779, 40.703842], [-73.808769, 40.703812], [-73.808429, 40.703012], [-73.807969, 40.701962], [-73.807939, 40.701858], [-73.807939, 40.701858], [-73.807909, 40.701752], [-73.807979, 40.701752], [-73.807879, 40.701162], [-73.807769, 40.700712], [-73.807719, 40.700592], [-73.807449, 40.700622], [-73.807254, 40.700672], [-73.807254, 40.700672], [-73.806759, 40.700802], [-73.806039, 40.700922], [-73.805259, 40.701152], [-73.804169, 40.701472], [-73.803759, 40.701542], [-73.803269, 40.701652], [-73.802577, 40.701815], [-73.802419, 40.701852], [-73.802074, 40.701931], [-73.802074, 40.701931], [-73.801899, 40.701972], [-73.801319, 40.702092], [-73.800649, 40.702272], [-73.799919, 40.702472], [-73.798559, 40.702722], [-73.798409, 40.702732], [-73.798269, 40.702742], [-73.797119, 40.703032], [-73.796199, 40.703242], [-73.796089, 40.703292], [-73.795989, 40.703322], [-73.794619, 40.703662], [-73.793779, 40.704032], [-73.792819, 40.704432], [-73.79233, 40.704604], [-73.79233, 40.704604], [-73.791659, 40.704842], [-73.792039, 40.705472], [-73.792259, 40.705832], [-73.792559, 40.706382], [-73.792949, 40.706262], [-73.793189, 40.706172], [-73.793389, 40.706102], [-73.793949, 40.705872], [-73.793559, 40.705322], [-73.793259, 40.704962]]}}, {"type": "Feature", "properties": {"route_id": "M60+", "tier": "secondary", "high_need_count": 2}, "geometry": {"type": "LineString", "coordinates": [[-73.967716, 40.801821], [-73.967689, 40.802152], [-73.967609, 40.802532], [-73.967509, 40.802822], [-73.967479, 40.802882], [-73.967289, 40.803182], [-73.967049, 40.803512], [-73.966609, 40.804122], [-73.966129, 40.804772], [-73.965669, 40.805412], [-73.965199, 40.806032], [-73.964739, 40.806672], [-73.964689, 40.806742], [-73.964299, 40.807302], [-73.964009, 40.807692], [-73.963852, 40.807911], [-73.963852, 40.807911], [-73.962045, 40.810368], [-73.962045, 40.810368], [-73.961959, 40.810482], [-73.960639, 40.809932], [-73.959219, 40.809332], [-73.958995, 40.809625], [-73.958995, 40.809625], [-73.958709, 40.810002], [-73.958649, 40.810082], [-73.958279, 40.810612], [-73.958259, 40.810642], [-73.957809, 40.811262], [-73.957309, 40.811932], [-73.956829, 40.812602], [-73.956668, 40.812806], [-73.956668, 40.812806], [-73.956249, 40.813342], [-73.955529, 40.812492], [-73.955299, 40.812222], [-73.955079, 40.811972], [-73.954929, 40.811842], [-73.954769, 40.811722], [-73.954549, 40.811602], [-73.954009, 40.811372], [-73.952579, 40.810762], [-73.952139, 40.810573], [-73.952139, 40.810573], [-73.951949, 40.810492], [-73.951159, 40.810162], [-73.950549, 40.809902], [-73.949749, 40.809562], [-73.948409, 40.809002], [-73.948249, 40.808932], [-73.946759, 40.808302], [-73.946199, 40.808062], [-73.945549, 40.807792], [-73.945419, 40.807742], [-73.945027, 40.807582], [-73.945027, 40.807582], [-73.944879, 40.807522], [-73.943769, 40.807062], [-73.942429, 40.806502], [-73.942249, 40.806422], [-73.942029, 40.806332], [-73.940629, 40.805732], [-73.94025, 40.80557], [-73.94025, 40.80557], [-73.939159, 40.805102], [-73.939019, 40.805042], [-73.938909, 40.804992], [-73.937409, 40.804372], [-73.937009, 40.804202], [-73.937009, 40.804202], [-73.935809, 40.803692], [-73.934099, 40.802982], [-73.933748, 40.802839], [-73.933748, 40.802839], [-73.933559, 40.802762], [-73.933409, 40.802702], [-73.933109, 40.802252], [-73.932899, 40.802162], [-73.932539, 40.802002], [-73.931389, 40.801502], [-73.931279, 40.801452], [-73.931129, 40.801392], [-73.930969, 40.801322], [-73.930799, 40.801272], [-73.930629, 40.801212], [-73.930119, 40.801092], [-73.930019, 40.801072], [-73.929839, 40.801032], [-73.929589, 40.800982], [-73.929419, 40.800942], [-73.929029, 40.800762], [-73.928759, 40.800652], [-73.928689, 40.800622], [-73.927849, 40.800272], [-73.926909, 40.799882], [-73.926289, 40.799622], [-73.926249, 40.799602], [-73.926079, 40.799522], [-73.925749, 40.799362], [-73.925359, 40.799172], [-73.925299, 40.799142], [-73.924609, 40.798732], [-73.924269, 40.798562], [-73.923949, 40.798402], [-73.923809, 40.798332], [-73.923639, 40.798252], [-73.923239, 40.798062], [-73.922919, 40.797912], [-73.922619, 40.797782], [-73.922109, 40.797422], [-73.921889, 40.797222], [-73.921769, 40.797042], [-73.921719, 40.796922], [-73.921669, 40.796742], [-73.921669, 40.796582], [-73.921699, 40.79641], [-73.921699, 40.79641], [-73.921709, 40.796352], [-73.921819, 40.796122], [-73.922219, 40.795562], [-73.922629, 40.794992], [-73.922779, 40.794782], [-73.923149, 40.794262], [-73.923689, 40.793462], [-73.924109, 40.792782], [-73.924499, 40.792362], [-73.924809, 40.792012], [-73.925209, 40.791552], [-73.925589, 40.791122], [-73.925979, 40.790672], [-73.926829, 40.789702], [-73.927049, 40.789452], [-73.927869, 40.788522], [-73.928689, 40.787582], [-73.929109, 40.787122], [-73.929449, 40.786722], [-73.929739, 40.786312], [-73.929919, 40.785942], [-73.930009, 40.785682], [-73.930049, 40.785522], [-73.930099, 40.785282], [-73.930119, 40.785162], [-73.930129, 40.784992], [-73.930109, 40.784682], [-73.930059, 40.784372], [-73.930029, 40.784272], [-73.930009, 40.784182], [-73.929999, 40.784142], [-73.929909, 40.783882], [-73.929809, 40.783672], [-73.929689, 40.783482], [-73.929569, 40.783312], [-73.927879, 40.781112], [-73.927779, 40.780972], [-73.927069, 40.780062], [-73.925779, 40.778352], [-73.925719, 40.778272], [-73.925609, 40.778122], [-73.925019, 40.777342], [-73.924569, 40.776752], [-73.924339, 40.776452], [-73.923719, 40.775622], [-73.923359, 40.775142], [-73.922989, 40.774682], [-73.922709, 40.774372], [-73.922569, 40.774222], [-73.922279, 40.773972], [-73.921969, 40.773692], [-73.921669, 40.773482], [-73.921259, 40.773182], [-73.920769, 40.772832], [-73.920579, 40.772702], [-73.919899, 40.772202], [-73.919579, 40.771972], [-73.918789, 40.771272], [-73.918579, 40.771112], [-73.918429, 40.770942], [-73.918219, 40.770802], [-73.917749, 40.770492], [-73.917649, 40.770432], [-73.917509, 40.770332], [-73.917481, 40.770312], [-73.917481, 40.770312], [-73.917289, 40.770172], [-73.916789, 40.769842], [-73.916489, 40.769762], [-73.915829, 40.769642], [-73.914859, 40.769482], [-73.913879, 40.769332], [-73.912899, 40.769162], [-73.911929, 40.769002], [-73.910909, 40.768852], [-73.910802, 40.768832], [-73.910802, 40.768832], [-73.909989, 40.768682], [-73.908999, 40.768542], [-73.908209, 40.768412], [-73.908019, 40.768382], [-73.907079, 40.768262], [-73.906099, 40.768082], [-73.905759, 40.768022], [-73.905439, 40.767942], [-73.904979, 40.767762], [-73.904819, 40.767702], [-73.904389, 40.767552], [-73.904229, 40.767522], [-73.904109, 40.767512], [-73.903789, 40.767492], [-73.903619, 40.767492], [-73.902879, 40.767492], [-73.902439, 40.767452], [-73.902099, 40.767402], [-73.897749, 40.766712], [-73.897149, 40.766622], [-73.894549, 40.766172], [-73.894259, 40.766132], [-73.894159, 40.766112], [-73.893949, 40.766082], [-73.893409, 40.765932], [-73.892849, 40.765782], [-73.892359, 40.765722], [-73.891909, 40.765692], [-73.891437, 40.765637], [-73.891437, 40.765637], [-73.891139, 40.765602], [-73.890489, 40.765492], [-73.890199, 40.765522], [-73.889989, 40.765592], [-73.889649, 40.765842], [-73.889439, 40.765982], [-73.889129, 40.766102], [-73.888669, 40.766212], [-73.888259, 40.766292], [-73.887599, 40.766332], [-73.887499, 40.766352], [-73.887196, 40.766418], [-73.887196, 40.766418], [-73.886999, 40.766462], [-73.886429, 40.766572], [-73.885529, 40.766772], [-73.884599, 40.766952], [-73.883679, 40.767122], [-73.882769, 40.767272], [-73.882388, 40.767339], [-73.882388, 40.767339], [-73.881859, 40.767432], [-73.880929, 40.767592], [-73.879979, 40.767702], [-73.879069, 40.767802], [-73.878129, 40.767892], [-73.877219, 40.767992], [-73.876239, 40.768102], [-73.876249, 40.768172], [-73.876299, 40.768432], [-73.876306, 40.768472], [-73.876306, 40.768472], [-73.876319, 40.768542], [-73.876369, 40.768832], [-73.876359, 40.769022], [-73.876279, 40.769252], [-73.876069, 40.769642], [-73.876019, 40.769822], [-73.876009, 40.770172], [-73.876009, 40.770332], [-73.875959, 40.770452], [-73.875919, 40.770922], [-73.875919, 40.771062], [-73.875949, 40.771282], [-73.875979, 40.771452], [-73.876019, 40.771582], [-73.876049, 40.771672], [-73.876159, 40.772052], [-73.875866, 40.772108], [-73.875866, 40.772108], [-73.875849, 40.772112], [-73.875499, 40.772152], [-73.875309, 40.772142], [-73.875009, 40.772102], [-73.874619, 40.772062], [-73.874119, 40.772022], [-73.873809, 40.772032], [-73.872969, 40.772022], [-73.872149, 40.771932], [-73.871549, 40.771842], [-73.871139, 40.771762], [-73.871039, 40.771742], [-73.870819, 40.771692], [-73.870019, 40.771442], [-73.869589, 40.771292], [-73.868919, 40.770972], [-73.868289, 40.770602], [-73.868214, 40.770559], [-73.868009, 40.770442], [-73.867919, 40.770392], [-73.867859, 40.770352], [-73.867808, 40.770321], [-73.867754, 40.770288], [-73.867085, 40.769883], [-73.866919, 40.769782], [-73.866389, 40.769412], [-73.865929, 40.769002], [-73.865509, 40.768702], [-73.865109, 40.768372], [-73.864899, 40.768212], [-73.864179, 40.767542], [-73.863968, 40.76734], [-73.863119, 40.767182], [-73.862959, 40.767132], [-73.862749, 40.767122], [-73.862279, 40.767152], [-73.861849, 40.767202], [-73.861729, 40.767222], [-73.861549, 40.767272], [-73.861439, 40.767312], [-73.861329, 40.767402], [-73.861289, 40.767482], [-73.861279, 40.767562], [-73.861309, 40.767612], [-73.861359, 40.767662], [-73.861509, 40.767762], [-73.861849, 40.767992], [-73.862369, 40.768352], [-73.862859, 40.768682], [-73.863149, 40.768782], [-73.863669, 40.769302], [-73.863749, 40.769402], [-73.863889, 40.769602], [-73.863909, 40.769812], [-73.864009, 40.769992], [-73.864412, 40.770256]]}}, {"type": "Feature", "properties": {"route_id": "B82+", "tier": "secondary", "high_need_count": 1}, "geometry": {"type": "LineString", "coordinates": [[-73.994396, 40.593752], [-73.994419, 40.593772], [-73.994769, 40.594082], [-73.994839, 40.594132], [-73.994989, 40.594242], [-73.995179, 40.594382], [-73.995299, 40.594432], [-73.995459, 40.594572], [-73.996059, 40.595072], [-73.996709, 40.595612], [-73.997349, 40.596162], [-73.997669, 40.596432], [-73.997969, 40.596692], [-73.998639, 40.597262], [-73.998249, 40.597632], [-73.997729, 40.598132], [-73.99743, 40.59843], [-73.99743, 40.59843], [-73.993366, 40.602365], [-73.993366, 40.602365], [-73.98921, 40.606381], [-73.98921, 40.606381], [-73.989169, 40.606422], [-73.989029, 40.606412], [-73.988919, 40.606392], [-73.988499, 40.606302], [-73.987019, 40.606012], [-73.985989, 40.605862], [-73.985009, 40.605732], [-73.984069, 40.605582], [-73.984019, 40.605572], [-73.983799, 40.605542], [-73.983499, 40.605512], [-73.983069, 40.605492], [-73.982089, 40.605372], [-73.981129, 40.605272], [-73.980569, 40.605212], [-73.980376, 40.605188], [-73.980376, 40.605188], [-73.980159, 40.605162], [-73.979119, 40.605052], [-73.978079, 40.604902], [-73.977099, 40.604752], [-73.976129, 40.604612], [-73.975159, 40.604502], [-73.974889, 40.604472], [-73.974209, 40.604392], [-73.973969, 40.604362], [-73.973209, 40.604292], [-73.973069, 40.604282], [-73.972469, 40.604202], [-73.972415, 40.604197], [-73.972415, 40.604197], [-73.972359, 40.604192], [-73.972259, 40.604182], [-73.972189, 40.604182], [-73.971949, 40.604192], [-73.971779, 40.604212], [-73.970929, 40.604322], [-73.970859, 40.604332], [-73.970089, 40.604422], [-73.970019, 40.604432], [-73.969089, 40.604542], [-73.968799, 40.604592], [-73.968719, 40.604622], [-73.968499, 40.604732], [-73.968339, 40.604832], [-73.968219, 40.604922], [-73.967579, 40.605382], [-73.967429, 40.605472], [-73.967329, 40.605522], [-73.967219, 40.605562], [-73.966939, 40.605662], [-73.966689, 40.605742], [-73.966039, 40.605972], [-73.965649, 40.606102], [-73.964619, 40.606462], [-73.963719, 40.606742], [-73.962889, 40.607012], [-73.961879, 40.607322], [-73.961401, 40.607506], [-73.961401, 40.607506], [-73.957628, 40.60904], [-73.957628, 40.60904], [-73.957569, 40.609062], [-73.957509, 40.609092], [-73.957409, 40.609142], [-73.956489, 40.609532], [-73.955589, 40.609932], [-73.954699, 40.610252], [-73.954159, 40.610432], [-73.953752, 40.610573], [-73.953752, 40.610573], [-73.953639, 40.610612], [-73.953549, 40.610642], [-73.953139, 40.610802], [-73.952589, 40.611092], [-73.951889, 40.611232], [-73.951649, 40.611272], [-73.951379, 40.611332], [-73.951199, 40.611382], [-73.951059, 40.611432], [-73.950909, 40.611502], [-73.950769, 40.611582], [-73.949959, 40.612292], [-73.949119, 40.613052], [-73.948259, 40.613632], [-73.947409, 40.614222], [-73.947159, 40.614392], [-73.946559, 40.614782], [-73.945979, 40.615182], [-73.945729, 40.615352], [-73.945249, 40.615712], [-73.944839, 40.616012], [-73.944773, 40.616069], [-73.944773, 40.616069], [-73.944439, 40.616362], [-73.944349, 40.616432], [-73.943969, 40.616782], [-73.943409, 40.617402], [-73.943059, 40.617802], [-73.942639, 40.618302], [-73.942409, 40.618572], [-73.941889, 40.619172], [-73.941639, 40.619462], [-73.941339, 40.619592], [-73.941269, 40.619592], [-73.941219, 40.619602], [-73.941039, 40.619712], [-73.940949, 40.619802], [-73.940849, 40.619952], [-73.940829, 40.620042], [-73.940829, 40.620092], [-73.940829, 40.620142], [-73.940779, 40.620272], [-73.940759, 40.620502], [-73.940726, 40.620533], [-73.940726, 40.620533], [-73.940429, 40.620812], [-73.939989, 40.621142], [-73.939679, 40.621312], [-73.939369, 40.621452], [-73.939119, 40.621542], [-73.938219, 40.621832], [-73.937499, 40.622072], [-73.937159, 40.622192], [-73.936684, 40.622356], [-73.936684, 40.622356], [-73.936609, 40.622382], [-73.936149, 40.622652], [-73.936019, 40.622752], [-73.935939, 40.622832], [-73.935879, 40.622922], [-73.935759, 40.623182], [-73.935699, 40.623352], [-73.935609, 40.623542], [-73.935549, 40.623692], [-73.935459, 40.623862], [-73.935409, 40.623922], [-73.934849, 40.624422], [-73.934683, 40.624568], [-73.93436, 40.624854], [-73.933595, 40.625531], [-73.933595, 40.625531], [-73.933549, 40.625572], [-73.933429, 40.625682], [-73.933329, 40.625612], [-73.933209, 40.625532], [-73.933009, 40.625492], [-73.932409, 40.625522], [-73.931979, 40.625552], [-73.931479, 40.625582], [-73.930519, 40.625642], [-73.929559, 40.625712], [-73.928619, 40.625762], [-73.928349, 40.625782], [-73.928059, 40.625962], [-73.92797, 40.626017], [-73.92797, 40.626017], [-73.917988, 40.632457], [-73.917988, 40.632457], [-73.912914, 40.635748], [-73.912914, 40.635748], [-73.90604, 40.640176], [-73.90604, 40.640176], [-73.905969, 40.640222], [-73.905889, 40.640272], [-73.905199, 40.640722], [-73.904629, 40.641092], [-73.903769, 40.641642], [-73.903039, 40.642122], [-73.902329, 40.642572], [-73.901469, 40.643122], [-73.902169, 40.643782], [-73.903099, 40.644622], [-73.902309, 40.645142], [-73.901785, 40.645477], [-73.901785, 40.645477], [-73.901419, 40.645712], [-73.900709, 40.646162], [-73.899949, 40.646652], [-73.899269, 40.647092], [-73.898549, 40.647552], [-73.897829, 40.648052], [-73.897119, 40.647412], [-73.896929, 40.647242], [-73.896169, 40.646562], [-73.895929, 40.646662], [-73.895679, 40.646822], [-73.895379, 40.647012], [-73.894639, 40.647482], [-73.894259, 40.647733], [-73.894259, 40.647733], [-73.894169, 40.647792], [-73.893949, 40.647942], [-73.893249, 40.648392], [-73.892889, 40.648612], [-73.892499, 40.648862], [-73.892269, 40.649052], [-73.892049, 40.649252], [-73.891599, 40.649642], [-73.891209, 40.649982], [-73.891169, 40.650022], [-73.890899, 40.650262], [-73.890329, 40.650772], [-73.890065, 40.651016], [-73.890065, 40.651016], [-73.890059, 40.651022], [-73.889959, 40.651092], [-73.889679, 40.651242], [-73.888749, 40.651632], [-73.887929, 40.651982], [-73.887099, 40.652342], [-73.886319, 40.652682], [-73.885729, 40.651882], [-73.885179, 40.651152], [-73.884889, 40.650752], [-73.884659, 40.650432], [-73.884651, 40.650422], [-73.884651, 40.650422], [-73.884479, 40.650212], [-73.884169, 40.649912], [-73.883769, 40.649562], [-73.883559, 40.649372], [-73.883149, 40.649022], [-73.882819, 40.648712], [-73.882469, 40.648382], [-73.882339, 40.648262], [-73.881869, 40.647832], [-73.881706, 40.647683], [-73.881706, 40.647683], [-73.881539, 40.647532], [-73.881499, 40.647502], [-73.881269, 40.647292], [-73.880879, 40.646952], [-73.880769, 40.646852], [-73.880159, 40.646322], [-73.879929, 40.646112], [-73.879339, 40.645562], [-73.879049, 40.645282], [-73.878569, 40.644912], [-73.878359, 40.644802], [-73.878189, 40.644642], [-73.877729, 40.644222], [-73.877609, 40.644112], [-73.877519, 40.644022], [-73.877919, 40.643452], [-73.878185, 40.643061], [-73.878253, 40.642962]]}}, {"type": "Feature", "properties": {"route_id": "SIM11", "tier": "secondary", "high_need_count": 1}, "geometry": {"type": "LineString", "coordinates": [[-74.110386, 40.563984], [-74.111499, 40.562542], [-74.112173, 40.561587], [-74.112173, 40.561587], [-74.112269, 40.561452], [-74.112559, 40.561622], [-74.112759, 40.561742], [-74.112948, 40.561862], [-74.113349, 40.562102], [-74.113539, 40.562222], [-74.113719, 40.562322], [-74.114289, 40.562672], [-74.114709, 40.562922], [-74.115099, 40.563162], [-74.115399, 40.563332], [-74.115619, 40.563462], [-74.116189, 40.563782], [-74.116309, 40.563852], [-74.115469, 40.564702], [-74.114975, 40.565196], [-74.114975, 40.565196], [-74.114899, 40.565272], [-74.114309, 40.565842], [-74.114059, 40.566092], [-74.113689, 40.566452], [-74.113428, 40.566707], [-74.113428, 40.566707], [-74.113239, 40.566892], [-74.113149, 40.566982], [-74.112959, 40.567172], [-74.112549, 40.567582], [-74.112029, 40.568102], [-74.111419, 40.568722], [-74.111279, 40.568872], [-74.111109, 40.569032], [-74.111059, 40.569082], [-74.110859, 40.569282], [-74.110319, 40.569812], [-74.110089, 40.570042], [-74.109818, 40.570299], [-74.109818, 40.570299], [-74.109689, 40.570422], [-74.109109, 40.570992], [-74.108559, 40.571552], [-74.108359, 40.571752], [-74.108029, 40.572092], [-74.107489, 40.572632], [-74.106939, 40.573182], [-74.106759, 40.573362], [-74.106379, 40.573732], [-74.105969, 40.574142], [-74.105629, 40.574492], [-74.105059, 40.575052], [-74.104479, 40.575622], [-74.103879, 40.576212], [-74.103709, 40.576372], [-74.103689, 40.576502], [-74.103609, 40.576582], [-74.103362, 40.576841], [-74.103362, 40.576841], [-74.103199, 40.577012], [-74.102969, 40.577242], [-74.102639, 40.577582], [-74.102549, 40.577682], [-74.102309, 40.577942], [-74.102159, 40.578092], [-74.101919, 40.578342], [-74.101669, 40.578612], [-74.101259, 40.578972], [-74.101049, 40.579162], [-74.100389, 40.579682], [-74.099739, 40.580202], [-74.099089, 40.580712], [-74.098459, 40.581222], [-74.098154, 40.581463], [-74.098154, 40.581463], [-74.097979, 40.581602], [-74.097719, 40.581802], [-74.097469, 40.582002], [-74.096719, 40.582612], [-74.096189, 40.583042], [-74.095769, 40.583372], [-74.095449, 40.583622], [-74.095099, 40.583892], [-74.094909, 40.584042], [-74.094719, 40.584192], [-74.094519, 40.584352], [-74.094109, 40.584672], [-74.094029, 40.584732], [-74.093829, 40.584892], [-74.093539, 40.585112], [-74.093469, 40.585172], [-74.093409, 40.585222], [-74.09309, 40.585477], [-74.09309, 40.585477], [-74.093059, 40.585502], [-74.092929, 40.585622], [-74.092889, 40.585662], [-74.092629, 40.585912], [-74.092499, 40.586062], [-74.092409, 40.586152], [-74.092319, 40.586252], [-74.092069, 40.586552], [-74.091629, 40.587062], [-74.091519, 40.587182], [-74.091129, 40.587622], [-74.09089, 40.587888], [-74.09089, 40.587888], [-74.090699, 40.588102], [-74.090379, 40.588452], [-74.089869, 40.589032], [-74.089369, 40.589592], [-74.088839, 40.590182], [-74.088649, 40.590412], [-74.088359, 40.590742], [-74.0879, 40.591268], [-74.0879, 40.591268], [-74.087819, 40.591362], [-74.087549, 40.591792], [-74.087389, 40.592172], [-74.087129, 40.592772], [-74.086849, 40.593462], [-74.086769, 40.593642], [-74.086549, 40.594172], [-74.086419, 40.594522], [-74.086319, 40.594792], [-74.086069, 40.595392], [-74.085879, 40.595832], [-74.085829, 40.595962], [-74.085708, 40.596247], [-74.085708, 40.596247], [-74.085659, 40.596362], [-74.085529, 40.596682], [-74.085479, 40.596802], [-74.085349, 40.597002], [-74.085219, 40.597142], [-74.085039, 40.597292], [-74.084859, 40.597402], [-74.084699, 40.597502], [-74.084519, 40.597572], [-74.084349, 40.597642], [-74.084219, 40.597692], [-74.084139, 40.597722], [-74.083769, 40.597852], [-74.083579, 40.597922], [-74.083279, 40.598032], [-74.083019, 40.598132], [-74.082309, 40.598392], [-74.081699, 40.598552], [-74.081259, 40.598612], [-74.080813, 40.598603], [-74.080813, 40.598603], [-74.080739, 40.598602], [-74.080069, 40.598562], [-74.079799, 40.598552], [-74.079549, 40.598542], [-74.079289, 40.598522], [-74.078909, 40.598502], [-74.078449, 40.598472], [-74.078249, 40.598622], [-74.078059, 40.598802], [-74.077649, 40.599192], [-74.077229, 40.599562], [-74.077159, 40.599642], [-74.077119, 40.599692], [-74.077019, 40.599812], [-74.076859, 40.600082], [-74.076799, 40.600202], [-74.076719, 40.600332], [-74.076619, 40.600502], [-74.076449, 40.600812], [-74.076449, 40.600812], [-74.076439, 40.600832], [-74.076379, 40.600962], [-74.076369, 40.601082], [-74.076369, 40.601192], [-74.076399, 40.601322], [-74.076589, 40.601952], [-74.076659, 40.602142], [-74.076979, 40.602712], [-74.077069, 40.602912], [-74.077099, 40.603022], [-74.077109, 40.603112], [-74.077109, 40.603232], [-74.077089, 40.603342], [-74.077029, 40.603622], [-74.076929, 40.604152], [-74.076789, 40.604882], [-74.076759, 40.605032], [-74.076705, 40.605311], [-74.076705, 40.605311], [-74.076699, 40.605342], [-74.076669, 40.605482], [-74.076509, 40.605462], [-74.076099, 40.605432], [-74.075919, 40.605422], [-74.075659, 40.605402], [-74.074979, 40.605312], [-74.074719, 40.605272], [-74.073569, 40.605072], [-74.073369, 40.605022], [-74.072429, 40.604792], [-74.071899, 40.604622], [-74.071299, 40.604432], [-74.070919, 40.604282], [-74.070389, 40.604062], [-74.069759, 40.603812], [-74.069539, 40.603722], [-74.069289, 40.603622], [-74.06895, 40.603504], [-74.06895, 40.603504], [-74.068429, 40.603322], [-74.067709, 40.603162], [-74.067139, 40.603012], [-74.066449, 40.602792], [-74.065669, 40.602512], [-74.065309, 40.602392], [-74.064109, 40.602022], [-74.063019, 40.601752], [-74.061069, 40.601762], [-74.060779, 40.601752], [-74.060279, 40.601742], [-74.059679, 40.601762], [-74.059389, 40.601792], [-74.059119, 40.601852], [-74.058829, 40.601942], [-74.058239, 40.602102], [-74.057549, 40.602342], [-74.057429, 40.602382], [-74.053479, 40.603642], [-74.052129, 40.604082], [-74.050889, 40.604482], [-74.049089, 40.605072], [-74.047329, 40.605642], [-74.046239, 40.606002], [-74.045589, 40.606212], [-74.045119, 40.606362], [-74.043969, 40.606742], [-74.042769, 40.607132], [-74.042579, 40.607192], [-74.042439, 40.607242], [-74.042269, 40.607302], [-74.041469, 40.607562], [-74.040299, 40.607942], [-74.039309, 40.608262], [-74.038229, 40.608622], [-74.036029, 40.609312], [-74.035969, 40.609332], [-74.035779, 40.609392], [-74.035109, 40.609612], [-74.034969, 40.609652], [-74.034859, 40.609692], [-74.034099, 40.609932], [-74.033779, 40.610032], [-74.032849, 40.610322], [-74.032619, 40.610392], [-74.032019, 40.610592], [-74.031739, 40.610682], [-74.030929, 40.610952], [-74.030629, 40.611092], [-74.030389, 40.611212], [-74.030049, 40.611422], [-74.029759, 40.611632], [-74.029409, 40.611932], [-74.029269, 40.612072], [-74.029149, 40.612202], [-74.028869, 40.612592], [-74.028509, 40.613312], [-74.028319, 40.613632], [-74.028049, 40.614002], [-74.027469, 40.614702], [-74.027219, 40.614982], [-74.026639, 40.615652], [-74.026109, 40.616212], [-74.025689, 40.616732], [-74.025359, 40.617142], [-74.025269, 40.617252], [-74.025059, 40.617502], [-74.024639, 40.617992], [-74.023879, 40.618812], [-74.023619, 40.619142], [-74.023209, 40.619672], [-74.022829, 40.620112], [-74.022069, 40.620962], [-74.021509, 40.621592], [-74.021059, 40.622142], [-74.020939, 40.622282], [-74.020919, 40.622302], [-74.020649, 40.622622], [-74.020369, 40.622952], [-74.019809, 40.623652], [-74.019459, 40.624152], [-74.019379, 40.624272], [-74.019349, 40.624312], [-74.019109, 40.624722], [-74.019009, 40.624912], [-74.018909, 40.625102], [-74.018809, 40.625302], [-74.018599, 40.625732], [-74.018559, 40.625802], [-74.018449, 40.626072], [-74.018289, 40.626452], [-74.018169, 40.626762], [-74.017759, 40.627822], [-74.017469, 40.628542], [-74.017299, 40.628982], [-74.017039, 40.629652], [-74.016759, 40.630462], [-74.016649, 40.630762], [-74.016499, 40.631152], [-74.016429, 40.631332], [-74.016369, 40.631502], [-74.016279, 40.631732], [-74.016099, 40.632242], [-74.016079, 40.632322], [-74.015949, 40.632852], [-74.015909, 40.633162], [-74.015899, 40.633382], [-74.015899, 40.633482], [-74.015899, 40.633652], [-74.015919, 40.633862], [-74.015929, 40.634042], [-74.016069, 40.634462], [-74.016119, 40.634582], [-74.016179, 40.634712], [-74.016359, 40.634992], [-74.016529, 40.635182], [-74.016711, 40.635349], [-74.016711, 40.635349], [-74.016779, 40.635412], [-74.016859, 40.635482], [-74.017069, 40.635642], [-74.017229, 40.635762], [-74.017299, 40.635812], [-74.017629, 40.636032], [-74.018039, 40.636282], [-74.018279, 40.636422], [-74.018819, 40.636742], [-74.018929, 40.636802], [-74.019259, 40.637002], [-74.019639, 40.637222], [-74.019919, 40.637402], [-74.020439, 40.637722], [-74.020809, 40.638022], [-74.021029, 40.638252], [-74.021119, 40.638352], [-74.021299, 40.638602], [-74.021479, 40.638952], [-74.021569, 40.639222], [-74.021629, 40.639512], [-74.021639, 40.639782], [-74.021619, 40.639972], [-74.021589, 40.640182], [-74.021529, 40.640352], [-74.021479, 40.640502], [-74.021409, 40.640652], [-74.021249, 40.640922], [-74.021149, 40.641052], [-74.020919, 40.641332], [-74.020539, 40.641742], [-74.020319, 40.641932], [-74.020019, 40.642222], [-74.019689, 40.642552], [-74.019109, 40.643122], [-74.018549, 40.643662], [-74.017979, 40.644242], [-74.017399, 40.644812], [-74.017319, 40.644892], [-74.016819, 40.645402], [-74.016259, 40.645932], [-74.015689, 40.646492], [-74.015439, 40.646722], [-74.015109, 40.647032], [-74.014519, 40.647612], [-74.014209, 40.647912], [-74.013929, 40.648182], [-74.013349, 40.648762], [-74.012769, 40.649292], [-74.012179, 40.649872], [-74.011619, 40.650402], [-74.010999, 40.650992], [-74.010409, 40.651562], [-74.009829, 40.652112], [-74.009259, 40.652672], [-74.008669, 40.653232], [-74.008099, 40.653782], [-74.008049, 40.653832], [-74.007819, 40.654052], [-74.007629, 40.654232], [-74.007519, 40.654332], [-74.006919, 40.654912], [-74.006349, 40.655472], [-74.005729, 40.656052], [-74.005189, 40.656582], [-74.004639, 40.657112], [-74.004579, 40.657162], [-74.004009, 40.657722], [-74.003429, 40.658272], [-74.002849, 40.658842], [-74.002239, 40.659402], [-74.001689, 40.659932], [-74.001099, 40.660502], [-74.000519, 40.661052], [-73.999949, 40.661612], [-73.999339, 40.662192], [-73.998169, 40.663342], [-73.997569, 40.663912], [-73.997079, 40.664392], [-73.996979, 40.664482], [-73.996739, 40.664722], [-73.996489, 40.665002], [-73.996429, 40.665092], [-73.996289, 40.665332], [-73.996229, 40.665432], [-73.996099, 40.665702], [-73.996079, 40.665752], [-73.996039, 40.665892], [-73.995979, 40.666112], [-73.995919, 40.666422], [-73.995899, 40.666562], [-73.995889, 40.666752], [-73.995889, 40.666892], [-73.995899, 40.667052], [-73.995939, 40.667282], [-73.995989, 40.667512], [-73.996089, 40.667782], [-73.996139, 40.667932], [-73.996279, 40.668222], [-73.996499, 40.668632], [-73.996779, 40.669112], [-73.996839, 40.669202], [-73.996889, 40.669292], [-73.997439, 40.670172], [-73.997659, 40.670512], [-73.998319, 40.671572], [-73.998439, 40.671752], [-73.998819, 40.672372], [-73.998849, 40.672422], [-73.998989, 40.672652], [-73.999149, 40.672912], [-73.999209, 40.673002], [-73.999749, 40.673852], [-73.999849, 40.674012], [-74.000319, 40.674762], [-74.000719, 40.675402], [-74.000789, 40.675522], [-74.001059, 40.675982], [-74.001119, 40.676082], [-74.001349, 40.676372], [-74.001509, 40.676622], [-74.001979, 40.677332], [-74.002159, 40.677602], [-74.002419, 40.677972], [-74.002729, 40.678372], [-74.002809, 40.678462], [-74.002969, 40.678652], [-74.003299, 40.679062], [-74.003499, 40.679302], [-74.003599, 40.679422], [-74.003869, 40.679752], [-74.004199, 40.680142], [-74.004409, 40.680402], [-74.004549, 40.680572], [-74.004799, 40.680912], [-74.005229, 40.681472], [-74.005469, 40.681782], [-74.005589, 40.681942], [-74.005909, 40.682722], [-74.006099, 40.683132], [-74.006109, 40.683292], [-74.006159, 40.683692], [-74.006389, 40.684302], [-74.006499, 40.684472], [-74.006849, 40.685032], [-74.007539, 40.686102], [-74.007769, 40.686472], [-74.007899, 40.686622], [-74.008899, 40.687872], [-74.009449, 40.688512], [-74.009499, 40.688562], [-74.009649, 40.688742], [-74.009699, 40.688792], [-74.010129, 40.689282], [-74.010909, 40.690302], [-74.011229, 40.690762], [-74.011409, 40.691052], [-74.011699, 40.691662], [-74.011759, 40.691802], [-74.011859, 40.692062], [-74.012039, 40.692532], [-74.012699, 40.694402], [-74.012839, 40.694772], [-74.012949, 40.695092], [-74.013029, 40.695332], [-74.013199, 40.695792], [-74.013549, 40.696762], [-74.013889, 40.697682], [-74.014389, 40.699062], [-74.015089, 40.700902], [-74.015119, 40.701002], [-74.015279, 40.701492], [-74.015299, 40.701572], [-74.015329, 40.701722], [-74.015389, 40.701962], [-74.015409, 40.702052], [-74.015429, 40.702142], [-74.015499, 40.702612], [-74.015529, 40.703102], [-74.015529, 40.703172], [-74.015529, 40.703482], [-74.015489, 40.703852], [-74.015469, 40.704052], [-74.015459, 40.704092], [-74.015409, 40.704322], [-74.015309, 40.704592], [-74.015259, 40.704762], [-74.015229, 40.704862], [-74.015149, 40.705062], [-74.015079, 40.705252], [-74.015049, 40.705332], [-74.014939, 40.705582], [-74.014849, 40.705792], [-74.014769, 40.705982], [-74.014709, 40.706152], [-74.014629, 40.706382], [-74.014689, 40.706622], [-74.014759, 40.706812], [-74.014889, 40.707012], [-74.014959, 40.707072], [-74.015089, 40.707192], [-74.015229, 40.707272], [-74.015379, 40.707282], [-74.015499, 40.707282], [-74.015689, 40.707272], [-74.015969, 40.707202], [-74.016129, 40.706682], [-74.016249, 40.706252], [-74.016289, 40.706072], [-74.016329, 40.705932], [-74.016459, 40.705612], [-74.016499, 40.705512], [-74.016659, 40.705122], [-74.016719, 40.704962], [-74.016739, 40.704822], [-74.016759, 40.704652], [-74.016709, 40.704262], [-74.016656, 40.704101], [-74.016656, 40.704101], [-74.016569, 40.703832], [-74.016379, 40.703312], [-74.016299, 40.703092], [-74.016219, 40.702882], [-74.016099, 40.702562], [-74.015909, 40.702182], [-74.015849, 40.702092], [-74.015669, 40.701882], [-74.015559, 40.701752], [-74.015489, 40.701702], [-74.015389, 40.701632], [-74.015239, 40.701532], [-74.015159, 40.701472], [-74.014889, 40.701342], [-74.014839, 40.701322], [-74.014799, 40.701302], [-74.014679, 40.701262], [-74.014489, 40.701202], [-74.014279, 40.701152], [-74.014089, 40.701122], [-74.013909, 40.701102], [-74.013759, 40.701092], [-74.013519, 40.701102], [-74.013419, 40.701102], [-74.013319, 40.701112], [-74.013289, 40.701112], [-74.013259, 40.701122], [-74.013079, 40.701152], [-74.012949, 40.701182], [-74.012879, 40.701192], [-74.012859, 40.701192], [-74.012829, 40.701202], [-74.012709, 40.701222], [-74.012509, 40.701252], [-74.012189, 40.701322], [-74.011119, 40.701602], [-74.010679, 40.701712], [-74.010299, 40.701812], [-74.009869, 40.701922], [-74.009709, 40.701972], [-74.009479, 40.702042], [-74.009419, 40.702062], [-74.009249, 40.702132], [-74.009189, 40.702162], [-74.008959, 40.702292], [-74.007789, 40.703032], [-74.007719, 40.703072], [-74.007249, 40.703372], [-74.006609, 40.703782], [-74.004589, 40.705072], [-74.004069, 40.705402], [-74.003869, 40.705532], [-74.003379, 40.705842], [-74.003289, 40.705892], [-74.002399, 40.706432], [-74.002079, 40.706622], [-74.001799, 40.706792], [-74.001169, 40.707132], [-74.000899, 40.707262], [-74.000529, 40.707452], [-74.000039, 40.707712], [-73.999429, 40.708042], [-73.999369, 40.708072], [-73.999279, 40.708112], [-73.998799, 40.708392], [-73.998559, 40.708512], [-73.998269, 40.708632], [-73.997879, 40.708742], [-73.997669, 40.708792], [-73.997449, 40.708842], [-73.996829, 40.708942], [-73.996253, 40.709013], [-73.996253, 40.709013], [-73.996179, 40.709022], [-73.995889, 40.709062], [-73.994509, 40.709242], [-73.994209, 40.709282], [-73.993999, 40.709302], [-73.992989, 40.709442], [-73.992129, 40.709562], [-73.992079, 40.709572], [-73.991959, 40.709592], [-73.991789, 40.709612], [-73.991719, 40.709622], [-73.991659, 40.709632], [-73.990129, 40.709862], [-73.989319, 40.709972], [-73.988699, 40.710042], [-73.988079, 40.710102], [-73.986149, 40.710332], [-73.985089, 40.710452], [-73.984659, 40.710492], [-73.984509, 40.710502], [-73.983789, 40.710572], [-73.982709, 40.710642], [-73.981799, 40.710702], [-73.981679, 40.710712], [-73.981099, 40.710752], [-73.980839, 40.710772], [-73.980499, 40.710802], [-73.980279, 40.710832], [-73.979889, 40.710892], [-73.979639, 40.710952], [-73.979379, 40.711042], [-73.979059, 40.711172], [-73.978759, 40.711322], [-73.978569, 40.711442], [-73.978429, 40.711542], [-73.978259, 40.711682], [-73.978159, 40.711762], [-73.978039, 40.711902], [-73.977889, 40.712062], [-73.977709, 40.712302], [-73.977579, 40.712512], [-73.977199, 40.713252], [-73.976749, 40.714122], [-73.976589, 40.714442], [-73.976509, 40.714592], [-73.976439, 40.714732], [-73.976409, 40.714792], [-73.976389, 40.714842], [-73.976349, 40.714922], [-73.976319, 40.714972], [-73.976199, 40.715212], [-73.976029, 40.715552], [-73.975869, 40.715872], [-73.975589, 40.716422], [-73.975469, 40.716692], [-73.975249, 40.717212], [-73.975129, 40.717572], [-73.975029, 40.717932], [-73.974949, 40.718282], [-73.974869, 40.718782], [-73.974849, 40.718892], [-73.974699, 40.720092], [-73.974599, 40.720772], [-73.974569, 40.721002], [-73.974549, 40.721142], [-73.974529, 40.721372], [-73.974519, 40.721502], [-73.974469, 40.721772], [-73.974389, 40.722082], [-73.974269, 40.722382], [-73.974139, 40.722652], [-73.973759, 40.723292], [-73.973249, 40.724102], [-73.973169, 40.724232], [-73.972919, 40.724612], [-73.972369, 40.725532], [-73.972199, 40.725842], [-73.972039, 40.726202], [-73.971909, 40.726542], [-73.971839, 40.726802], [-73.971679, 40.727812], [-73.971649, 40.728042], [-73.971629, 40.728252], [-73.971579, 40.728402], [-73.971559, 40.728562], [-73.971549, 40.728712], [-73.971559, 40.728872], [-73.971599, 40.729092], [-73.971659, 40.729302], [-73.971719, 40.729452], [-73.971819, 40.729632], [-73.971919, 40.729782], [-73.972029, 40.729912], [-73.972249, 40.730132], [-73.972439, 40.730282], [-73.972699, 40.730452], [-73.972939, 40.730642], [-73.973239, 40.730932], [-73.973329, 40.731042], [-73.973419, 40.731142], [-73.973519, 40.731222], [-73.97357, 40.731248], [-73.973619, 40.731392], [-73.973669, 40.731452], [-73.973699, 40.731562], [-73.973809, 40.731732], [-73.973879, 40.731932], [-73.974019, 40.732522], [-73.97404, 40.732603], [-73.974089, 40.732792], [-73.974319, 40.733972], [-73.974419, 40.734262], [-73.974799, 40.735342], [-73.974979, 40.735402], [-73.975099, 40.735442], [-73.975769, 40.735722], [-73.976309, 40.735952], [-73.976589, 40.736062], [-73.977129, 40.736282], [-73.978039, 40.736662], [-73.978559, 40.736892], [-73.979386, 40.737263], [-73.979386, 40.737263], [-73.979519, 40.737322], [-73.980869, 40.737882], [-73.981069, 40.737962], [-73.98176, 40.738243], [-73.98176, 40.738243], [-73.982519, 40.738552], [-73.983149, 40.738822], [-73.983498, 40.738968], [-73.983498, 40.738968], [-73.984749, 40.739492], [-73.986299, 40.740152], [-73.986399, 40.740192], [-73.986909, 40.740405], [-73.986909, 40.740405], [-73.988049, 40.740882], [-73.987849, 40.741132], [-73.987519, 40.741542], [-73.987049, 40.742142], [-73.986599, 40.742762], [-73.986149, 40.743382], [-73.985699, 40.744002], [-73.985239, 40.744622], [-73.984789, 40.745242], [-73.984339, 40.745852], [-73.983899, 40.746472], [-73.983439, 40.747092], [-73.982959, 40.747762], [-73.982514, 40.748361], [-73.982514, 40.748361], [-73.982469, 40.748422], [-73.982019, 40.749042], [-73.981569, 40.749662], [-73.981119, 40.750272], [-73.980669, 40.750902], [-73.980219, 40.751512], [-73.979769, 40.752132], [-73.979609, 40.752352], [-73.979545, 40.752445], [-73.979545, 40.752445], [-73.979479, 40.752542], [-73.979269, 40.752822], [-73.978779, 40.753472], [-73.978399, 40.754002], [-73.978359, 40.754052], [-73.978329, 40.754092], [-73.977869, 40.754722], [-73.977419, 40.755342], [-73.976959, 40.755972], [-73.976549, 40.756524], [-73.976549, 40.756524], [-73.976499, 40.756592], [-73.976239, 40.756972], [-73.976049, 40.757222], [-73.975599, 40.757852], [-73.975129, 40.758482], [-73.974679, 40.759092], [-73.974219, 40.759732], [-73.973769, 40.760352], [-73.973545, 40.760652], [-73.973545, 40.760652], [-73.973299, 40.760982], [-73.972849, 40.761602], [-73.972359, 40.762282], [-73.971909, 40.762094], [-73.971909, 40.762094], [-73.970829, 40.761642], [-73.970629, 40.761572], [-73.969109, 40.760952], [-73.968691, 40.760774]]}}, {"type": "Feature", "properties": {"route_id": "SIM3", "tier": "secondary", "high_need_count": 1}, "geometry": {"type": "LineString", "coordinates": [[-74.129669, 40.63375], [-74.130449, 40.634002], [-74.130669, 40.634082], [-74.130819, 40.634132], [-74.130959, 40.634202], [-74.132499, 40.634942], [-74.132619, 40.635002], [-74.133709, 40.635532], [-74.134679, 40.636002], [-74.134759, 40.636032], [-74.135209, 40.635332], [-74.135559, 40.634802], [-74.135629, 40.634686], [-74.135629, 40.634686], [-74.135669, 40.634622], [-74.136109, 40.633962], [-74.136209, 40.633812], [-74.136339, 40.633632], [-74.136519, 40.633352], [-74.136549, 40.633312], [-74.137089, 40.632802], [-74.137149, 40.632742], [-74.137669, 40.632252], [-74.137749, 40.632182], [-74.138229, 40.631722], [-74.138369, 40.631582], [-74.138789, 40.631172], [-74.138929, 40.631032], [-74.139279, 40.630732], [-74.139509, 40.630562], [-74.139908, 40.630232], [-74.140519, 40.629722], [-74.14055, 40.629695], [-74.14055, 40.629695], [-74.140599, 40.629652], [-74.140789, 40.629502], [-74.141209, 40.629122], [-74.141409, 40.628942], [-74.141799, 40.628572], [-74.141848, 40.628522], [-74.141949, 40.628422], [-74.142029, 40.628282], [-74.142089, 40.628132], [-74.142129, 40.627982], [-74.142159, 40.627762], [-74.142189, 40.627612], [-74.142209, 40.627522], [-74.142249, 40.627372], [-74.142319, 40.627172], [-74.142398, 40.626942], [-74.142589, 40.626472], [-74.142679, 40.626222], [-74.142729, 40.626142], [-74.142869, 40.625882], [-74.142949, 40.625752], [-74.143039, 40.625642], [-74.143149, 40.625562], [-74.143279, 40.625512], [-74.143529, 40.625452], [-74.143969, 40.625362], [-74.144009, 40.624992], [-74.144289, 40.624982], [-74.144475, 40.624973], [-74.144475, 40.624973], [-74.144509, 40.624972], [-74.144999, 40.624952], [-74.145409, 40.624932], [-74.145539, 40.624932], [-74.145769, 40.624922], [-74.146109, 40.624912], [-74.146239, 40.624922], [-74.146329, 40.624922], [-74.146649, 40.624932], [-74.146809, 40.624942], [-74.147359, 40.624992], [-74.147488, 40.625002], [-74.147719, 40.625022], [-74.147849, 40.625032], [-74.148759, 40.625112], [-74.148869, 40.624722], [-74.148929, 40.624462], [-74.148957, 40.624327], [-74.148957, 40.624327], [-74.148989, 40.624182], [-74.149059, 40.623872], [-74.149099, 40.623662], [-74.149139, 40.623472], [-74.149179, 40.623272], [-74.149199, 40.623222], [-74.149229, 40.623162], [-74.149319, 40.623052], [-74.149439, 40.622932], [-74.149649, 40.622732], [-74.149889, 40.622522], [-74.149929, 40.622482], [-74.150009, 40.622412], [-74.150829, 40.621662], [-74.151059, 40.621492], [-74.151309, 40.621342], [-74.151539, 40.621192], [-74.151789, 40.621032], [-74.152099, 40.620832], [-74.152379, 40.620642], [-74.152709, 40.620432], [-74.152989, 40.620272], [-74.153259, 40.620102], [-74.153619, 40.619872], [-74.154029, 40.619512], [-74.154289, 40.619292], [-74.154519, 40.619082], [-74.154788, 40.618832], [-74.155185, 40.61847], [-74.155185, 40.61847], [-74.155239, 40.618422], [-74.155529, 40.618152], [-74.155738, 40.617962], [-74.155629, 40.617892], [-74.155529, 40.617852], [-74.153919, 40.617592], [-74.153698, 40.617572], [-74.152799, 40.617552], [-74.152609, 40.617542], [-74.152189, 40.617512], [-74.151969, 40.617492], [-74.151727, 40.617484], [-74.151727, 40.617484], [-74.151659, 40.617482], [-74.150859, 40.617422], [-74.150009, 40.617342], [-74.149889, 40.617332], [-74.149079, 40.617242], [-74.149029, 40.617232], [-74.148739, 40.617202], [-74.148366, 40.61716], [-74.148366, 40.61716], [-74.148029, 40.617122], [-74.147849, 40.617102], [-74.147099, 40.617042], [-74.146029, 40.617012], [-74.145119, 40.616962], [-74.144189, 40.616862], [-74.143259, 40.616732], [-74.142328, 40.616592], [-74.14204, 40.616559], [-74.14204, 40.616559], [-74.141629, 40.616512], [-74.140729, 40.616402], [-74.139809, 40.616292], [-74.138959, 40.616172], [-74.138557, 40.61612], [-74.138557, 40.61612], [-74.138259, 40.616082], [-74.137699, 40.616012], [-74.137559, 40.615992], [-74.136888, 40.615892], [-74.136219, 40.615782], [-74.135529, 40.615662], [-74.134849, 40.615532], [-74.134729, 40.615512], [-74.134629, 40.615512], [-74.134489, 40.615502], [-74.134409, 40.615472], [-74.134179, 40.615382], [-74.134078, 40.615282], [-74.133969, 40.615162], [-74.133859, 40.615062], [-74.133809, 40.615022], [-74.133589, 40.614822], [-74.133391, 40.614643], [-74.133391, 40.614643], [-74.133278, 40.614542], [-74.133069, 40.614302], [-74.132769, 40.613952], [-74.132399, 40.613502], [-74.132309, 40.613412], [-74.132099, 40.613212], [-74.132249, 40.612932], [-74.132309, 40.612802], [-74.132299, 40.612532], [-74.132309, 40.612422], [-74.132029, 40.612432], [-74.131749, 40.612462], [-74.131299, 40.612522], [-74.130969, 40.612562], [-74.130859, 40.612572], [-74.130709, 40.612582], [-74.130379, 40.612552], [-74.130219, 40.612522], [-74.129839, 40.612536], [-74.129839, 40.612536], [-74.129159, 40.612562], [-74.128369, 40.612632], [-74.127799, 40.612672], [-74.127109, 40.612742], [-74.126869, 40.612762], [-74.126548, 40.61279], [-74.126548, 40.61279], [-74.125829, 40.612852], [-74.124779, 40.612942], [-74.124629, 40.612952], [-74.124069, 40.612982], [-74.123279, 40.613022], [-74.122569, 40.613062], [-74.122239, 40.613098], [-74.122239, 40.613098], [-74.121839, 40.613142], [-74.121409, 40.613162], [-74.120659, 40.613222], [-74.120449, 40.613232], [-74.119448, 40.613312], [-74.119189, 40.613332], [-74.118289, 40.613422], [-74.117649, 40.613462], [-74.117059, 40.613502], [-74.116829, 40.613512], [-74.116829, 40.613442], [-74.116879, 40.613082], [-74.116914, 40.612782], [-74.116914, 40.612782], [-74.116939, 40.612582], [-74.116949, 40.612452], [-74.116939, 40.612282], [-74.116939, 40.612232], [-74.116939, 40.612152], [-74.116889, 40.611802], [-74.116839, 40.611432], [-74.116819, 40.611202], [-74.116779, 40.610962], [-74.116768, 40.610882], [-74.116699, 40.610502], [-74.116639, 40.610172], [-74.116859, 40.610162], [-74.117039, 40.610172], [-74.117189, 40.610212], [-74.117249, 40.610252], [-74.117299, 40.610322], [-74.117329, 40.610402], [-74.117329, 40.610512], [-74.117299, 40.610592], [-74.117249, 40.610652], [-74.117185, 40.610691], [-74.117185, 40.610691], [-74.117119, 40.610732], [-74.116768, 40.610882], [-74.116269, 40.611042], [-74.115629, 40.611102], [-74.115309, 40.611122], [-74.114999, 40.611132], [-74.114379, 40.611112], [-74.113949, 40.611082], [-74.113429, 40.611012], [-74.112999, 40.610942], [-74.112589, 40.610852], [-74.112089, 40.610732], [-74.111588, 40.610592], [-74.111209, 40.610492], [-74.110769, 40.610382], [-74.110199, 40.610262], [-74.109919, 40.610222], [-74.109309, 40.610152], [-74.108739, 40.610122], [-74.108209, 40.610122], [-74.106899, 40.610172], [-74.106109, 40.610192], [-74.105489, 40.610222], [-74.105089, 40.610242], [-74.103419, 40.610312], [-74.102339, 40.610352], [-74.099369, 40.610462], [-74.097689, 40.610532], [-74.096939, 40.610552], [-74.096479, 40.610562], [-74.095979, 40.610552], [-74.095189, 40.610482], [-74.094519, 40.610382], [-74.094019, 40.610282], [-74.093589, 40.610172], [-74.092779, 40.609922], [-74.091979, 40.609602], [-74.091439, 40.609372], [-74.090539, 40.609002], [-74.089869, 40.608712], [-74.088829, 40.608282], [-74.086729, 40.607392], [-74.086429, 40.607272], [-74.086199, 40.607182], [-74.085519, 40.606952], [-74.085049, 40.606812], [-74.084569, 40.606682], [-74.084149, 40.606582], [-74.083489, 40.606442], [-74.082899, 40.606332], [-74.082349, 40.606262], [-74.081679, 40.606202], [-74.080999, 40.606162], [-74.079969, 40.606132], [-74.078649, 40.606102], [-74.077789, 40.606082], [-74.077589, 40.606072], [-74.077279, 40.606062], [-74.076769, 40.606032], [-74.076559, 40.606012], [-74.076169, 40.605972], [-74.075699, 40.605912], [-74.075199, 40.605832], [-74.074739, 40.605752], [-74.074139, 40.605622], [-74.073609, 40.605512], [-74.072809, 40.605292], [-74.072459, 40.605182], [-74.072259, 40.605112], [-74.071899, 40.604972], [-74.071549, 40.604832], [-74.070599, 40.604462], [-74.070259, 40.604322], [-74.069689, 40.604092], [-74.069179, 40.603892], [-74.068509, 40.603642], [-74.066899, 40.603072], [-74.066249, 40.602842], [-74.065829, 40.602702], [-74.065499, 40.602602], [-74.065359, 40.602562], [-74.064799, 40.602392], [-74.064369, 40.602262], [-74.063719, 40.602102], [-74.063199, 40.601992], [-74.062519, 40.601892], [-74.061809, 40.601822], [-74.061069, 40.601762], [-74.060779, 40.601752], [-74.060279, 40.601742], [-74.059679, 40.601762], [-74.059389, 40.601792], [-74.059119, 40.601852], [-74.058829, 40.601942], [-74.058239, 40.602102], [-74.057549, 40.602342], [-74.057429, 40.602382], [-74.053479, 40.603642], [-74.052129, 40.604082], [-74.050889, 40.604482], [-74.049089, 40.605072], [-74.047329, 40.605642], [-74.046239, 40.606002], [-74.045589, 40.606212], [-74.045119, 40.606362], [-74.043969, 40.606742], [-74.042769, 40.607132], [-74.042579, 40.607192], [-74.042439, 40.607242], [-74.042269, 40.607302], [-74.041469, 40.607562], [-74.040299, 40.607942], [-74.039309, 40.608262], [-74.038229, 40.608622], [-74.036029, 40.609312], [-74.035969, 40.609332], [-74.035779, 40.609392], [-74.035109, 40.609612], [-74.034969, 40.609652], [-74.034859, 40.609692], [-74.034099, 40.609932], [-74.033779, 40.610032], [-74.032849, 40.610322], [-74.032619, 40.610392], [-74.032019, 40.610592], [-74.031739, 40.610682], [-74.031368, 40.610805], [-74.031368, 40.610805], [-74.030929, 40.610952], [-74.030629, 40.611092], [-74.030389, 40.611212], [-74.030049, 40.611422], [-74.029759, 40.611632], [-74.029409, 40.611932], [-74.029269, 40.612072], [-74.029149, 40.612202], [-74.028869, 40.612592], [-74.028509, 40.613312], [-74.028319, 40.613632], [-74.028049, 40.614002], [-74.027469, 40.614702], [-74.027219, 40.614982], [-74.026639, 40.615652], [-74.026109, 40.616212], [-74.025689, 40.616732], [-74.025359, 40.617142], [-74.025269, 40.617252], [-74.025059, 40.617502], [-74.024639, 40.617992], [-74.023879, 40.618812], [-74.023619, 40.619142], [-74.023209, 40.619672], [-74.022829, 40.620112], [-74.022069, 40.620962], [-74.021509, 40.621592], [-74.021059, 40.622142], [-74.020939, 40.622282], [-74.020919, 40.622302], [-74.020649, 40.622622], [-74.020369, 40.622952], [-74.019809, 40.623652], [-74.019459, 40.624152], [-74.019379, 40.624272], [-74.019349, 40.624312], [-74.019109, 40.624722], [-74.019009, 40.624912], [-74.018909, 40.625102], [-74.018809, 40.625302], [-74.018599, 40.625732], [-74.018559, 40.625802], [-74.018449, 40.626072], [-74.018289, 40.626452], [-74.018169, 40.626762], [-74.017759, 40.627822], [-74.017469, 40.628542], [-74.017299, 40.628982], [-74.017039, 40.629652], [-74.016759, 40.630462], [-74.016649, 40.630762], [-74.016499, 40.631152], [-74.016429, 40.631332], [-74.016369, 40.631502], [-74.016279, 40.631732], [-74.016099, 40.632242], [-74.016079, 40.632322], [-74.015949, 40.632852], [-74.015909, 40.633162], [-74.015899, 40.633382], [-74.015899, 40.633482], [-74.015899, 40.633652], [-74.015919, 40.633862], [-74.015929, 40.634042], [-74.016069, 40.634462], [-74.016119, 40.634582], [-74.016179, 40.634712], [-74.016359, 40.634992], [-74.016529, 40.635182], [-74.016716, 40.635354], [-74.016716, 40.635354], [-74.016779, 40.635412], [-74.016859, 40.635482], [-74.017069, 40.635642], [-74.017229, 40.635762], [-74.017299, 40.635812], [-74.017629, 40.636032], [-74.018039, 40.636282], [-74.018279, 40.636422], [-74.018819, 40.636742], [-74.018929, 40.636802], [-74.019259, 40.637002], [-74.019639, 40.637222], [-74.019919, 40.637402], [-74.020439, 40.637722], [-74.020809, 40.638022], [-74.021029, 40.638252], [-74.021119, 40.638352], [-74.021299, 40.638602], [-74.021479, 40.638952], [-74.021569, 40.639222], [-74.021629, 40.639512], [-74.021639, 40.639782], [-74.021619, 40.639972], [-74.021589, 40.640182], [-74.021529, 40.640352], [-74.021479, 40.640502], [-74.021409, 40.640652], [-74.021249, 40.640922], [-74.021149, 40.641052], [-74.020919, 40.641332], [-74.020539, 40.641742], [-74.020319, 40.641932], [-74.020019, 40.642222], [-74.019689, 40.642552], [-74.019109, 40.643122], [-74.018549, 40.643662], [-74.017979, 40.644242], [-74.017399, 40.644812], [-74.017319, 40.644892], [-74.016819, 40.645402], [-74.016259, 40.645932], [-74.015689, 40.646492], [-74.015439, 40.646722], [-74.015109, 40.647032], [-74.014519, 40.647612], [-74.014209, 40.647912], [-74.013929, 40.648182], [-74.013349, 40.648762], [-74.012769, 40.649292], [-74.012179, 40.649872], [-74.011619, 40.650402], [-74.010999, 40.650992], [-74.010409, 40.651562], [-74.009829, 40.652112], [-74.009259, 40.652672], [-74.008669, 40.653232], [-74.008099, 40.653782], [-74.008049, 40.653832], [-74.007819, 40.654052], [-74.007629, 40.654232], [-74.007519, 40.654332], [-74.006919, 40.654912], [-74.006349, 40.655472], [-74.005729, 40.656052], [-74.005189, 40.656582], [-74.004639, 40.657112], [-74.004579, 40.657162], [-74.004009, 40.657722], [-74.003429, 40.658272], [-74.002849, 40.658842], [-74.002239, 40.659402], [-74.001689, 40.659932], [-74.001099, 40.660502], [-74.000519, 40.661052], [-73.999949, 40.661612], [-73.999339, 40.662192], [-73.998169, 40.663342], [-73.997569, 40.663912], [-73.997079, 40.664392], [-73.996979, 40.664482], [-73.996739, 40.664722], [-73.996489, 40.665002], [-73.996429, 40.665092], [-73.996289, 40.665332], [-73.996229, 40.665432], [-73.996099, 40.665702], [-73.996079, 40.665752], [-73.996039, 40.665892], [-73.995979, 40.666112], [-73.995919, 40.666422], [-73.995899, 40.666562], [-73.995889, 40.666752], [-73.995889, 40.666892], [-73.995899, 40.667052], [-73.995939, 40.667282], [-73.995989, 40.667512], [-73.996089, 40.667782], [-73.996139, 40.667932], [-73.996279, 40.668222], [-73.996499, 40.668632], [-73.996779, 40.669112], [-73.996839, 40.669202], [-73.996889, 40.669292], [-73.997439, 40.670172], [-73.997659, 40.670512], [-73.998319, 40.671572], [-73.998439, 40.671752], [-73.998819, 40.672372], [-73.998849, 40.672422], [-73.998989, 40.672652], [-73.999149, 40.672912], [-73.999209, 40.673002], [-73.999749, 40.673852], [-73.999849, 40.674012], [-74.000319, 40.674762], [-74.000719, 40.675402], [-74.000789, 40.675522], [-74.001059, 40.675982], [-74.001119, 40.676082], [-74.001349, 40.676372], [-74.001509, 40.676622], [-74.001979, 40.677332], [-74.002159, 40.677602], [-74.002419, 40.677972], [-74.002729, 40.678372], [-74.002809, 40.678462], [-74.002969, 40.678652], [-74.003299, 40.679062], [-74.003499, 40.679302], [-74.003599, 40.679422], [-74.003869, 40.679752], [-74.004199, 40.680142], [-74.004409, 40.680402], [-74.004549, 40.680572], [-74.004799, 40.680912], [-74.005229, 40.681472], [-74.005469, 40.681782], [-74.005589, 40.681942], [-74.005909, 40.682722], [-74.006099, 40.683132], [-74.006109, 40.683292], [-74.006159, 40.683692], [-74.006389, 40.684302], [-74.006499, 40.684472], [-74.006849, 40.685032], [-74.007539, 40.686102], [-74.007769, 40.686472], [-74.007899, 40.686622], [-74.008899, 40.687872], [-74.009449, 40.688512], [-74.009499, 40.688562], [-74.009649, 40.688742], [-74.009699, 40.688792], [-74.010129, 40.689282], [-74.010909, 40.690302], [-74.011229, 40.690762], [-74.011409, 40.691052], [-74.011699, 40.691662], [-74.011759, 40.691802], [-74.011859, 40.692062], [-74.012039, 40.692532], [-74.012699, 40.694402], [-74.012839, 40.694772], [-74.012949, 40.695092], [-74.013029, 40.695332], [-74.013199, 40.695792], [-74.013549, 40.696762], [-74.013889, 40.697682], [-74.014389, 40.699062], [-74.015089, 40.700902], [-74.015119, 40.701002], [-74.015279, 40.701492], [-74.015299, 40.701572], [-74.015329, 40.701722], [-74.015389, 40.701962], [-74.015409, 40.702052], [-74.015429, 40.702142], [-74.015499, 40.702612], [-74.015529, 40.703102], [-74.015529, 40.703172], [-74.015529, 40.703482], [-74.015489, 40.703852], [-74.015469, 40.704052], [-74.015459, 40.704092], [-74.015409, 40.704322], [-74.015309, 40.704592], [-74.015259, 40.704762], [-74.015229, 40.704862], [-74.015149, 40.705062], [-74.015079, 40.705252], [-74.015049, 40.705332], [-74.014939, 40.705582], [-74.014849, 40.705792], [-74.014769, 40.705982], [-74.014709, 40.706152], [-74.014629, 40.706382], [-74.014689, 40.706622], [-74.014759, 40.706812], [-74.014889, 40.707012], [-74.014959, 40.707072], [-74.015089, 40.707192], [-74.015229, 40.707272], [-74.015379, 40.707282], [-74.015499, 40.707282], [-74.015689, 40.707272], [-74.015969, 40.707202], [-74.016129, 40.706682], [-74.016249, 40.706252], [-74.016289, 40.706072], [-74.016329, 40.705932], [-74.016459, 40.705612], [-74.016499, 40.705512], [-74.016659, 40.705122], [-74.016719, 40.704962], [-74.016739, 40.704822], [-74.016759, 40.704652], [-74.016709, 40.704262], [-74.016656, 40.704101], [-74.016656, 40.704101], [-74.016569, 40.703832], [-74.016379, 40.703312], [-74.016299, 40.703092], [-74.016219, 40.702882], [-74.016099, 40.702562], [-74.015909, 40.702182], [-74.015849, 40.702092], [-74.015669, 40.701882], [-74.015559, 40.701752], [-74.015489, 40.701702], [-74.015389, 40.701632], [-74.015239, 40.701532], [-74.015159, 40.701472], [-74.014889, 40.701342], [-74.014839, 40.701322], [-74.014799, 40.701302], [-74.014679, 40.701262], [-74.014489, 40.701202], [-74.014279, 40.701152], [-74.014089, 40.701122], [-74.013909, 40.701102], [-74.013759, 40.701092], [-74.013519, 40.701102], [-74.013419, 40.701102], [-74.013319, 40.701112], [-74.013289, 40.701112], [-74.013259, 40.701122], [-74.013079, 40.701152], [-74.012949, 40.701182], [-74.012879, 40.701192], [-74.012859, 40.701192], [-74.012829, 40.701202], [-74.012709, 40.701222], [-74.012509, 40.701252], [-74.012189, 40.701322], [-74.011119, 40.701602], [-74.010679, 40.701712], [-74.010299, 40.701812], [-74.009869, 40.701922], [-74.009709, 40.701972], [-74.009479, 40.702042], [-74.009419, 40.702062], [-74.009249, 40.702132], [-74.009189, 40.702162], [-74.008959, 40.702292], [-74.007789, 40.703032], [-74.007719, 40.703072], [-74.007249, 40.703372], [-74.006609, 40.703782], [-74.004589, 40.705072], [-74.004069, 40.705402], [-74.003869, 40.705532], [-74.003379, 40.705842], [-74.003289, 40.705892], [-74.002399, 40.706432], [-74.002079, 40.706622], [-74.001799, 40.706792], [-74.001169, 40.707132], [-74.000899, 40.707262], [-74.000529, 40.707452], [-74.000039, 40.707712], [-73.999429, 40.708042], [-73.999369, 40.708072], [-73.999279, 40.708112], [-73.998799, 40.708392], [-73.998559, 40.708512], [-73.998269, 40.708632], [-73.997879, 40.708742], [-73.997669, 40.708792], [-73.997449, 40.708842], [-73.996829, 40.708942], [-73.996253, 40.709013], [-73.996253, 40.709013], [-73.996179, 40.709022], [-73.995889, 40.709062], [-73.994509, 40.709242], [-73.994209, 40.709282], [-73.993999, 40.709302], [-73.992989, 40.709442], [-73.992129, 40.709562], [-73.992079, 40.709572], [-73.991959, 40.709592], [-73.991789, 40.709612], [-73.991719, 40.709622], [-73.991659, 40.709632], [-73.990129, 40.709862], [-73.989319, 40.709972], [-73.988699, 40.710042], [-73.988079, 40.710102], [-73.986149, 40.710332], [-73.985089, 40.710452], [-73.984659, 40.710492], [-73.984509, 40.710502], [-73.983789, 40.710572], [-73.982709, 40.710642], [-73.981799, 40.710702], [-73.981679, 40.710712], [-73.981099, 40.710752], [-73.980839, 40.710772], [-73.980499, 40.710802], [-73.980279, 40.710832], [-73.979889, 40.710892], [-73.979639, 40.710952], [-73.979379, 40.711042], [-73.979059, 40.711172], [-73.978759, 40.711322], [-73.978569, 40.711442], [-73.978429, 40.711542], [-73.978259, 40.711682], [-73.978159, 40.711762], [-73.978039, 40.711902], [-73.977889, 40.712062], [-73.977709, 40.712302], [-73.977579, 40.712512], [-73.977199, 40.713252], [-73.976749, 40.714122], [-73.976589, 40.714442], [-73.976509, 40.714592], [-73.976439, 40.714732], [-73.976409, 40.714792], [-73.976389, 40.714842], [-73.976349, 40.714922], [-73.976319, 40.714972], [-73.976199, 40.715212], [-73.976029, 40.715552], [-73.975869, 40.715872], [-73.975589, 40.716422], [-73.975469, 40.716692], [-73.975249, 40.717212], [-73.975129, 40.717572], [-73.975029, 40.717932], [-73.974949, 40.718282], [-73.974869, 40.718782], [-73.974849, 40.718892], [-73.974699, 40.720092], [-73.974599, 40.720772], [-73.974569, 40.721002], [-73.974549, 40.721142], [-73.974529, 40.721372], [-73.974519, 40.721502], [-73.974469, 40.721772], [-73.974389, 40.722082], [-73.974269, 40.722382], [-73.974139, 40.722652], [-73.973759, 40.723292], [-73.973249, 40.724102], [-73.973169, 40.724232], [-73.972919, 40.724612], [-73.972369, 40.725532], [-73.972199, 40.725842], [-73.972039, 40.726202], [-73.971909, 40.726542], [-73.971839, 40.726802], [-73.971679, 40.727812], [-73.971649, 40.728042], [-73.971629, 40.728252], [-73.971579, 40.728402], [-73.971559, 40.728562], [-73.971549, 40.728712], [-73.971559, 40.728872], [-73.971599, 40.729092], [-73.971659, 40.729302], [-73.971719, 40.729452], [-73.971819, 40.729632], [-73.971919, 40.729782], [-73.972029, 40.729912], [-73.972249, 40.730132], [-73.972439, 40.730282], [-73.972699, 40.730452], [-73.972939, 40.730642], [-73.973239, 40.730932], [-73.973329, 40.731042], [-73.973419, 40.731142], [-73.973519, 40.731222], [-73.97357, 40.731248], [-73.973619, 40.731392], [-73.973669, 40.731452], [-73.973699, 40.731562], [-73.973809, 40.731732], [-73.973879, 40.731932], [-73.974019, 40.732522], [-73.97404, 40.732603], [-73.974089, 40.732792], [-73.974319, 40.733972], [-73.974419, 40.734262], [-73.974799, 40.735342], [-73.974979, 40.735402], [-73.975099, 40.735442], [-73.975769, 40.735722], [-73.976309, 40.735952], [-73.976589, 40.736062], [-73.977129, 40.736282], [-73.978039, 40.736662], [-73.978559, 40.736892], [-73.979386, 40.737263], [-73.979386, 40.737263], [-73.979519, 40.737322], [-73.980869, 40.737882], [-73.981069, 40.737962], [-73.98176, 40.738243], [-73.98176, 40.738243], [-73.982519, 40.738552], [-73.983149, 40.738822], [-73.983498, 40.738968], [-73.983498, 40.738968], [-73.984749, 40.739492], [-73.986299, 40.740152], [-73.986399, 40.740192], [-73.986909, 40.740405], [-73.986909, 40.740405], [-73.988049, 40.740882], [-73.989119, 40.741342], [-73.989259, 40.741402], [-73.989569, 40.741532], [-73.991449, 40.742322], [-73.992809, 40.742892], [-73.99269, 40.743048], [-73.99269, 40.743048], [-73.992299, 40.743562], [-73.991859, 40.744172], [-73.991419, 40.744802], [-73.990969, 40.745422], [-73.990519, 40.746042], [-73.990069, 40.746662], [-73.989619, 40.747282], [-73.989169, 40.747892], [-73.988719, 40.748502], [-73.988259, 40.749122], [-73.987999, 40.749492], [-73.987789, 40.749782], [-73.987717, 40.74988], [-73.987717, 40.74988], [-73.987309, 40.750442], [-73.987169, 40.750642], [-73.986859, 40.751062], [-73.986389, 40.751692], [-73.985949, 40.752312], [-73.985819, 40.752482], [-73.985489, 40.752932], [-73.985309, 40.753182], [-73.985039, 40.753542], [-73.984589, 40.754162], [-73.984464, 40.754335], [-73.984464, 40.754335], [-73.984099, 40.754842], [-73.983609, 40.755492], [-73.983159, 40.756132], [-73.982689, 40.756762], [-73.982249, 40.757382], [-73.981769, 40.758022], [-73.981579, 40.758272], [-73.981319, 40.758642], [-73.981089, 40.758962], [-73.980869, 40.759262], [-73.980469, 40.759809], [-73.980469, 40.759809], [-73.980409, 40.759892], [-73.979939, 40.760522], [-73.979639, 40.760932], [-73.979479, 40.761152], [-73.979029, 40.761772], [-73.978579, 40.762392], [-73.978459, 40.762552], [-73.978359, 40.762692], [-73.978109, 40.763032], [-73.977649, 40.763662], [-73.977169, 40.764322], [-73.977084, 40.764436], [-73.977084, 40.764436], [-73.976669, 40.765002], [-73.976409, 40.765342], [-73.976259, 40.765532], [-73.976179, 40.765642], [-73.976559, 40.765822], [-73.976849, 40.765949]]}}, {"type": "Feature", "properties": {"route_id": "SIM31", "tier": "secondary", "high_need_count": 1}, "geometry": {"type": "LineString", "coordinates": [[-74.171183, 40.560392], [-74.171173, 40.5603], [-74.171115, 40.559809], [-74.171058, 40.559872], [-74.170959, 40.559962], [-74.170849, 40.560032], [-74.170719, 40.560102], [-74.170569, 40.560152], [-74.170339, 40.560182], [-74.170089, 40.560202], [-74.169769, 40.560222], [-74.16978, 40.56034], [-74.169799, 40.560552], [-74.169827, 40.56091], [-74.169839, 40.561062], [-74.169819, 40.561502], [-74.169799, 40.562002], [-74.169779, 40.562362], [-74.169759, 40.562702], [-74.169749, 40.562942], [-74.169729, 40.563532], [-74.169659, 40.563652], [-74.169649, 40.563792], [-74.169639, 40.564542], [-74.169619, 40.565922], [-74.169619, 40.566002], [-74.169589, 40.566852], [-74.169579, 40.567092], [-74.169529, 40.568152], [-74.169528, 40.568622], [-74.169569, 40.569362], [-74.169599, 40.569802], [-74.169679, 40.570704], [-74.169679, 40.570704], [-74.169699, 40.570922], [-74.169779, 40.571762], [-74.169849, 40.572442], [-74.169849, 40.572782], [-74.169769, 40.573962], [-74.169679, 40.575722], [-74.169632, 40.576425], [-74.169632, 40.576425], [-74.169619, 40.576632], [-74.169599, 40.576992], [-74.169549, 40.577792], [-74.169549, 40.577852], [-74.169529, 40.578152], [-74.169479, 40.578652], [-74.169359, 40.579372], [-74.169229, 40.579342], [-74.169148, 40.579312], [-74.168329, 40.578872], [-74.166109, 40.577682], [-74.165479, 40.577342], [-74.164599, 40.576862], [-74.164379, 40.576782], [-74.164019, 40.577102], [-74.163809, 40.577302], [-74.163739, 40.577392], [-74.163689, 40.577512], [-74.163669, 40.577682], [-74.163624, 40.578099], [-74.163624, 40.578099], [-74.163579, 40.578522], [-74.163529, 40.578872], [-74.163479, 40.579262], [-74.163459, 40.579372], [-74.163439, 40.579522], [-74.163399, 40.579672], [-74.163349, 40.579822], [-74.162789, 40.581262], [-74.162683, 40.581537], [-74.162683, 40.581537], [-74.162379, 40.582332], [-74.162269, 40.582582], [-74.162189, 40.582722], [-74.162109, 40.582852], [-74.162069, 40.582909], [-74.162019, 40.582982], [-74.161909, 40.583092], [-74.161179, 40.583882], [-74.160968, 40.584002], [-74.160688, 40.584297], [-74.160688, 40.584297], [-74.160569, 40.584422], [-74.160249, 40.584752], [-74.160769, 40.585042], [-74.160949, 40.585152], [-74.161059, 40.585212], [-74.161159, 40.585262], [-74.161509, 40.585462], [-74.162019, 40.585752], [-74.162259, 40.585892], [-74.162979, 40.586312], [-74.161639, 40.587742], [-74.161299, 40.588102], [-74.160919, 40.588452], [-74.16035, 40.588984], [-74.16035, 40.588984], [-74.160309, 40.589022], [-74.159189, 40.590142], [-74.158529, 40.590902], [-74.157709, 40.590442], [-74.156909, 40.589982], [-74.154456, 40.588606], [-74.154456, 40.588606], [-74.154359, 40.588552], [-74.153189, 40.587882], [-74.151869, 40.587132], [-74.150919, 40.586662], [-74.150129, 40.586272], [-74.149269, 40.585842], [-74.148953, 40.585682], [-74.148953, 40.585682], [-74.148459, 40.585432], [-74.147639, 40.584992], [-74.147309, 40.585262], [-74.146909, 40.585582], [-74.146799, 40.585622], [-74.146689, 40.585712], [-74.146569, 40.585812], [-74.146459, 40.585912], [-74.146349, 40.586022], [-74.146279, 40.586162], [-74.146229, 40.586312], [-74.146089, 40.587052], [-74.146039, 40.587322], [-74.145889, 40.588102], [-74.145869, 40.588222], [-74.145849, 40.588412], [-74.145839, 40.588552], [-74.145791, 40.589039], [-74.145791, 40.589039], [-74.145759, 40.589372], [-74.145689, 40.589932], [-74.145629, 40.590302], [-74.145519, 40.591192], [-74.145478, 40.591352], [-74.145419, 40.591502], [-74.145329, 40.591632], [-74.145059, 40.591982], [-74.144579, 40.592612], [-74.143939, 40.593402], [-74.143829, 40.593552], [-74.143179, 40.594302], [-74.142729, 40.594892], [-74.142289, 40.595492], [-74.141849, 40.596062], [-74.141389, 40.596672], [-74.141234, 40.596885], [-74.141234, 40.596885], [-74.140749, 40.597552], [-74.140689, 40.597642], [-74.140569, 40.597832], [-74.140029, 40.598572], [-74.140049, 40.598802], [-74.140079, 40.599282], [-74.140119, 40.599522], [-74.140149, 40.599752], [-74.140159, 40.600002], [-74.140179, 40.600422], [-74.140199, 40.600702], [-74.139315, 40.600757], [-74.139315, 40.600757], [-74.139229, 40.600762], [-74.137709, 40.600852], [-74.136799, 40.600912], [-74.135889, 40.600992], [-74.134929, 40.601072], [-74.134819, 40.601082], [-74.134449, 40.601112], [-74.134269, 40.601142], [-74.134198, 40.601152], [-74.134154, 40.601157], [-74.134154, 40.601157], [-74.134019, 40.601172], [-74.133119, 40.601252], [-74.132208, 40.601322], [-74.131249, 40.601382], [-74.131409, 40.602562], [-74.131559, 40.603712], [-74.131569, 40.603792], [-74.131579, 40.603885], [-74.131579, 40.603885], [-74.131769, 40.605582], [-74.131889, 40.606672], [-74.131899, 40.606802], [-74.131899, 40.606952], [-74.131909, 40.607072], [-74.131939, 40.607332], [-74.132019, 40.607782], [-74.131711, 40.607795], [-74.131711, 40.607795], [-74.131549, 40.607802], [-74.130909, 40.607832], [-74.129779, 40.607902], [-74.128709, 40.608002], [-74.127789, 40.608092], [-74.127229, 40.608162], [-74.126867, 40.608213], [-74.126867, 40.608213], [-74.126249, 40.608302], [-74.125019, 40.608522], [-74.124069, 40.608712], [-74.123129, 40.608912], [-74.121669, 40.609272], [-74.121219, 40.609382], [-74.121169, 40.608822], [-74.120908, 40.608852], [-74.120635, 40.608883], [-74.120635, 40.608883], [-74.119049, 40.609062], [-74.118339, 40.609132], [-74.117909, 40.609212], [-74.117409, 40.609282], [-74.117159, 40.609332], [-74.117019, 40.609352], [-74.116719, 40.609382], [-74.116704, 40.609383], [-74.116704, 40.609383], [-74.116509, 40.609402], [-74.116579, 40.609772], [-74.116629, 40.610082], [-74.116639, 40.610172], [-74.116859, 40.610162], [-74.117039, 40.610172], [-74.117189, 40.610212], [-74.117249, 40.610252], [-74.117299, 40.610322], [-74.117329, 40.610402], [-74.117329, 40.610512], [-74.117299, 40.610592], [-74.117249, 40.610652], [-74.117119, 40.610732], [-74.116768, 40.610882], [-74.116269, 40.611042], [-74.115629, 40.611102], [-74.115309, 40.611122], [-74.114999, 40.611132], [-74.114379, 40.611112], [-74.113949, 40.611082], [-74.113429, 40.611012], [-74.112999, 40.610942], [-74.112589, 40.610852], [-74.112089, 40.610732], [-74.111588, 40.610592], [-74.111209, 40.610492], [-74.110769, 40.610382], [-74.110199, 40.610262], [-74.109919, 40.610222], [-74.109309, 40.610152], [-74.108739, 40.610122], [-74.108209, 40.610122], [-74.106899, 40.610172], [-74.106109, 40.610192], [-74.105489, 40.610222], [-74.105089, 40.610242], [-74.103419, 40.610312], [-74.102339, 40.610352], [-74.099369, 40.610462], [-74.097689, 40.610532], [-74.096939, 40.610552], [-74.096479, 40.610562], [-74.095979, 40.610552], [-74.095189, 40.610482], [-74.094519, 40.610382], [-74.094019, 40.610282], [-74.093589, 40.610172], [-74.092779, 40.609922], [-74.091979, 40.609602], [-74.091439, 40.609372], [-74.090539, 40.609002], [-74.089869, 40.608712], [-74.088829, 40.608282], [-74.086729, 40.607392], [-74.086429, 40.607272], [-74.086199, 40.607182], [-74.085519, 40.606952], [-74.085049, 40.606812], [-74.084569, 40.606682], [-74.084149, 40.606582], [-74.083489, 40.606442], [-74.082899, 40.606332], [-74.082349, 40.606262], [-74.081679, 40.606202], [-74.080999, 40.606162], [-74.079969, 40.606132], [-74.078649, 40.606102], [-74.077789, 40.606082], [-74.077589, 40.606072], [-74.077279, 40.606062], [-74.076769, 40.606032], [-74.076559, 40.606012], [-74.076169, 40.605972], [-74.075699, 40.605912], [-74.075199, 40.605832], [-74.074739, 40.605752], [-74.074139, 40.605622], [-74.073609, 40.605512], [-74.072809, 40.605292], [-74.072459, 40.605182], [-74.072259, 40.605112], [-74.071899, 40.604972], [-74.071549, 40.604832], [-74.070599, 40.604462], [-74.070259, 40.604322], [-74.069689, 40.604092], [-74.069179, 40.603892], [-74.068509, 40.603642], [-74.066899, 40.603072], [-74.066249, 40.602842], [-74.065829, 40.602702], [-74.065499, 40.602602], [-74.065359, 40.602562], [-74.064799, 40.602392], [-74.064369, 40.602262], [-74.063719, 40.602102], [-74.063199, 40.601992], [-74.062519, 40.601892], [-74.061809, 40.601822], [-74.061069, 40.601762], [-74.060779, 40.601752], [-74.060279, 40.601742], [-74.059679, 40.601762], [-74.059389, 40.601792], [-74.059119, 40.601852], [-74.058829, 40.601942], [-74.058239, 40.602102], [-74.057549, 40.602342], [-74.057429, 40.602382], [-74.053479, 40.603642], [-74.052129, 40.604082], [-74.050889, 40.604482], [-74.049089, 40.605072], [-74.047329, 40.605642], [-74.046239, 40.606002], [-74.045589, 40.606212], [-74.045119, 40.606362], [-74.043969, 40.606742], [-74.042769, 40.607132], [-74.042579, 40.607192], [-74.042439, 40.607242], [-74.042269, 40.607302], [-74.041469, 40.607562], [-74.040299, 40.607942], [-74.039309, 40.608262], [-74.038229, 40.608622], [-74.036029, 40.609312], [-74.035969, 40.609332], [-74.035779, 40.609392], [-74.035109, 40.609612], [-74.034969, 40.609652], [-74.034859, 40.609692], [-74.034099, 40.609932], [-74.033779, 40.610032], [-74.032849, 40.610322], [-74.032619, 40.610392], [-74.032019, 40.610592], [-74.031739, 40.610682], [-74.031368, 40.610805], [-74.031368, 40.610805], [-74.030929, 40.610952], [-74.030629, 40.611092], [-74.030389, 40.611212], [-74.030049, 40.611422], [-74.029759, 40.611632], [-74.029409, 40.611932], [-74.029269, 40.612072], [-74.029149, 40.612202], [-74.028869, 40.612592], [-74.028509, 40.613312], [-74.028319, 40.613632], [-74.028049, 40.614002], [-74.027469, 40.614702], [-74.027219, 40.614982], [-74.026639, 40.615652], [-74.026109, 40.616212], [-74.025689, 40.616732], [-74.025359, 40.617142], [-74.025269, 40.617252], [-74.025059, 40.617502], [-74.024639, 40.617992], [-74.023879, 40.618812], [-74.023619, 40.619142], [-74.023209, 40.619672], [-74.022829, 40.620112], [-74.022069, 40.620962], [-74.021509, 40.621592], [-74.021059, 40.622142], [-74.020939, 40.622282], [-74.020919, 40.622302], [-74.020649, 40.622622], [-74.020369, 40.622952], [-74.019809, 40.623652], [-74.019459, 40.624152], [-74.019379, 40.624272], [-74.019349, 40.624312], [-74.019109, 40.624722], [-74.019009, 40.624912], [-74.019003, 40.624922], [-74.019003, 40.624922], [-74.018909, 40.625102], [-74.018809, 40.625302], [-74.018599, 40.625732], [-74.018559, 40.625802], [-74.018449, 40.626072], [-74.018289, 40.626452], [-74.018169, 40.626762], [-74.017759, 40.627822], [-74.017469, 40.628542], [-74.017299, 40.628982], [-74.017039, 40.629652], [-74.016759, 40.630462], [-74.016649, 40.630762], [-74.016499, 40.631152], [-74.016429, 40.631332], [-74.016369, 40.631502], [-74.016279, 40.631732], [-74.016099, 40.632242], [-74.016079, 40.632322], [-74.015949, 40.632852], [-74.015909, 40.633162], [-74.015899, 40.633382], [-74.015899, 40.633482], [-74.015899, 40.633652], [-74.015919, 40.633862], [-74.015929, 40.634042], [-74.016069, 40.634462], [-74.016119, 40.634582], [-74.016179, 40.634712], [-74.016359, 40.634992], [-74.016529, 40.635182], [-74.016711, 40.635349], [-74.016711, 40.635349], [-74.016779, 40.635412], [-74.016859, 40.635482], [-74.017069, 40.635642], [-74.017229, 40.635762], [-74.017299, 40.635812], [-74.017629, 40.636032], [-74.018039, 40.636282], [-74.018279, 40.636422], [-74.018819, 40.636742], [-74.018929, 40.636802], [-74.019259, 40.637002], [-74.019639, 40.637222], [-74.019919, 40.637402], [-74.020346, 40.637665], [-74.020346, 40.637665], [-74.020439, 40.637722], [-74.020809, 40.638022], [-74.021029, 40.638252], [-74.021119, 40.638352], [-74.021299, 40.638602], [-74.021479, 40.638952], [-74.021569, 40.639222], [-74.021629, 40.639512], [-74.021639, 40.639782], [-74.021619, 40.639972], [-74.021589, 40.640182], [-74.021529, 40.640352], [-74.021495, 40.640454], [-74.021495, 40.640454], [-74.021479, 40.640502], [-74.021409, 40.640652], [-74.021249, 40.640922], [-74.021149, 40.641052], [-74.020919, 40.641332], [-74.020539, 40.641742], [-74.020319, 40.641932], [-74.020019, 40.642222], [-74.019689, 40.642552], [-74.019109, 40.643122], [-74.018549, 40.643662], [-74.017979, 40.644242], [-74.017399, 40.644812], [-74.017319, 40.644892], [-74.016819, 40.645402], [-74.016259, 40.645932], [-74.015689, 40.646492], [-74.015439, 40.646722], [-74.015109, 40.647032], [-74.014519, 40.647612], [-74.014209, 40.647912], [-74.013929, 40.648182], [-74.013349, 40.648762], [-74.012769, 40.649292], [-74.012179, 40.649872], [-74.011619, 40.650402], [-74.010999, 40.650992], [-74.010409, 40.651562], [-74.009829, 40.652112], [-74.009259, 40.652672], [-74.008669, 40.653232], [-74.008099, 40.653782], [-74.008049, 40.653832], [-74.007819, 40.654052], [-74.007629, 40.654232], [-74.007519, 40.654332], [-74.006919, 40.654912], [-74.006349, 40.655472], [-74.005729, 40.656052], [-74.005189, 40.656582], [-74.004639, 40.657112], [-74.004579, 40.657162], [-74.004009, 40.657722], [-74.003429, 40.658272], [-74.002849, 40.658842], [-74.002239, 40.659402], [-74.001689, 40.659932], [-74.001099, 40.660502], [-74.000519, 40.661052], [-73.999949, 40.661612], [-73.999339, 40.662192], [-73.998169, 40.663342], [-73.998143, 40.663366], [-73.998143, 40.663366], [-73.997569, 40.663912], [-73.997079, 40.664392], [-73.996979, 40.664482], [-73.996739, 40.664722], [-73.996489, 40.665002], [-73.996429, 40.665092], [-73.996289, 40.665332], [-73.996229, 40.665432], [-73.996099, 40.665702], [-73.996079, 40.665752], [-73.996039, 40.665892], [-73.995979, 40.666112], [-73.995919, 40.666422], [-73.995899, 40.666562], [-73.995889, 40.666752], [-73.995889, 40.666892], [-73.995899, 40.667052], [-73.995939, 40.667282], [-73.995989, 40.667512], [-73.996089, 40.667782], [-73.996139, 40.667932], [-73.996279, 40.668222], [-73.996499, 40.668632], [-73.996779, 40.669112], [-73.996839, 40.669202], [-73.996889, 40.669292], [-73.997439, 40.670172], [-73.997659, 40.670512], [-73.998319, 40.671572], [-73.998439, 40.671752], [-73.998819, 40.672372], [-73.998849, 40.672422], [-73.998989, 40.672652], [-73.999149, 40.672912], [-73.999209, 40.673002], [-73.999749, 40.673852], [-73.999849, 40.674012], [-74.000319, 40.674762], [-74.000719, 40.675402], [-74.000789, 40.675522], [-74.001059, 40.675982], [-74.001119, 40.676082], [-74.001349, 40.676372], [-74.001509, 40.676622], [-74.001979, 40.677332], [-74.002159, 40.677602], [-74.002419, 40.677972], [-74.002729, 40.678372], [-74.002809, 40.678462], [-74.002969, 40.678652], [-74.003299, 40.679062], [-74.003499, 40.679302], [-74.003599, 40.679422], [-74.003869, 40.679752], [-74.003965, 40.679866], [-74.003965, 40.679866], [-74.004199, 40.680142], [-74.004409, 40.680402], [-74.004549, 40.680572], [-74.004799, 40.680912], [-74.005229, 40.681472], [-74.005469, 40.681782], [-74.005589, 40.681942], [-74.005909, 40.682722], [-74.006099, 40.683132], [-74.006109, 40.683292], [-74.006159, 40.683692], [-74.006389, 40.684302], [-74.006499, 40.684472], [-74.006849, 40.685032], [-74.007539, 40.686102], [-74.007769, 40.686472], [-74.007899, 40.686622], [-74.008899, 40.687872], [-74.009449, 40.688512], [-74.009499, 40.688562], [-74.009649, 40.688742], [-74.009699, 40.688792], [-74.010129, 40.689282], [-74.010909, 40.690302], [-74.011229, 40.690762], [-74.011308, 40.69089], [-74.011308, 40.69089], [-74.011409, 40.691052], [-74.011699, 40.691662], [-74.011759, 40.691802], [-74.011859, 40.692062], [-74.012039, 40.692532], [-74.012699, 40.694402], [-74.012839, 40.694772], [-74.012949, 40.695092], [-74.013029, 40.695332], [-74.013199, 40.695792], [-74.013549, 40.696762], [-74.013889, 40.697682], [-74.014389, 40.699062], [-74.015089, 40.700902], [-74.015119, 40.701002], [-74.015279, 40.701492], [-74.015299, 40.701572], [-74.015329, 40.701722], [-74.015389, 40.701962], [-74.015409, 40.702052], [-74.015429, 40.702142], [-74.015499, 40.702612], [-74.015529, 40.703102], [-74.015529, 40.703172], [-74.015529, 40.703482], [-74.015489, 40.703852], [-74.015469, 40.704052], [-74.015459, 40.704092], [-74.015409, 40.704322], [-74.015309, 40.704592], [-74.015259, 40.704762], [-74.015229, 40.704862], [-74.015149, 40.705062], [-74.015079, 40.705252], [-74.015049, 40.705332], [-74.014939, 40.705582], [-74.014849, 40.705792], [-74.014769, 40.705982], [-74.014709, 40.706152], [-74.014629, 40.706382], [-74.014689, 40.706622], [-74.014759, 40.706812], [-74.014889, 40.707012], [-74.014959, 40.707072], [-74.015089, 40.707192], [-74.015229, 40.707272], [-74.015379, 40.707282], [-74.015499, 40.707282], [-74.015689, 40.707272], [-74.015969, 40.707202], [-74.016129, 40.706682], [-74.016249, 40.706252], [-74.016289, 40.706072], [-74.016329, 40.705932], [-74.016459, 40.705612], [-74.016499, 40.705512], [-74.016659, 40.705122], [-74.016719, 40.704962], [-74.016739, 40.704822], [-74.016759, 40.704652], [-74.016709, 40.704262], [-74.016656, 40.704101], [-74.016656, 40.704101], [-74.016569, 40.703832], [-74.016379, 40.703312], [-74.016299, 40.703092], [-74.016219, 40.702882], [-74.016099, 40.702562], [-74.015909, 40.702182], [-74.015849, 40.702092], [-74.015669, 40.701882], [-74.015559, 40.701752], [-74.015489, 40.701702], [-74.015389, 40.701632], [-74.015239, 40.701532], [-74.015159, 40.701472], [-74.014889, 40.701342], [-74.014839, 40.701322], [-74.014799, 40.701302], [-74.014679, 40.701262], [-74.014489, 40.701202], [-74.014279, 40.701152], [-74.014089, 40.701122], [-74.013909, 40.701102], [-74.013759, 40.701092], [-74.013519, 40.701102], [-74.013419, 40.701102], [-74.013319, 40.701112], [-74.013289, 40.701112], [-74.013259, 40.701122], [-74.013079, 40.701152], [-74.012949, 40.701182], [-74.012879, 40.701192], [-74.012859, 40.701192], [-74.012829, 40.701202], [-74.012709, 40.701222], [-74.012509, 40.701252], [-74.012189, 40.701322], [-74.011119, 40.701602], [-74.010679, 40.701712], [-74.010299, 40.701812], [-74.009869, 40.701922], [-74.009709, 40.701972], [-74.009479, 40.702042], [-74.009419, 40.702062], [-74.009249, 40.702132], [-74.009189, 40.702162], [-74.008959, 40.702292], [-74.007789, 40.703032], [-74.007719, 40.703072], [-74.007249, 40.703372], [-74.006609, 40.703782], [-74.004589, 40.705072], [-74.004069, 40.705402], [-74.003869, 40.705532], [-74.003379, 40.705842], [-74.003289, 40.705892], [-74.002399, 40.706432], [-74.002079, 40.706622], [-74.001799, 40.706792], [-74.001169, 40.707132], [-74.000899, 40.707262], [-74.000529, 40.707452], [-74.000039, 40.707712], [-73.999429, 40.708042], [-73.999369, 40.708072], [-73.999279, 40.708112], [-73.998799, 40.708392], [-73.998559, 40.708512], [-73.998269, 40.708632], [-73.997879, 40.708742], [-73.997669, 40.708792], [-73.997449, 40.708842], [-73.996829, 40.708942], [-73.996253, 40.709013], [-73.996253, 40.709013], [-73.996179, 40.709022], [-73.995889, 40.709062], [-73.994509, 40.709242], [-73.994209, 40.709282], [-73.993999, 40.709302], [-73.992989, 40.709442], [-73.992129, 40.709562], [-73.992079, 40.709572], [-73.991959, 40.709592], [-73.991789, 40.709612], [-73.991719, 40.709622], [-73.991659, 40.709632], [-73.990129, 40.709862], [-73.989319, 40.709972], [-73.988699, 40.710042], [-73.988079, 40.710102], [-73.986149, 40.710332], [-73.985089, 40.710452], [-73.984659, 40.710492], [-73.984509, 40.710502], [-73.983789, 40.710572], [-73.982709, 40.710642], [-73.981799, 40.710702], [-73.981679, 40.710712], [-73.981099, 40.710752], [-73.980839, 40.710772], [-73.980499, 40.710802], [-73.980279, 40.710832], [-73.979889, 40.710892], [-73.979639, 40.710952], [-73.979379, 40.711042], [-73.979059, 40.711172], [-73.978759, 40.711322], [-73.978569, 40.711442], [-73.978429, 40.711542], [-73.978259, 40.711682], [-73.978159, 40.711762], [-73.978039, 40.711902], [-73.977889, 40.712062], [-73.977709, 40.712302], [-73.977579, 40.712512], [-73.977199, 40.713252], [-73.976749, 40.714122], [-73.976589, 40.714442], [-73.976509, 40.714592], [-73.976439, 40.714732], [-73.976409, 40.714792], [-73.976389, 40.714842], [-73.976349, 40.714922], [-73.976319, 40.714972], [-73.976199, 40.715212], [-73.976029, 40.715552], [-73.975869, 40.715872], [-73.975589, 40.716422], [-73.975469, 40.716692], [-73.975249, 40.717212], [-73.975129, 40.717572], [-73.975029, 40.717932], [-73.974949, 40.718282], [-73.974869, 40.718782], [-73.974849, 40.718892], [-73.974699, 40.720092], [-73.974599, 40.720772], [-73.974569, 40.721002], [-73.974549, 40.721142], [-73.974529, 40.721372], [-73.974519, 40.721502], [-73.974469, 40.721772], [-73.974389, 40.722082], [-73.974269, 40.722382], [-73.974139, 40.722652], [-73.973759, 40.723292], [-73.973249, 40.724102], [-73.973169, 40.724232], [-73.972919, 40.724612], [-73.972369, 40.725532], [-73.972199, 40.725842], [-73.972039, 40.726202], [-73.971909, 40.726542], [-73.971839, 40.726802], [-73.971679, 40.727812], [-73.971649, 40.728042], [-73.971631, 40.728234], [-73.971631, 40.728234], [-73.971629, 40.728252], [-73.971579, 40.728402], [-73.971559, 40.728562], [-73.971549, 40.728712], [-73.971559, 40.728872], [-73.971599, 40.729092], [-73.971659, 40.729302], [-73.971719, 40.729452], [-73.971819, 40.729632], [-73.971919, 40.729782], [-73.972029, 40.729912], [-73.972249, 40.730132], [-73.972439, 40.730282], [-73.972699, 40.730452], [-73.972939, 40.730642], [-73.973239, 40.730932], [-73.973329, 40.731042], [-73.973419, 40.731142], [-73.973519, 40.731222], [-73.97357, 40.731248], [-73.973619, 40.731392], [-73.973669, 40.731452], [-73.973699, 40.731562], [-73.973809, 40.731732], [-73.973879, 40.731932], [-73.974019, 40.732522], [-73.97404, 40.732603], [-73.974089, 40.732792], [-73.974319, 40.733972], [-73.974419, 40.734262], [-73.974799, 40.735342], [-73.974979, 40.735402], [-73.975099, 40.735442], [-73.975285, 40.73552], [-73.975285, 40.73552], [-73.975769, 40.735722], [-73.976309, 40.735952], [-73.976589, 40.736062], [-73.977129, 40.736282], [-73.978039, 40.736662], [-73.978559, 40.736892], [-73.979386, 40.737263], [-73.979386, 40.737263], [-73.979519, 40.737322], [-73.980869, 40.737882], [-73.981069, 40.737962], [-73.98176, 40.738243], [-73.98176, 40.738243], [-73.982519, 40.738552], [-73.983149, 40.738822], [-73.983498, 40.738968], [-73.983498, 40.738968], [-73.984749, 40.739492], [-73.986299, 40.740152], [-73.986399, 40.740192], [-73.986909, 40.740405], [-73.986909, 40.740405], [-73.988049, 40.740882], [-73.987849, 40.741132], [-73.987519, 40.741542], [-73.987049, 40.742142], [-73.986599, 40.742762], [-73.986149, 40.743382], [-73.985699, 40.744002], [-73.985239, 40.744622], [-73.984789, 40.745242], [-73.984339, 40.745852], [-73.983899, 40.746472], [-73.983439, 40.747092], [-73.982959, 40.747762], [-73.982514, 40.748361], [-73.982514, 40.748361], [-73.982469, 40.748422], [-73.982019, 40.749042], [-73.981569, 40.749662], [-73.981119, 40.750272], [-73.980669, 40.750902], [-73.980219, 40.751512], [-73.979821, 40.752059], [-73.979821, 40.752059], [-73.979769, 40.752132], [-73.979609, 40.752352], [-73.979479, 40.752542], [-73.979269, 40.752822], [-73.978779, 40.753472], [-73.978399, 40.754002], [-73.978359, 40.754052], [-73.978329, 40.754092], [-73.977869, 40.754722], [-73.977419, 40.755342], [-73.976959, 40.755972], [-73.976549, 40.756524], [-73.976549, 40.756524], [-73.976499, 40.756592], [-73.976239, 40.756972], [-73.976049, 40.757222], [-73.975599, 40.757852], [-73.975129, 40.758482], [-73.974679, 40.759092], [-73.974219, 40.759732], [-73.973769, 40.760352], [-73.973545, 40.760652], [-73.973545, 40.760652], [-73.973299, 40.760982], [-73.972849, 40.761602], [-73.972359, 40.762282], [-73.971909, 40.762094], [-73.971909, 40.762094], [-73.970829, 40.761642], [-73.970629, 40.761572], [-73.969109, 40.760952], [-73.968691, 40.760774]]}}, {"type": "Feature", "properties": {"route_id": "SIM6", "tier": "secondary", "high_need_count": 1}, "geometry": {"type": "LineString", "coordinates": [[-74.171207, 40.560596], [-74.171173, 40.5603], [-74.170396, 40.560426], [-74.16996, 40.560417], [-74.16978, 40.56034], [-74.169799, 40.560552], [-74.169827, 40.56091], [-74.169839, 40.561062], [-74.169809, 40.561062], [-74.168749, 40.560852], [-74.168579, 40.560822], [-74.168229, 40.560742], [-74.168019, 40.560702], [-74.167739, 40.560642], [-74.166909, 40.560482], [-74.166359, 40.560372], [-74.165899, 40.560272], [-74.165649, 40.560222], [-74.165259, 40.560142], [-74.165059, 40.560102], [-74.164949, 40.560102], [-74.164619, 40.560152], [-74.164269, 40.560212], [-74.163799, 40.560312], [-74.163109, 40.560602], [-74.162709, 40.560762], [-74.162459, 40.560032], [-74.162219, 40.559322], [-74.162201, 40.559269], [-74.162201, 40.559269], [-74.161979, 40.558622], [-74.161748, 40.557922], [-74.161509, 40.557212], [-74.161269, 40.556522], [-74.161029, 40.555812], [-74.158609, 40.556132], [-74.157658, 40.556252], [-74.156709, 40.556372], [-74.155931, 40.556568], [-74.155931, 40.556568], [-74.155799, 40.556602], [-74.154919, 40.556832], [-74.154799, 40.556862], [-74.154109, 40.557042], [-74.154029, 40.557062], [-74.153009, 40.557322], [-74.152859, 40.556972], [-74.152629, 40.556462], [-74.152509, 40.556192], [-74.152329, 40.555772], [-74.152179, 40.555442], [-74.152119, 40.555317], [-74.152119, 40.555317], [-74.152069, 40.555212], [-74.151689, 40.554332], [-74.151189, 40.553312], [-74.150909, 40.552592], [-74.150809, 40.552372], [-74.150629, 40.551942], [-74.150559, 40.551762], [-74.150519, 40.551662], [-74.150479, 40.551572], [-74.150369, 40.551292], [-74.150729, 40.551152], [-74.151289, 40.550912], [-74.151419, 40.550852], [-74.151309, 40.550692], [-74.151009, 40.550262], [-74.150899, 40.550112], [-74.150878, 40.550068], [-74.150878, 40.550068], [-74.150829, 40.549962], [-74.150779, 40.549782], [-74.150748, 40.549642], [-74.150629, 40.549102], [-74.150559, 40.548762], [-74.150499, 40.548442], [-74.150429, 40.548182], [-74.150359, 40.548062], [-74.150009, 40.547552], [-74.149949, 40.547452], [-74.149669, 40.546962], [-74.149429, 40.546552], [-74.148939, 40.545672], [-74.148859, 40.545532], [-74.148719, 40.545262], [-74.148549, 40.54494], [-74.148549, 40.54494], [-74.148529, 40.544902], [-74.148489, 40.544812], [-74.148419, 40.544702], [-74.148159, 40.544312], [-74.148009, 40.544092], [-74.147899, 40.543952], [-74.147629, 40.543622], [-74.147459, 40.543492], [-74.147279, 40.543342], [-74.146819, 40.542992], [-74.146749, 40.542952], [-74.146519, 40.542812], [-74.146389, 40.542732], [-74.145929, 40.542452], [-74.145869, 40.542412], [-74.145738, 40.542532], [-74.145633, 40.542628], [-74.145633, 40.542628], [-74.145519, 40.542732], [-74.145479, 40.542762], [-74.145419, 40.542802], [-74.145109, 40.543052], [-74.144879, 40.543232], [-74.144759, 40.543352], [-74.144669, 40.543462], [-74.144569, 40.543602], [-74.144409, 40.543852], [-74.144349, 40.543962], [-74.144259, 40.544092], [-74.144179, 40.544192], [-74.144049, 40.544312], [-74.143539, 40.544712], [-74.142679, 40.545392], [-74.142401, 40.545604], [-74.142401, 40.545604], [-74.142039, 40.545882], [-74.141369, 40.546382], [-74.140899, 40.546752], [-74.140409, 40.547112], [-74.139389, 40.547852], [-74.138629, 40.548432], [-74.138469, 40.548562], [-74.138259, 40.548742], [-74.138009, 40.549002], [-74.137699, 40.549272], [-74.137539, 40.549392], [-74.137319, 40.549542], [-74.137259, 40.549582], [-74.136949, 40.54979], [-74.136949, 40.54979], [-74.136069, 40.550382], [-74.134539, 40.551232], [-74.134339, 40.551352], [-74.133839, 40.551712], [-74.133529, 40.551982], [-74.133469, 40.552032], [-74.133149, 40.552302], [-74.133019, 40.552402], [-74.132863, 40.552533], [-74.132863, 40.552533], [-74.132439, 40.552892], [-74.131749, 40.553452], [-74.131119, 40.553892], [-74.130689, 40.554182], [-74.130399, 40.554382], [-74.130189, 40.554542], [-74.129749, 40.554942], [-74.128909, 40.555732], [-74.128039, 40.556522], [-74.127684, 40.55684], [-74.127684, 40.55684], [-74.127269, 40.557212], [-74.126629, 40.557802], [-74.126039, 40.558362], [-74.125659, 40.558712], [-74.125449, 40.558912], [-74.125239, 40.559092], [-74.125199, 40.559132], [-74.125194, 40.559136], [-74.125194, 40.559136], [-74.125089, 40.559212], [-74.124899, 40.559322], [-74.124759, 40.559392], [-74.124599, 40.559452], [-74.124379, 40.559512], [-74.124249, 40.559542], [-74.124099, 40.559562], [-74.123969, 40.559572], [-74.123848, 40.559582], [-74.123669, 40.559582], [-74.123499, 40.559572], [-74.123259, 40.559542], [-74.123009, 40.559512], [-74.122929, 40.559502], [-74.122389, 40.559432], [-74.122209, 40.559412], [-74.122049, 40.559402], [-74.121899, 40.559402], [-74.121649, 40.559422], [-74.121459, 40.559452], [-74.121299, 40.559502], [-74.121159, 40.559542], [-74.121009, 40.559602], [-74.120819, 40.559692], [-74.120709, 40.559752], [-74.120569, 40.559842], [-74.120429, 40.559942], [-74.120359, 40.560012], [-74.119989, 40.560342], [-74.119909, 40.560422], [-74.119739, 40.560582], [-74.119715, 40.560604], [-74.119715, 40.560604], [-74.119179, 40.561112], [-74.119059, 40.561232], [-74.118099, 40.562122], [-74.117489, 40.562702], [-74.116949, 40.563232], [-74.116689, 40.563492], [-74.116309, 40.563852], [-74.115469, 40.564702], [-74.114975, 40.565196], [-74.114975, 40.565196], [-74.114899, 40.565272], [-74.114309, 40.565842], [-74.114059, 40.566092], [-74.113689, 40.566452], [-74.113428, 40.566707], [-74.113428, 40.566707], [-74.113239, 40.566892], [-74.113149, 40.566982], [-74.112959, 40.567172], [-74.112549, 40.567582], [-74.112029, 40.568102], [-74.111419, 40.568722], [-74.111279, 40.568872], [-74.111109, 40.569032], [-74.111059, 40.569082], [-74.110859, 40.569282], [-74.110319, 40.569812], [-74.110089, 40.570042], [-74.109818, 40.570299], [-74.109818, 40.570299], [-74.109689, 40.570422], [-74.109109, 40.570992], [-74.108559, 40.571552], [-74.108359, 40.571752], [-74.108029, 40.572092], [-74.107489, 40.572632], [-74.106939, 40.573182], [-74.106759, 40.573362], [-74.106379, 40.573732], [-74.105969, 40.574142], [-74.105629, 40.574492], [-74.105059, 40.575052], [-74.104479, 40.575622], [-74.103879, 40.576212], [-74.103709, 40.576372], [-74.103689, 40.576502], [-74.103609, 40.576582], [-74.103362, 40.576841], [-74.103362, 40.576841], [-74.103199, 40.577012], [-74.102969, 40.577242], [-74.102639, 40.577582], [-74.102549, 40.577682], [-74.102309, 40.577942], [-74.102139, 40.577852], [-74.101699, 40.577632], [-74.101589, 40.577572], [-74.101409, 40.577472], [-74.101109, 40.577282], [-74.101009, 40.577162], [-74.100579, 40.576602], [-74.100489, 40.576482], [-74.100389, 40.576362], [-74.100269, 40.576232], [-74.100139, 40.576132], [-74.099999, 40.576052], [-74.099779, 40.575932], [-74.097919, 40.574932], [-74.097779, 40.574852], [-74.097629, 40.574762], [-74.097459, 40.574662], [-74.097299, 40.574582], [-74.097029, 40.574442], [-74.096428, 40.574116], [-74.096428, 40.574116], [-74.096309, 40.574052], [-74.095579, 40.573652], [-74.094839, 40.573252], [-74.094109, 40.572852], [-74.093749, 40.572652], [-74.093379, 40.572452], [-74.092639, 40.572052], [-74.091909, 40.571662], [-74.091169, 40.571252], [-74.090475, 40.570884], [-74.090475, 40.570884], [-74.090319, 40.570802], [-74.090209, 40.570742], [-74.089819, 40.571152], [-74.089639, 40.571332], [-74.089389, 40.571592], [-74.089319, 40.571672], [-74.089079, 40.571912], [-74.088719, 40.572282], [-74.088619, 40.572362], [-74.088429, 40.572522], [-74.088369, 40.572572], [-74.088249, 40.572652], [-74.087824, 40.572902], [-74.087824, 40.572902], [-74.083844, 40.575196], [-74.083844, 40.575196], [-74.083729, 40.575262], [-74.083299, 40.575522], [-74.082799, 40.575812], [-74.082389, 40.576062], [-74.082119, 40.576222], [-74.081419, 40.576612], [-74.081219, 40.576722], [-74.080739, 40.576992], [-74.080649, 40.577042], [-74.080379, 40.577212], [-74.079399, 40.577782], [-74.079169, 40.577952], [-74.079079, 40.578022], [-74.078979, 40.578102], [-74.078309, 40.578682], [-74.077849, 40.579092], [-74.077789, 40.579152], [-74.077659, 40.579272], [-74.077489, 40.579422], [-74.077451, 40.579457], [-74.077451, 40.579457], [-74.077359, 40.579542], [-74.076679, 40.580152], [-74.076289, 40.580502], [-74.076069, 40.580702], [-74.075379, 40.581322], [-74.075129, 40.581562], [-74.074539, 40.582182], [-74.073619, 40.583152], [-74.073569, 40.583202], [-74.073439, 40.583342], [-74.073119, 40.583632], [-74.072859, 40.583862], [-74.072669, 40.584042], [-74.072529, 40.584172], [-74.072419, 40.584262], [-74.072259, 40.584372], [-74.072059, 40.584512], [-74.071629, 40.584822], [-74.071489, 40.584932], [-74.071259, 40.585162], [-74.071119, 40.585342], [-74.070459, 40.586152], [-74.070139, 40.586552], [-74.069882, 40.586881], [-74.069882, 40.586881], [-74.069819, 40.586962], [-74.069119, 40.587802], [-74.068909, 40.588022], [-74.068049, 40.588872], [-74.066959, 40.589942], [-74.066749, 40.590142], [-74.066609, 40.590272], [-74.066436, 40.590421], [-74.066436, 40.590421], [-74.066389, 40.590462], [-74.066229, 40.590602], [-74.066149, 40.590662], [-74.065559, 40.591162], [-74.065149, 40.591512], [-74.064859, 40.591762], [-74.064699, 40.591882], [-74.064569, 40.591982], [-74.064409, 40.592102], [-74.064139, 40.592292], [-74.063929, 40.592422], [-74.063529, 40.592692], [-74.063379, 40.592802], [-74.063299, 40.592882], [-74.063249, 40.592952], [-74.063189, 40.593052], [-74.063119, 40.593232], [-74.062999, 40.593522], [-74.062959, 40.593622], [-74.062919, 40.593742], [-74.062879, 40.593962], [-74.062879, 40.594012], [-74.062869, 40.594272], [-74.062869, 40.594382], [-74.062859, 40.594502], [-74.062859, 40.594622], [-74.062849, 40.594752], [-74.062849, 40.594852], [-74.062829, 40.594972], [-74.062815, 40.595046], [-74.062815, 40.595046], [-74.062799, 40.595132], [-74.062759, 40.595212], [-74.062669, 40.595352], [-74.062509, 40.595592], [-74.062389, 40.595742], [-74.062269, 40.595842], [-74.062189, 40.595892], [-74.061989, 40.596032], [-74.061899, 40.596092], [-74.061809, 40.596172], [-74.061759, 40.596252], [-74.061729, 40.596332], [-74.061719, 40.596432], [-74.061739, 40.596522], [-74.061769, 40.596602], [-74.061979, 40.596852], [-74.062389, 40.597352], [-74.062819, 40.597882], [-74.063169, 40.598322], [-74.063369, 40.598552], [-74.063439, 40.598632], [-74.063699, 40.598942], [-74.063845, 40.599154], [-74.063845, 40.599154], [-74.064029, 40.599422], [-74.064149, 40.599592], [-74.064559, 40.600202], [-74.064699, 40.600452], [-74.064799, 40.600652], [-74.064829, 40.600712], [-74.064869, 40.600822], [-74.064949, 40.601062], [-74.064989, 40.601192], [-74.065029, 40.601342], [-74.065119, 40.601332], [-74.065529, 40.601292], [-74.065939, 40.601322], [-74.066089, 40.601352], [-74.066209, 40.601392], [-74.066379, 40.601502], [-74.066479, 40.601572], [-74.066609, 40.601722], [-74.066729, 40.601862], [-74.066879, 40.602092], [-74.066919, 40.602262], [-74.066889, 40.602402], [-74.066779, 40.602522], [-74.066589, 40.602612], [-74.066419, 40.602642], [-74.066249, 40.602632], [-74.065929, 40.602572], [-74.065669, 40.602512], [-74.065309, 40.602392], [-74.064109, 40.602022], [-74.063019, 40.601752], [-74.061069, 40.601762], [-74.060779, 40.601752], [-74.060279, 40.601742], [-74.059679, 40.601762], [-74.059389, 40.601792], [-74.059119, 40.601852], [-74.058829, 40.601942], [-74.058239, 40.602102], [-74.057549, 40.602342], [-74.057429, 40.602382], [-74.053479, 40.603642], [-74.052129, 40.604082], [-74.050889, 40.604482], [-74.049089, 40.605072], [-74.047329, 40.605642], [-74.046239, 40.606002], [-74.045589, 40.606212], [-74.045119, 40.606362], [-74.043969, 40.606742], [-74.042769, 40.607132], [-74.042579, 40.607192], [-74.042439, 40.607242], [-74.042269, 40.607302], [-74.041469, 40.607562], [-74.040299, 40.607942], [-74.039309, 40.608262], [-74.038229, 40.608622], [-74.036029, 40.609312], [-74.035969, 40.609332], [-74.035779, 40.609392], [-74.035109, 40.609612], [-74.034969, 40.609652], [-74.034859, 40.609692], [-74.034099, 40.609932], [-74.033779, 40.610032], [-74.032849, 40.610322], [-74.032619, 40.610392], [-74.032019, 40.610592], [-74.031739, 40.610682], [-74.030929, 40.610952], [-74.030629, 40.611092], [-74.030389, 40.611212], [-74.030049, 40.611422], [-74.029759, 40.611632], [-74.029409, 40.611932], [-74.029269, 40.612072], [-74.029149, 40.612202], [-74.028869, 40.612592], [-74.028509, 40.613312], [-74.028319, 40.613632], [-74.028049, 40.614002], [-74.027469, 40.614702], [-74.027219, 40.614982], [-74.026639, 40.615652], [-74.026109, 40.616212], [-74.025689, 40.616732], [-74.025359, 40.617142], [-74.025269, 40.617252], [-74.025059, 40.617502], [-74.024639, 40.617992], [-74.023879, 40.618812], [-74.023619, 40.619142], [-74.023209, 40.619672], [-74.022829, 40.620112], [-74.022069, 40.620962], [-74.021509, 40.621592], [-74.021059, 40.622142], [-74.020939, 40.622282], [-74.020919, 40.622302], [-74.020649, 40.622622], [-74.020369, 40.622952], [-74.019809, 40.623652], [-74.019459, 40.624152], [-74.019379, 40.624272], [-74.019349, 40.624312], [-74.019109, 40.624722], [-74.019009, 40.624912], [-74.018909, 40.625102], [-74.018809, 40.625302], [-74.018599, 40.625732], [-74.018559, 40.625802], [-74.018449, 40.626072], [-74.018289, 40.626452], [-74.018169, 40.626762], [-74.017759, 40.627822], [-74.017469, 40.628542], [-74.017299, 40.628982], [-74.017039, 40.629652], [-74.016759, 40.630462], [-74.016649, 40.630762], [-74.016499, 40.631152], [-74.016429, 40.631332], [-74.016369, 40.631502], [-74.016279, 40.631732], [-74.016099, 40.632242], [-74.016079, 40.632322], [-74.015949, 40.632852], [-74.015909, 40.633162], [-74.015899, 40.633382], [-74.015899, 40.633482], [-74.015899, 40.633652], [-74.015919, 40.633862], [-74.015929, 40.634042], [-74.016069, 40.634462], [-74.016119, 40.634582], [-74.016179, 40.634712], [-74.016359, 40.634992], [-74.016529, 40.635182], [-74.016711, 40.635349], [-74.016711, 40.635349], [-74.016779, 40.635412], [-74.016859, 40.635482], [-74.017069, 40.635642], [-74.017229, 40.635762], [-74.017299, 40.635812], [-74.017629, 40.636032], [-74.018039, 40.636282], [-74.018279, 40.636422], [-74.018819, 40.636742], [-74.018929, 40.636802], [-74.019259, 40.637002], [-74.019639, 40.637222], [-74.019919, 40.637402], [-74.020439, 40.637722], [-74.020809, 40.638022], [-74.021029, 40.638252], [-74.021119, 40.638352], [-74.021299, 40.638602], [-74.021479, 40.638952], [-74.021569, 40.639222], [-74.021629, 40.639512], [-74.021639, 40.639782], [-74.021619, 40.639972], [-74.021589, 40.640182], [-74.021529, 40.640352], [-74.021479, 40.640502], [-74.021409, 40.640652], [-74.021249, 40.640922], [-74.021149, 40.641052], [-74.020919, 40.641332], [-74.020539, 40.641742], [-74.020319, 40.641932], [-74.020019, 40.642222], [-74.019689, 40.642552], [-74.019109, 40.643122], [-74.018549, 40.643662], [-74.017979, 40.644242], [-74.017399, 40.644812], [-74.017319, 40.644892], [-74.016819, 40.645402], [-74.016259, 40.645932], [-74.015689, 40.646492], [-74.015439, 40.646722], [-74.015109, 40.647032], [-74.014519, 40.647612], [-74.014209, 40.647912], [-74.013929, 40.648182], [-74.013349, 40.648762], [-74.012769, 40.649292], [-74.012179, 40.649872], [-74.011619, 40.650402], [-74.010999, 40.650992], [-74.010409, 40.651562], [-74.009829, 40.652112], [-74.009259, 40.652672], [-74.008669, 40.653232], [-74.008099, 40.653782], [-74.008049, 40.653832], [-74.007819, 40.654052], [-74.007629, 40.654232], [-74.007519, 40.654332], [-74.006919, 40.654912], [-74.006349, 40.655472], [-74.005729, 40.656052], [-74.005189, 40.656582], [-74.004639, 40.657112], [-74.004579, 40.657162], [-74.004009, 40.657722], [-74.003429, 40.658272], [-74.002849, 40.658842], [-74.002239, 40.659402], [-74.001689, 40.659932], [-74.001099, 40.660502], [-74.000519, 40.661052], [-73.999949, 40.661612], [-73.999339, 40.662192], [-73.998169, 40.663342], [-73.997569, 40.663912], [-73.997079, 40.664392], [-73.996979, 40.664482], [-73.996739, 40.664722], [-73.996489, 40.665002], [-73.996429, 40.665092], [-73.996289, 40.665332], [-73.996229, 40.665432], [-73.996099, 40.665702], [-73.996079, 40.665752], [-73.996039, 40.665892], [-73.995979, 40.666112], [-73.995919, 40.666422], [-73.995899, 40.666562], [-73.995889, 40.666752], [-73.995889, 40.666892], [-73.995899, 40.667052], [-73.995939, 40.667282], [-73.995989, 40.667512], [-73.996089, 40.667782], [-73.996139, 40.667932], [-73.996279, 40.668222], [-73.996499, 40.668632], [-73.996779, 40.669112], [-73.996839, 40.669202], [-73.996889, 40.669292], [-73.997439, 40.670172], [-73.997659, 40.670512], [-73.998319, 40.671572], [-73.998439, 40.671752], [-73.998819, 40.672372], [-73.998849, 40.672422], [-73.998989, 40.672652], [-73.999149, 40.672912], [-73.999209, 40.673002], [-73.999749, 40.673852], [-73.999849, 40.674012], [-74.000319, 40.674762], [-74.000719, 40.675402], [-74.000789, 40.675522], [-74.001059, 40.675982], [-74.001119, 40.676082], [-74.001349, 40.676372], [-74.001509, 40.676622], [-74.001979, 40.677332], [-74.002159, 40.677602], [-74.002419, 40.677972], [-74.002729, 40.678372], [-74.002809, 40.678462], [-74.002969, 40.678652], [-74.003299, 40.679062], [-74.003499, 40.679302], [-74.003599, 40.679422], [-74.003869, 40.679752], [-74.004199, 40.680142], [-74.004409, 40.680402], [-74.004549, 40.680572], [-74.004799, 40.680912], [-74.005229, 40.681472], [-74.005469, 40.681782], [-74.005589, 40.681942], [-74.005909, 40.682722], [-74.006099, 40.683132], [-74.006109, 40.683292], [-74.006159, 40.683692], [-74.006389, 40.684302], [-74.006499, 40.684472], [-74.006849, 40.685032], [-74.007539, 40.686102], [-74.007769, 40.686472], [-74.007899, 40.686622], [-74.008899, 40.687872], [-74.009449, 40.688512], [-74.009499, 40.688562], [-74.009649, 40.688742], [-74.009699, 40.688792], [-74.010129, 40.689282], [-74.010909, 40.690302], [-74.011229, 40.690762], [-74.011409, 40.691052], [-74.011699, 40.691662], [-74.011759, 40.691802], [-74.011859, 40.692062], [-74.012039, 40.692532], [-74.012699, 40.694402], [-74.012839, 40.694772], [-74.012949, 40.695092], [-74.013029, 40.695332], [-74.013199, 40.695792], [-74.013549, 40.696762], [-74.013889, 40.697682], [-74.014389, 40.699062], [-74.015089, 40.700902], [-74.015119, 40.701002], [-74.015279, 40.701492], [-74.015299, 40.701572], [-74.015329, 40.701722], [-74.015389, 40.701962], [-74.015409, 40.702052], [-74.015429, 40.702142], [-74.015499, 40.702612], [-74.015529, 40.703102], [-74.015529, 40.703172], [-74.015529, 40.703482], [-74.015489, 40.703852], [-74.015469, 40.704052], [-74.015459, 40.704092], [-74.015409, 40.704322], [-74.015309, 40.704592], [-74.015259, 40.704762], [-74.015229, 40.704862], [-74.015149, 40.705062], [-74.015079, 40.705252], [-74.015049, 40.705332], [-74.014939, 40.705582], [-74.014849, 40.705792], [-74.014769, 40.705982], [-74.014709, 40.706152], [-74.014629, 40.706382], [-74.014689, 40.706622], [-74.014759, 40.706812], [-74.014889, 40.707012], [-74.014959, 40.707072], [-74.015089, 40.707192], [-74.015229, 40.707272], [-74.015379, 40.707282], [-74.015499, 40.707282], [-74.015689, 40.707272], [-74.015969, 40.707202], [-74.016129, 40.706682], [-74.016249, 40.706252], [-74.016289, 40.706072], [-74.016329, 40.705932], [-74.016459, 40.705612], [-74.016499, 40.705512], [-74.016659, 40.705122], [-74.016719, 40.704962], [-74.016739, 40.704822], [-74.016759, 40.704652], [-74.016709, 40.704262], [-74.016656, 40.704101], [-74.016656, 40.704101], [-74.016569, 40.703832], [-74.016379, 40.703312], [-74.016299, 40.703092], [-74.016219, 40.702882], [-74.016099, 40.702562], [-74.015909, 40.702182], [-74.015849, 40.702092], [-74.015669, 40.701882], [-74.015559, 40.701752], [-74.015489, 40.701702], [-74.015389, 40.701632], [-74.015239, 40.701532], [-74.015159, 40.701472], [-74.014889, 40.701342], [-74.014839, 40.701322], [-74.014799, 40.701302], [-74.014679, 40.701262], [-74.014489, 40.701202], [-74.014279, 40.701152], [-74.014089, 40.701122], [-74.013909, 40.701102], [-74.013759, 40.701092], [-74.013519, 40.701102], [-74.013419, 40.701102], [-74.013319, 40.701112], [-74.013289, 40.701112], [-74.013259, 40.701122], [-74.013079, 40.701152], [-74.012949, 40.701182], [-74.012879, 40.701192], [-74.012859, 40.701192], [-74.012829, 40.701202], [-74.012709, 40.701222], [-74.012509, 40.701252], [-74.012189, 40.701322], [-74.011119, 40.701602], [-74.010679, 40.701712], [-74.010299, 40.701812], [-74.009869, 40.701922], [-74.009709, 40.701972], [-74.009479, 40.702042], [-74.009419, 40.702062], [-74.009249, 40.702132], [-74.009189, 40.702162], [-74.008959, 40.702292], [-74.007789, 40.703032], [-74.007719, 40.703072], [-74.007249, 40.703372], [-74.006609, 40.703782], [-74.004589, 40.705072], [-74.004069, 40.705402], [-74.003869, 40.705532], [-74.003379, 40.705842], [-74.003289, 40.705892], [-74.002399, 40.706432], [-74.002079, 40.706622], [-74.001799, 40.706792], [-74.001169, 40.707132], [-74.000899, 40.707262], [-74.000529, 40.707452], [-74.000039, 40.707712], [-73.999429, 40.708042], [-73.999369, 40.708072], [-73.999279, 40.708112], [-73.998799, 40.708392], [-73.998559, 40.708512], [-73.998269, 40.708632], [-73.997879, 40.708742], [-73.997669, 40.708792], [-73.997449, 40.708842], [-73.996829, 40.708942], [-73.996253, 40.709013], [-73.996253, 40.709013], [-73.996179, 40.709022], [-73.995889, 40.709062], [-73.994509, 40.709242], [-73.994209, 40.709282], [-73.993999, 40.709302], [-73.992989, 40.709442], [-73.992129, 40.709562], [-73.992079, 40.709572], [-73.991959, 40.709592], [-73.991789, 40.709612], [-73.991719, 40.709622], [-73.991659, 40.709632], [-73.990129, 40.709862], [-73.989319, 40.709972], [-73.988699, 40.710042], [-73.988079, 40.710102], [-73.986149, 40.710332], [-73.985089, 40.710452], [-73.984659, 40.710492], [-73.984509, 40.710502], [-73.983789, 40.710572], [-73.982709, 40.710642], [-73.981799, 40.710702], [-73.981679, 40.710712], [-73.981099, 40.710752], [-73.980839, 40.710772], [-73.980499, 40.710802], [-73.980279, 40.710832], [-73.979889, 40.710892], [-73.979639, 40.710952], [-73.979379, 40.711042], [-73.979059, 40.711172], [-73.978759, 40.711322], [-73.978569, 40.711442], [-73.978429, 40.711542], [-73.978259, 40.711682], [-73.978159, 40.711762], [-73.978039, 40.711902], [-73.977889, 40.712062], [-73.977709, 40.712302], [-73.977579, 40.712512], [-73.977199, 40.713252], [-73.976749, 40.714122], [-73.976589, 40.714442], [-73.976509, 40.714592], [-73.976439, 40.714732], [-73.976409, 40.714792], [-73.976389, 40.714842], [-73.976349, 40.714922], [-73.976319, 40.714972], [-73.976199, 40.715212], [-73.976029, 40.715552], [-73.975869, 40.715872], [-73.975589, 40.716422], [-73.975469, 40.716692], [-73.975249, 40.717212], [-73.975129, 40.717572], [-73.975029, 40.717932], [-73.974949, 40.718282], [-73.974869, 40.718782], [-73.974849, 40.718892], [-73.974699, 40.720092], [-73.974599, 40.720772], [-73.974569, 40.721002], [-73.974549, 40.721142], [-73.974529, 40.721372], [-73.974519, 40.721502], [-73.974469, 40.721772], [-73.974389, 40.722082], [-73.974269, 40.722382], [-73.974139, 40.722652], [-73.973759, 40.723292], [-73.973249, 40.724102], [-73.973169, 40.724232], [-73.972919, 40.724612], [-73.972369, 40.725532], [-73.972199, 40.725842], [-73.972039, 40.726202], [-73.971909, 40.726542], [-73.971839, 40.726802], [-73.971679, 40.727812], [-73.971649, 40.728042], [-73.971629, 40.728252], [-73.971579, 40.728402], [-73.971559, 40.728562], [-73.971549, 40.728712], [-73.971559, 40.728872], [-73.971599, 40.729092], [-73.971659, 40.729302], [-73.971719, 40.729452], [-73.971819, 40.729632], [-73.971919, 40.729782], [-73.972029, 40.729912], [-73.972249, 40.730132], [-73.972439, 40.730282], [-73.972699, 40.730452], [-73.972939, 40.730642], [-73.973239, 40.730932], [-73.973329, 40.731042], [-73.973419, 40.731142], [-73.973519, 40.731222], [-73.97357, 40.731248], [-73.973619, 40.731392], [-73.973669, 40.731452], [-73.973699, 40.731562], [-73.973809, 40.731732], [-73.973879, 40.731932], [-73.974019, 40.732522], [-73.97404, 40.732603], [-73.974089, 40.732792], [-73.974319, 40.733972], [-73.974419, 40.734262], [-73.974799, 40.735342], [-73.974979, 40.735402], [-73.975099, 40.735442], [-73.975769, 40.735722], [-73.976309, 40.735952], [-73.976589, 40.736062], [-73.977129, 40.736282], [-73.978039, 40.736662], [-73.978559, 40.736892], [-73.979386, 40.737263], [-73.979386, 40.737263], [-73.979519, 40.737322], [-73.980869, 40.737882], [-73.981069, 40.737962], [-73.98176, 40.738243], [-73.98176, 40.738243], [-73.982519, 40.738552], [-73.983149, 40.738822], [-73.983498, 40.738968], [-73.983498, 40.738968], [-73.984749, 40.739492], [-73.986299, 40.740152], [-73.986399, 40.740192], [-73.986909, 40.740405], [-73.986909, 40.740405], [-73.988049, 40.740882], [-73.987849, 40.741132], [-73.987519, 40.741542], [-73.987049, 40.742142], [-73.986599, 40.742762], [-73.986149, 40.743382], [-73.985699, 40.744002], [-73.985239, 40.744622], [-73.984789, 40.745242], [-73.984339, 40.745852], [-73.983899, 40.746472], [-73.983439, 40.747092], [-73.982959, 40.747762], [-73.982514, 40.748361], [-73.982514, 40.748361], [-73.982469, 40.748422], [-73.982019, 40.749042], [-73.981569, 40.749662], [-73.981119, 40.750272], [-73.980669, 40.750902], [-73.980219, 40.751512], [-73.979769, 40.752132], [-73.979609, 40.752352], [-73.979545, 40.752445], [-73.979545, 40.752445], [-73.979479, 40.752542], [-73.979269, 40.752822], [-73.978779, 40.753472], [-73.978399, 40.754002], [-73.978359, 40.754052], [-73.978329, 40.754092], [-73.977869, 40.754722], [-73.977419, 40.755342], [-73.976959, 40.755972], [-73.976549, 40.756524], [-73.976549, 40.756524], [-73.976499, 40.756592], [-73.976239, 40.756972], [-73.976049, 40.757222], [-73.975599, 40.757852], [-73.975129, 40.758482], [-73.974679, 40.759092], [-73.974219, 40.759732], [-73.973769, 40.760352], [-73.973545, 40.760652], [-73.973545, 40.760652], [-73.973299, 40.760982], [-73.972849, 40.761602], [-73.972359, 40.762282], [-73.971909, 40.762094], [-73.971909, 40.762094], [-73.970829, 40.761642], [-73.970629, 40.761572], [-73.969109, 40.760952], [-73.968691, 40.760774]]}}, {"type": "Feature", "properties": {"route_id": "X37", "tier": "secondary", "high_need_count": 1}, "geometry": {"type": "LineString", "coordinates": [[-73.972852, 40.762489], [-73.973759, 40.762872], [-73.973949, 40.762952], [-73.974459, 40.762282], [-73.974909, 40.761662], [-73.975369, 40.761032], [-73.975829, 40.760402], [-73.975909, 40.760292], [-73.975999, 40.760172], [-73.976289, 40.759782], [-73.976501, 40.759491], [-73.976501, 40.759491], [-73.976749, 40.759152], [-73.976909, 40.758932], [-73.977019, 40.758782], [-73.977199, 40.758532], [-73.977399, 40.758242], [-73.977649, 40.757902], [-73.977779, 40.757732], [-73.978109, 40.757272], [-73.978569, 40.756652], [-73.979029, 40.756022], [-73.979389, 40.755532], [-73.979429, 40.755472], [-73.979489, 40.755392], [-73.979939, 40.754782], [-73.98016, 40.754474], [-73.98016, 40.754474], [-73.980319, 40.754252], [-73.980349, 40.754212], [-73.980399, 40.754142], [-73.980739, 40.753672], [-73.980879, 40.753472], [-73.981369, 40.752812], [-73.981519, 40.752612], [-73.981644, 40.752443], [-73.981644, 40.752443], [-73.981829, 40.752192], [-73.981959, 40.752012], [-73.982279, 40.751572], [-73.982719, 40.750952], [-73.983179, 40.750342], [-73.983619, 40.749722], [-73.984079, 40.749092], [-73.984224, 40.748892], [-73.984224, 40.748892], [-73.984559, 40.748432], [-73.984679, 40.748272], [-73.985049, 40.747762], [-73.985499, 40.747142], [-73.985949, 40.746532], [-73.986389, 40.745912], [-73.986613, 40.745609], [-73.986613, 40.745609], [-73.986849, 40.745292], [-73.987299, 40.744672], [-73.987749, 40.744052], [-73.988029, 40.743672], [-73.988199, 40.743432], [-73.988639, 40.742802], [-73.988979, 40.742312], [-73.988939, 40.742222], [-73.988929, 40.742112], [-73.988939, 40.742022], [-73.989009, 40.741752], [-73.989049, 40.741622], [-73.989119, 40.741342], [-73.98857, 40.741106], [-73.98857, 40.741106], [-73.988049, 40.740882], [-73.986399, 40.740192], [-73.986299, 40.740152], [-73.985938, 40.739998], [-73.985938, 40.739998], [-73.984749, 40.739492], [-73.983149, 40.738822], [-73.982719, 40.738638], [-73.982719, 40.738638], [-73.982519, 40.738552], [-73.981069, 40.737962], [-73.980869, 40.737882], [-73.979519, 40.737322], [-73.978642, 40.736929], [-73.978642, 40.736929], [-73.978559, 40.736892], [-73.978039, 40.736662], [-73.977889, 40.736442], [-73.976869, 40.736012], [-73.976389, 40.735812], [-73.975749, 40.735542], [-73.975079, 40.735262], [-73.975039, 40.735032], [-73.974989, 40.734772], [-73.974969, 40.734662], [-73.974879, 40.734272], [-73.974859, 40.734202], [-73.974699, 40.733602], [-73.974449, 40.732692], [-73.974409, 40.732542], [-73.974019, 40.731192], [-73.973999, 40.731102], [-73.973979, 40.730962], [-73.973919, 40.730932], [-73.973769, 40.730852], [-73.973559, 40.730712], [-73.973379, 40.730572], [-73.973109, 40.730382], [-73.972809, 40.730172], [-73.972349, 40.729852], [-73.972199, 40.729692], [-73.972069, 40.729512], [-73.972029, 40.729442], [-73.971919, 40.729232], [-73.971859, 40.729072], [-73.971819, 40.728942], [-73.971769, 40.728712], [-73.971759, 40.728542], [-73.971769, 40.728262], [-73.971829, 40.727822], [-73.971959, 40.726842], [-73.971979, 40.726732], [-73.972009, 40.726602], [-73.972079, 40.726422], [-73.972219, 40.726102], [-73.972579, 40.725412], [-73.973009, 40.724712], [-73.973299, 40.724272], [-73.973649, 40.723702], [-73.973929, 40.723192], [-73.974229, 40.722732], [-73.974449, 40.722312], [-73.974499, 40.722162], [-73.974589, 40.721822], [-73.974659, 40.721382], [-73.974699, 40.721062], [-73.974729, 40.720742], [-73.974959, 40.718952], [-73.974979, 40.718752], [-73.975079, 40.718092], [-73.975129, 40.717872], [-73.975229, 40.717572], [-73.975499, 40.716862], [-73.975589, 40.716662], [-73.975619, 40.716592], [-73.975679, 40.716472], [-73.975779, 40.716272], [-73.976309, 40.715232], [-73.976429, 40.715002], [-73.976459, 40.714952], [-73.976499, 40.714872], [-73.976519, 40.714822], [-73.976549, 40.714762], [-73.976699, 40.714472], [-73.976859, 40.714152], [-73.977279, 40.713352], [-73.977689, 40.712542], [-73.977989, 40.712112], [-73.978119, 40.711962], [-73.978309, 40.711782], [-73.978529, 40.711622], [-73.978689, 40.711512], [-73.978949, 40.711342], [-73.979199, 40.711232], [-73.979569, 40.711092], [-73.979819, 40.711012], [-73.980049, 40.710962], [-73.980119, 40.710952], [-73.980309, 40.710932], [-73.980579, 40.710912], [-73.980699, 40.710902], [-73.981129, 40.710862], [-73.981799, 40.710812], [-73.982462, 40.710767], [-73.982462, 40.710767], [-73.983739, 40.710682], [-73.984689, 40.710612], [-73.984869, 40.710592], [-73.985259, 40.710552], [-73.988109, 40.710232], [-73.989149, 40.710112], [-73.989989, 40.710002], [-73.991109, 40.709832], [-73.991409, 40.709782], [-73.991719, 40.709732], [-73.991779, 40.709722], [-73.991849, 40.709712], [-73.992009, 40.709692], [-73.992139, 40.709672], [-73.992189, 40.709662], [-73.992799, 40.709582], [-73.994009, 40.709412], [-73.994579, 40.709332], [-73.994749, 40.709312], [-73.995429, 40.709222], [-73.995919, 40.709152], [-73.996199, 40.709112], [-73.996899, 40.709012], [-73.997399, 40.708932], [-73.997879, 40.708822], [-73.998209, 40.708722], [-73.998499, 40.708622], [-73.998669, 40.708552], [-73.998839, 40.708472], [-73.999379, 40.708182], [-73.999449, 40.708142], [-73.999509, 40.708112], [-73.999689, 40.708022], [-74.000009, 40.707862], [-74.000429, 40.707632], [-74.001119, 40.707262], [-74.001889, 40.706832], [-74.001929, 40.706812], [-74.002129, 40.706702], [-74.002189, 40.706672], [-74.002469, 40.706512], [-74.003479, 40.705922], [-74.004039, 40.705552], [-74.004169, 40.705462], [-74.004659, 40.705132], [-74.006669, 40.703832], [-74.006929, 40.703662], [-74.007859, 40.703102], [-74.008189, 40.702892], [-74.009209, 40.702272], [-74.009419, 40.702152], [-74.009589, 40.702072], [-74.009839, 40.701982], [-74.009979, 40.701942], [-74.010319, 40.701862], [-74.010919, 40.701722], [-74.011149, 40.701672], [-74.011989, 40.701472], [-74.012239, 40.701412], [-74.012679, 40.701312], [-74.012759, 40.701302], [-74.012899, 40.701282], [-74.012999, 40.701262], [-74.013049, 40.701252], [-74.013289, 40.701202], [-74.013319, 40.701202], [-74.013389, 40.701202], [-74.013489, 40.701192], [-74.013759, 40.701192], [-74.013949, 40.701202], [-74.014119, 40.701212], [-74.014499, 40.701302], [-74.014759, 40.701392], [-74.014789, 40.701402], [-74.014839, 40.701422], [-74.015109, 40.701552], [-74.015159, 40.701592], [-74.015329, 40.701722], [-74.015359, 40.701742], [-74.015429, 40.701792], [-74.015479, 40.701842], [-74.015509, 40.701872], [-74.015639, 40.702022], [-74.015729, 40.702132], [-74.015809, 40.702252], [-74.015899, 40.702402], [-74.015999, 40.702612], [-74.016049, 40.702762], [-74.016139, 40.703002], [-74.016299, 40.703392], [-74.016449, 40.703812], [-74.016549, 40.704082], [-74.016597, 40.704259], [-74.016597, 40.704259], [-74.016609, 40.704302], [-74.016639, 40.704552], [-74.016639, 40.704642], [-74.016629, 40.704822], [-74.016609, 40.704942], [-74.016569, 40.705112], [-74.016409, 40.705492], [-74.016149, 40.706182], [-74.016009, 40.706462], [-74.015929, 40.706652], [-74.015719, 40.707202], [-74.015449, 40.707082], [-74.015349, 40.707022], [-74.015119, 40.706782], [-74.015099, 40.706732], [-74.014999, 40.706522], [-74.014989, 40.706222], [-74.014979, 40.706152], [-74.014919, 40.706042], [-74.015119, 40.705672], [-74.015239, 40.705362], [-74.015259, 40.705292], [-74.015309, 40.705092], [-74.015341, 40.704956], [-74.015341, 40.704956], [-74.015359, 40.704882], [-74.015389, 40.704792], [-74.015449, 40.704602], [-74.015519, 40.704322], [-74.015599, 40.704032], [-74.015609, 40.704002], [-74.015639, 40.703792], [-74.015709, 40.703332], [-74.015729, 40.702932], [-74.015729, 40.702722], [-74.015699, 40.702292], [-74.015669, 40.702152], [-74.015639, 40.702022], [-74.015599, 40.701882], [-74.015559, 40.701752], [-74.015509, 40.701572], [-74.015489, 40.701502], [-74.015459, 40.701402], [-74.015449, 40.701372], [-74.015359, 40.701122], [-74.015299, 40.700952], [-74.014969, 40.699942], [-74.014639, 40.699062], [-74.014099, 40.697552], [-74.013819, 40.696782], [-74.013469, 40.695832], [-74.013279, 40.695342], [-74.013139, 40.694922], [-74.013079, 40.694782], [-74.012939, 40.694402], [-74.012269, 40.692492], [-74.012079, 40.691992], [-74.011989, 40.691732], [-74.011749, 40.691262], [-74.011339, 40.690542], [-74.010309, 40.689202], [-74.009849, 40.688652], [-74.009799, 40.688602], [-74.009749, 40.688542], [-74.009689, 40.688482], [-74.009639, 40.688422], [-74.009599, 40.688372], [-74.008899, 40.687512], [-74.008039, 40.686502], [-74.007929, 40.686362], [-74.007049, 40.684932], [-74.006719, 40.684392], [-74.006639, 40.684192], [-74.006539, 40.683852], [-74.006339, 40.683392], [-74.006279, 40.683242], [-74.006209, 40.683032], [-74.006189, 40.682852], [-74.006179, 40.682672], [-74.006059, 40.682382], [-74.005819, 40.681842], [-74.005479, 40.681362], [-74.005109, 40.680912], [-74.005062, 40.680856], [-74.004899, 40.680662], [-74.004859, 40.680612], [-74.004629, 40.680332], [-74.004389, 40.680052], [-74.003939, 40.679552], [-74.003739, 40.679332], [-74.003599, 40.679192], [-74.002869, 40.678322], [-74.002309, 40.677542], [-74.002079, 40.677202], [-74.001629, 40.676512], [-74.001409, 40.676192], [-74.001349, 40.676092], [-74.001209, 40.675852], [-74.001159, 40.675762], [-74.000939, 40.675372], [-74.000639, 40.674862], [-74.000059, 40.673942], [-73.999949, 40.673782], [-73.999519, 40.673062], [-73.999309, 40.672712], [-73.999079, 40.672332], [-73.998979, 40.672182], [-73.998649, 40.671644], [-73.998649, 40.671644], [-73.998599, 40.671562], [-73.998469, 40.671332], [-73.997929, 40.670472], [-73.997689, 40.670082], [-73.997179, 40.669272], [-73.997109, 40.669152], [-73.997059, 40.669072], [-73.996879, 40.668782], [-73.996669, 40.668452], [-73.996469, 40.668052], [-73.996379, 40.667792], [-73.996319, 40.667632], [-73.996309, 40.667542], [-73.996209, 40.667122], [-73.996189, 40.666982], [-73.996189, 40.666762], [-73.996199, 40.666592], [-73.996249, 40.666132], [-73.996319, 40.665862], [-73.996389, 40.665642], [-73.996429, 40.665532], [-73.996499, 40.665382], [-73.996619, 40.665182], [-73.996679, 40.665112], [-73.996704, 40.665081], [-73.996704, 40.665081], [-73.996849, 40.664902], [-73.997139, 40.664582], [-73.997229, 40.664502], [-73.997729, 40.664022], [-73.998329, 40.663452], [-73.998919, 40.662852], [-73.999499, 40.662292], [-74.000109, 40.661712], [-74.001269, 40.660592], [-74.001859, 40.660032], [-74.002409, 40.659502], [-74.002999, 40.658932], [-74.003589, 40.658372], [-74.004159, 40.657822], [-74.004739, 40.657272], [-74.005349, 40.656682], [-74.005909, 40.656152], [-74.006509, 40.655572], [-74.007079, 40.655012], [-74.007699, 40.654422], [-74.007799, 40.654322], [-74.007839, 40.654282], [-74.007909, 40.654212], [-74.008259, 40.653872], [-74.008829, 40.653322], [-74.009419, 40.652762], [-74.010559, 40.651662], [-74.011159, 40.651082], [-74.011779, 40.650502], [-74.012319, 40.649962], [-74.012919, 40.649392], [-74.013489, 40.648842], [-74.014069, 40.648272], [-74.015259, 40.647122], [-74.015579, 40.646802], [-74.015809, 40.646582], [-74.016409, 40.646022], [-74.016989, 40.645462], [-74.017129, 40.645342], [-74.017449, 40.645062], [-74.017479, 40.644992], [-74.017539, 40.644902], [-74.017789, 40.644652], [-74.018119, 40.644332], [-74.018709, 40.643772], [-74.019259, 40.643222], [-74.019859, 40.642662], [-74.020489, 40.642042], [-74.020669, 40.641862], [-74.020869, 40.641692], [-74.021129, 40.641462], [-74.021509, 40.641182], [-74.021759, 40.640982], [-74.021949, 40.640862], [-74.022529, 40.640532], [-74.022699, 40.640452], [-74.022778, 40.64042], [-74.022778, 40.64042], [-74.022899, 40.640372], [-74.023439, 40.640182], [-74.023749, 40.640102], [-74.024039, 40.640052], [-74.024199, 40.640022], [-74.024479, 40.640002], [-74.024729, 40.639982], [-74.025039, 40.639992], [-74.025309, 40.639992], [-74.025639, 40.640032], [-74.025769, 40.640042], [-74.026199, 40.640112], [-74.026679, 40.640252], [-74.026889, 40.640332], [-74.026999, 40.640382], [-74.027519, 40.640602], [-74.028319, 40.640982], [-74.028729, 40.641152], [-74.028889, 40.641212], [-74.029359, 40.641372], [-74.029529, 40.641422], [-74.029739, 40.641472], [-74.029859, 40.641502], [-74.030299, 40.641592], [-74.030449, 40.641612], [-74.030699, 40.641672], [-74.030869, 40.641742], [-74.030959, 40.641802], [-74.031019, 40.641852], [-74.031079, 40.641952], [-74.031079, 40.642082], [-74.031009, 40.642202], [-74.030869, 40.642292], [-74.030719, 40.642322], [-74.030549, 40.642302], [-74.030369, 40.642242], [-74.030189, 40.642132], [-74.030049, 40.642002], [-74.029599, 40.641502], [-74.029529, 40.641422], [-74.029429, 40.641322], [-74.029349, 40.641242], [-74.028949, 40.640832], [-74.028329, 40.640542], [-74.028119, 40.640362], [-74.027719, 40.640072], [-74.027389, 40.639882], [-74.027069, 40.639652], [-74.026859, 40.639532], [-74.026949, 40.639442], [-74.02684, 40.639377], [-74.02684, 40.639377], [-74.02482, 40.638176], [-74.02482, 40.638176], [-74.024729, 40.638122], [-74.025009, 40.637862], [-74.025099, 40.637772], [-74.025189, 40.637692], [-74.025269, 40.637602], [-74.025329, 40.637492], [-74.025469, 40.637132], [-74.025679, 40.636652], [-74.025769, 40.636432], [-74.026049, 40.635712], [-74.026544, 40.635867], [-74.026544, 40.635867], [-74.027859, 40.636282], [-74.028669, 40.636532], [-74.031269, 40.637342], [-74.031636, 40.63746], [-74.031636, 40.63746], [-74.032079, 40.637602], [-74.033879, 40.638142], [-74.034409, 40.638312], [-74.034679, 40.638392], [-74.034729, 40.638402], [-74.034889, 40.638452], [-74.035849, 40.638762], [-74.035969, 40.638802], [-74.035999, 40.638642], [-74.036056, 40.638413], [-74.036056, 40.638413], [-74.036059, 40.638402], [-74.036079, 40.638272], [-74.036109, 40.638112], [-74.036099, 40.637952], [-74.036019, 40.637542], [-74.036029, 40.637382], [-74.036049, 40.637302], [-74.036419, 40.636772], [-74.036519, 40.636652], [-74.036579, 40.636572], [-74.036899, 40.636282], [-74.036999, 40.636192], [-74.037109, 40.636092], [-74.037229, 40.635982], [-74.037312, 40.635899], [-74.037312, 40.635899], [-74.037339, 40.635872], [-74.037419, 40.635772], [-74.037489, 40.635642], [-74.037499, 40.635602], [-74.037529, 40.635472], [-74.037529, 40.635372], [-74.037509, 40.635272], [-74.037459, 40.635172], [-74.037359, 40.635032], [-74.037059, 40.634732], [-74.036899, 40.634562], [-74.036819, 40.634452], [-74.036749, 40.634292], [-74.036759, 40.634162], [-74.036789, 40.634032], [-74.036839, 40.633902], [-74.036849, 40.633872], [-74.036949, 40.633622], [-74.037007, 40.633518], [-74.037007, 40.633518], [-74.037119, 40.633322], [-74.037479, 40.632812], [-74.037869, 40.632292], [-74.038389, 40.631722], [-74.038764, 40.631355], [-74.038764, 40.631355], [-74.038829, 40.631292], [-74.039269, 40.630922], [-74.039619, 40.630602], [-74.039819, 40.630362], [-74.039889, 40.630262], [-74.039939, 40.630192], [-74.040029, 40.630022], [-74.040099, 40.629852], [-74.040119, 40.629752], [-74.040119, 40.629642], [-74.040089, 40.629412], [-74.040049, 40.629282], [-74.040039, 40.629232], [-74.039869, 40.628682], [-74.039829, 40.628492], [-74.039839, 40.628322], [-74.039849, 40.628272], [-74.039869, 40.628152], [-74.039929, 40.628002], [-74.040089, 40.627742], [-74.040099, 40.627724], [-74.040099, 40.627724], [-74.040169, 40.627602], [-74.040299, 40.627412], [-74.040359, 40.627322], [-74.040479, 40.627102], [-74.040579, 40.626912], [-74.040619, 40.626792], [-74.040659, 40.626682], [-74.040719, 40.626222], [-74.040719, 40.625752], [-74.040639, 40.625262], [-74.040659, 40.624892], [-74.040739, 40.624452], [-74.040764, 40.624286], [-74.040764, 40.624286], [-74.040779, 40.624192], [-74.040809, 40.623992], [-74.040829, 40.623752], [-74.040809, 40.623482], [-74.040719, 40.623272], [-74.040689, 40.623212], [-74.040439, 40.622842], [-74.040339, 40.622692], [-74.040289, 40.622572], [-74.040259, 40.622492], [-74.040229, 40.622392], [-74.040179, 40.622232], [-74.040169, 40.622182], [-74.040159, 40.622042], [-74.040179, 40.621582], [-74.040279, 40.621312], [-74.040299, 40.621272], [-74.040327, 40.621207], [-74.040327, 40.621207], [-74.040419, 40.621002], [-74.040429, 40.620952], [-74.040459, 40.620792], [-74.040469, 40.620712], [-74.040499, 40.620532], [-74.040489, 40.620262], [-74.040409, 40.619962], [-74.040289, 40.619692], [-74.040169, 40.619492], [-74.040129, 40.619432], [-74.040039, 40.619282], [-74.039969, 40.619152], [-74.039939, 40.619092], [-74.039822, 40.618903], [-74.039822, 40.618903], [-74.039579, 40.618512], [-74.039169, 40.617862], [-74.038749, 40.617172], [-74.038618, 40.616961], [-74.038618, 40.616961], [-74.038329, 40.616492], [-74.037959, 40.615852], [-74.037799, 40.615542], [-74.037759, 40.615452], [-74.037669, 40.615252], [-74.037639, 40.615182], [-74.037573, 40.615002], [-74.037573, 40.615002], [-74.037369, 40.614442], [-74.037069, 40.613812], [-74.036942, 40.613605], [-74.036942, 40.613605], [-74.036909, 40.613552], [-74.036689, 40.613212], [-74.036409, 40.612872], [-74.036089, 40.612542], [-74.035969, 40.612712], [-74.035969, 40.612712], [-74.035969, 40.612712], [-74.035719, 40.613092], [-74.035359, 40.613652], [-74.034949, 40.614272], [-74.034829, 40.614472], [-74.034624, 40.614836], [-74.034624, 40.614836], [-74.034559, 40.614952], [-74.032819, 40.614073], [-74.032819, 40.614073], [-74.032639, 40.613982], [-74.033159, 40.613382], [-74.033659, 40.612822], [-74.034109, 40.612252], [-74.034339, 40.612002], [-74.034549, 40.611762], [-74.034809, 40.611472], [-74.034889, 40.611382], [-74.034939, 40.611432], [-74.035213, 40.611714]]}}, {"type": "Feature", "properties": {"route_id": "X38", "tier": "secondary", "high_need_count": 1}, "geometry": {"type": "LineString", "coordinates": [[-73.986357, 40.583339], [-73.986369, 40.583372], [-73.986449, 40.583602], [-73.986539, 40.583812], [-73.986699, 40.584102], [-73.986759, 40.584222], [-73.986959, 40.584562], [-73.987049, 40.584712], [-73.987279, 40.585082], [-73.987339, 40.585202], [-73.987509, 40.585432], [-73.987839, 40.585882], [-73.987974, 40.586052], [-73.987974, 40.586052], [-73.988349, 40.586522], [-73.988929, 40.587232], [-73.989189, 40.587572], [-73.989459, 40.587922], [-73.989729, 40.588212], [-73.989829, 40.588322], [-73.989949, 40.588462], [-73.990409, 40.589112], [-73.990632, 40.589377], [-73.990632, 40.589377], [-73.991039, 40.589862], [-73.991469, 40.590392], [-73.991979, 40.591042], [-73.992499, 40.591682], [-73.99294, 40.592251], [-73.99294, 40.592251], [-73.993019, 40.592352], [-73.993559, 40.592992], [-73.993699, 40.593152], [-73.993969, 40.593392], [-73.994119, 40.593522], [-73.994279, 40.593652], [-73.994419, 40.593772], [-73.994769, 40.594082], [-73.994839, 40.594132], [-73.994989, 40.594242], [-73.995179, 40.594382], [-73.995299, 40.594432], [-73.995459, 40.594572], [-73.996059, 40.595072], [-73.996709, 40.595612], [-73.997024, 40.595883], [-73.997024, 40.595883], [-73.998339, 40.597007], [-73.998339, 40.597007], [-73.998639, 40.597262], [-73.999159, 40.597652], [-73.999349, 40.597792], [-74.000009, 40.598262], [-74.000739, 40.598752], [-74.001449, 40.599242], [-74.001729, 40.599422], [-74.002109, 40.599712], [-74.002411, 40.599913], [-74.002411, 40.599913], [-74.002829, 40.600192], [-74.002939, 40.600252], [-74.003619, 40.600632], [-74.003709, 40.600682], [-74.004339, 40.601022], [-74.005029, 40.601382], [-74.005119, 40.601422], [-74.005919, 40.601832], [-74.006769, 40.602282], [-74.007439, 40.602632], [-74.007861, 40.602851], [-74.007861, 40.602851], [-74.008229, 40.603042], [-74.008979, 40.603442], [-74.009759, 40.603852], [-74.010619, 40.604302], [-74.011479, 40.604742], [-74.012379, 40.605202], [-74.012731, 40.605385], [-74.012731, 40.605385], [-74.014983, 40.606555], [-74.014983, 40.606555], [-74.015099, 40.606612], [-74.015509, 40.606822], [-74.015899, 40.607032], [-74.016219, 40.607212], [-74.016519, 40.607392], [-74.016979, 40.607662], [-74.016539, 40.608082], [-74.015219, 40.609342], [-74.013595, 40.610929], [-74.013595, 40.610929], [-74.013469, 40.611052], [-74.011719, 40.612752], [-74.012444, 40.61319], [-74.012444, 40.61319], [-74.013889, 40.614062], [-74.016109, 40.615402], [-74.016444, 40.615604], [-74.016444, 40.615604], [-74.018319, 40.616732], [-74.019779, 40.617612], [-74.020519, 40.618052], [-74.021219, 40.618462], [-74.021614, 40.61871], [-74.021614, 40.61871], [-74.021999, 40.618952], [-74.022399, 40.619192], [-74.022749, 40.619402], [-74.022879, 40.619472], [-74.022839, 40.619582], [-74.022759, 40.619702], [-74.022469, 40.620072], [-74.022149, 40.620482], [-74.022069, 40.620582], [-74.021859, 40.620842], [-74.021229, 40.621632], [-74.020619, 40.622352], [-74.019899, 40.623232], [-74.019659, 40.623532], [-74.019519, 40.623722], [-74.019389, 40.623942], [-74.019189, 40.624272], [-74.019019, 40.624592], [-74.018899, 40.624902], [-74.018839, 40.625142], [-74.018809, 40.625302], [-74.018599, 40.625732], [-74.018559, 40.625802], [-74.018449, 40.626072], [-74.018289, 40.626452], [-74.018169, 40.626762], [-74.017759, 40.627822], [-74.017469, 40.628542], [-74.017299, 40.628982], [-74.017039, 40.629652], [-74.016759, 40.630462], [-74.016649, 40.630762], [-74.016499, 40.631152], [-74.016429, 40.631332], [-74.016369, 40.631502], [-74.016279, 40.631732], [-74.016099, 40.632242], [-74.016079, 40.632322], [-74.015949, 40.632852], [-74.015909, 40.633162], [-74.015899, 40.633382], [-74.015899, 40.633482], [-74.015899, 40.633652], [-74.015919, 40.633862], [-74.015929, 40.634042], [-74.016069, 40.634462], [-74.016119, 40.634582], [-74.016179, 40.634712], [-74.016359, 40.634992], [-74.016529, 40.635182], [-74.016779, 40.635412], [-74.016859, 40.635482], [-74.017069, 40.635642], [-74.017229, 40.635762], [-74.017299, 40.635812], [-74.017629, 40.636032], [-74.018039, 40.636282], [-74.018279, 40.636422], [-74.018819, 40.636742], [-74.018929, 40.636802], [-74.019259, 40.637002], [-74.019639, 40.637222], [-74.019919, 40.637402], [-74.020439, 40.637722], [-74.020809, 40.638022], [-74.021029, 40.638252], [-74.021119, 40.638352], [-74.021299, 40.638602], [-74.021479, 40.638952], [-74.021569, 40.639222], [-74.021629, 40.639512], [-74.021639, 40.639782], [-74.021619, 40.639972], [-74.021589, 40.640182], [-74.021529, 40.640352], [-74.021479, 40.640502], [-74.021409, 40.640652], [-74.021249, 40.640922], [-74.021149, 40.641052], [-74.020919, 40.641332], [-74.020539, 40.641742], [-74.020319, 40.641932], [-74.020019, 40.642222], [-74.019689, 40.642552], [-74.019109, 40.643122], [-74.018549, 40.643662], [-74.017979, 40.644242], [-74.017399, 40.644812], [-74.017319, 40.644892], [-74.016819, 40.645402], [-74.016259, 40.645932], [-74.015689, 40.646492], [-74.015439, 40.646722], [-74.015109, 40.647032], [-74.014519, 40.647612], [-74.014209, 40.647912], [-74.013929, 40.648182], [-74.013349, 40.648762], [-74.012769, 40.649292], [-74.012179, 40.649872], [-74.011619, 40.650402], [-74.010999, 40.650992], [-74.010409, 40.651562], [-74.009829, 40.652112], [-74.009259, 40.652672], [-74.008669, 40.653232], [-74.008099, 40.653782], [-74.008049, 40.653832], [-74.007819, 40.654052], [-74.007629, 40.654232], [-74.007519, 40.654332], [-74.006919, 40.654912], [-74.006349, 40.655472], [-74.005729, 40.656052], [-74.005189, 40.656582], [-74.004639, 40.657112], [-74.004579, 40.657162], [-74.004009, 40.657722], [-74.003429, 40.658272], [-74.002849, 40.658842], [-74.002239, 40.659402], [-74.001689, 40.659932], [-74.001099, 40.660502], [-74.000519, 40.661052], [-73.999949, 40.661612], [-73.999339, 40.662192], [-73.998169, 40.663342], [-73.998143, 40.663366], [-73.998143, 40.663366], [-73.997569, 40.663912], [-73.997079, 40.664392], [-73.996979, 40.664482], [-73.996739, 40.664722], [-73.996489, 40.665002], [-73.996429, 40.665092], [-73.996289, 40.665332], [-73.996229, 40.665432], [-73.996099, 40.665702], [-73.996079, 40.665752], [-73.996039, 40.665892], [-73.995979, 40.666112], [-73.995919, 40.666422], [-73.995899, 40.666562], [-73.995889, 40.666752], [-73.995889, 40.666892], [-73.995899, 40.667052], [-73.995939, 40.667282], [-73.995989, 40.667512], [-73.996089, 40.667782], [-73.996139, 40.667932], [-73.996279, 40.668222], [-73.996499, 40.668632], [-73.996779, 40.669112], [-73.996839, 40.669202], [-73.996889, 40.669292], [-73.997439, 40.670172], [-73.997659, 40.670512], [-73.998319, 40.671572], [-73.998439, 40.671752], [-73.998819, 40.672372], [-73.998849, 40.672422], [-73.998989, 40.672652], [-73.999149, 40.672912], [-73.999209, 40.673002], [-73.999749, 40.673852], [-73.999849, 40.674012], [-74.000319, 40.674762], [-74.000719, 40.675402], [-74.000789, 40.675522], [-74.001059, 40.675982], [-74.001119, 40.676082], [-74.001349, 40.676372], [-74.001509, 40.676622], [-74.001979, 40.677332], [-74.002159, 40.677602], [-74.002419, 40.677972], [-74.002729, 40.678372], [-74.002809, 40.678462], [-74.002969, 40.678652], [-74.003299, 40.679062], [-74.003499, 40.679302], [-74.003599, 40.679422], [-74.003869, 40.679752], [-74.004199, 40.680142], [-74.004409, 40.680402], [-74.004549, 40.680572], [-74.004799, 40.680912], [-74.005229, 40.681472], [-74.005469, 40.681782], [-74.005589, 40.681942], [-74.005909, 40.682722], [-74.006099, 40.683132], [-74.006109, 40.683292], [-74.006159, 40.683692], [-74.006389, 40.684302], [-74.006499, 40.684472], [-74.006849, 40.685032], [-74.007539, 40.686102], [-74.007769, 40.686472], [-74.007899, 40.686622], [-74.008899, 40.687872], [-74.009449, 40.688512], [-74.009499, 40.688562], [-74.009649, 40.688742], [-74.009699, 40.688792], [-74.010129, 40.689282], [-74.010909, 40.690302], [-74.011229, 40.690762], [-74.011409, 40.691052], [-74.011699, 40.691662], [-74.011759, 40.691802], [-74.011859, 40.692062], [-74.012039, 40.692532], [-74.012699, 40.694402], [-74.012839, 40.694772], [-74.012949, 40.695092], [-74.013029, 40.695332], [-74.013199, 40.695792], [-74.013549, 40.696762], [-74.013889, 40.697682], [-74.014389, 40.699062], [-74.015089, 40.700902], [-74.015119, 40.701002], [-74.015279, 40.701492], [-74.015299, 40.701572], [-74.015329, 40.701722], [-74.015389, 40.701962], [-74.015409, 40.702052], [-74.015429, 40.702142], [-74.015499, 40.702612], [-74.015529, 40.703102], [-74.015529, 40.703172], [-74.015529, 40.703482], [-74.015489, 40.703852], [-74.015469, 40.704052], [-74.015459, 40.704092], [-74.015409, 40.704322], [-74.015309, 40.704592], [-74.015259, 40.704762], [-74.015229, 40.704862], [-74.015149, 40.705062], [-74.015079, 40.705252], [-74.015049, 40.705332], [-74.014939, 40.705582], [-74.014849, 40.705792], [-74.014769, 40.705982], [-74.014709, 40.706152], [-74.014629, 40.706382], [-74.014689, 40.706622], [-74.014759, 40.706812], [-74.014889, 40.707012], [-74.014959, 40.707072], [-74.015089, 40.707192], [-74.015229, 40.707272], [-74.015379, 40.707282], [-74.015499, 40.707282], [-74.015689, 40.707272], [-74.015829, 40.707236], [-74.015829, 40.707236], [-74.015969, 40.707202], [-74.016129, 40.706682], [-74.016249, 40.706252], [-74.016289, 40.706072], [-74.016329, 40.705932], [-74.016459, 40.705612], [-74.016499, 40.705512], [-74.016659, 40.705122], [-74.016719, 40.704962], [-74.016739, 40.704822], [-74.016759, 40.704652], [-74.016709, 40.704262], [-74.016681, 40.704177], [-74.016681, 40.704177], [-74.016569, 40.703832], [-74.016379, 40.703312], [-74.016299, 40.703092], [-74.016219, 40.702882], [-74.016099, 40.702562], [-74.015909, 40.702182], [-74.015849, 40.702092], [-74.015669, 40.701882], [-74.015559, 40.701752], [-74.015489, 40.701702], [-74.015389, 40.701632], [-74.015239, 40.701532], [-74.015159, 40.701472], [-74.014889, 40.701342], [-74.014839, 40.701322], [-74.014799, 40.701302], [-74.014679, 40.701262], [-74.014489, 40.701202], [-74.014279, 40.701152], [-74.014089, 40.701122], [-74.013909, 40.701102], [-74.013759, 40.701092], [-74.013519, 40.701102], [-74.013419, 40.701102], [-74.013319, 40.701112], [-74.013289, 40.701112], [-74.013259, 40.701122], [-74.013079, 40.701152], [-74.012949, 40.701182], [-74.012879, 40.701192], [-74.012859, 40.701192], [-74.012829, 40.701202], [-74.012709, 40.701222], [-74.012509, 40.701252], [-74.012189, 40.701322], [-74.011119, 40.701602], [-74.010679, 40.701712], [-74.010299, 40.701812], [-74.009869, 40.701922], [-74.009709, 40.701972], [-74.009479, 40.702042], [-74.009419, 40.702062], [-74.009249, 40.702132], [-74.009189, 40.702162], [-74.008959, 40.702292], [-74.007789, 40.703032], [-74.007719, 40.703072], [-74.007249, 40.703372], [-74.006609, 40.703782], [-74.004589, 40.705072], [-74.004069, 40.705402], [-74.003869, 40.705532], [-74.003379, 40.705842], [-74.003289, 40.705892], [-74.002399, 40.706432], [-74.002079, 40.706622], [-74.001799, 40.706792], [-74.001169, 40.707132], [-74.000899, 40.707262], [-74.000529, 40.707452], [-74.000039, 40.707712], [-73.999429, 40.708042], [-73.999369, 40.708072], [-73.999279, 40.708112], [-73.998799, 40.708392], [-73.998559, 40.708512], [-73.998269, 40.708632], [-73.997879, 40.708742], [-73.997669, 40.708792], [-73.997449, 40.708842], [-73.996829, 40.708942], [-73.996253, 40.709013], [-73.996253, 40.709013], [-73.996179, 40.709022], [-73.995889, 40.709062], [-73.994509, 40.709242], [-73.994209, 40.709282], [-73.993999, 40.709302], [-73.992989, 40.709442], [-73.992129, 40.709562], [-73.992079, 40.709572], [-73.991959, 40.709592], [-73.991789, 40.709612], [-73.991719, 40.709622], [-73.991659, 40.709632], [-73.990129, 40.709862], [-73.989319, 40.709972], [-73.988699, 40.710042], [-73.988079, 40.710102], [-73.986149, 40.710332], [-73.985089, 40.710452], [-73.984659, 40.710492], [-73.984509, 40.710502], [-73.983789, 40.710572], [-73.982709, 40.710642], [-73.981799, 40.710702], [-73.981679, 40.710712], [-73.981099, 40.710752], [-73.980839, 40.710772], [-73.980499, 40.710802], [-73.980279, 40.710832], [-73.979889, 40.710892], [-73.979639, 40.710952], [-73.979379, 40.711042], [-73.979059, 40.711172], [-73.978759, 40.711322], [-73.978737, 40.711335], [-73.978737, 40.711335], [-73.978569, 40.711442], [-73.978429, 40.711542], [-73.978259, 40.711682], [-73.978159, 40.711762], [-73.978039, 40.711902], [-73.977889, 40.712062], [-73.977709, 40.712302], [-73.977579, 40.712512], [-73.977199, 40.713252], [-73.976749, 40.714122], [-73.976589, 40.714442], [-73.976509, 40.714592], [-73.976439, 40.714732], [-73.976409, 40.714792], [-73.976389, 40.714842], [-73.976349, 40.714922], [-73.976319, 40.714972], [-73.976199, 40.715212], [-73.976029, 40.715552], [-73.975869, 40.715872], [-73.975589, 40.716422], [-73.975469, 40.716692], [-73.975249, 40.717212], [-73.975129, 40.717572], [-73.975029, 40.717932], [-73.974949, 40.718282], [-73.974869, 40.718782], [-73.974849, 40.718892], [-73.974699, 40.720092], [-73.974599, 40.720772], [-73.974569, 40.721002], [-73.974549, 40.721142], [-73.974529, 40.721372], [-73.974519, 40.721502], [-73.974469, 40.721772], [-73.974389, 40.722082], [-73.974269, 40.722382], [-73.974139, 40.722652], [-73.973759, 40.723292], [-73.973249, 40.724102], [-73.973169, 40.724232], [-73.972919, 40.724612], [-73.972369, 40.725532], [-73.972199, 40.725842], [-73.972039, 40.726202], [-73.971909, 40.726542], [-73.971839, 40.726802], [-73.971679, 40.727812], [-73.971649, 40.728042], [-73.971631, 40.728234], [-73.971631, 40.728234], [-73.971629, 40.728252], [-73.971579, 40.728402], [-73.971559, 40.728562], [-73.971549, 40.728712], [-73.971559, 40.728872], [-73.971599, 40.729092], [-73.971659, 40.729302], [-73.971719, 40.729452], [-73.971819, 40.729632], [-73.971919, 40.729782], [-73.972029, 40.729912], [-73.972249, 40.730132], [-73.972439, 40.730282], [-73.972699, 40.730452], [-73.972939, 40.730642], [-73.973239, 40.730932], [-73.973329, 40.731042], [-73.973419, 40.731142], [-73.973519, 40.731222], [-73.97357, 40.731248], [-73.973619, 40.731392], [-73.973669, 40.731452], [-73.973699, 40.731562], [-73.973809, 40.731732], [-73.973879, 40.731932], [-73.974019, 40.732522], [-73.97404, 40.732603], [-73.974089, 40.732792], [-73.974319, 40.733972], [-73.974419, 40.734262], [-73.974799, 40.735342], [-73.974979, 40.735402], [-73.975099, 40.735442], [-73.975769, 40.735722], [-73.976309, 40.735952], [-73.976589, 40.736062], [-73.977129, 40.736282], [-73.978039, 40.736662], [-73.978559, 40.736892], [-73.979386, 40.737263], [-73.979386, 40.737263], [-73.979519, 40.737322], [-73.980869, 40.737882], [-73.981069, 40.737962], [-73.982519, 40.738552], [-73.983149, 40.738822], [-73.983498, 40.738968], [-73.983498, 40.738968], [-73.984749, 40.739492], [-73.986299, 40.740152], [-73.986399, 40.740192], [-73.986909, 40.740405], [-73.986909, 40.740405], [-73.988049, 40.740882], [-73.987849, 40.741132], [-73.987519, 40.741542], [-73.987136, 40.742031], [-73.987136, 40.742031], [-73.987049, 40.742142], [-73.986599, 40.742762], [-73.986149, 40.743382], [-73.985699, 40.744002], [-73.985239, 40.744622], [-73.985053, 40.744877], [-73.985053, 40.744877], [-73.984789, 40.745242], [-73.984339, 40.745852], [-73.983899, 40.746472], [-73.983439, 40.747092], [-73.983227, 40.747388], [-73.983227, 40.747388], [-73.982959, 40.747762], [-73.982469, 40.748422], [-73.982019, 40.749042], [-73.981569, 40.749662], [-73.981433, 40.749846], [-73.981433, 40.749846], [-73.981119, 40.750272], [-73.980669, 40.750902], [-73.980219, 40.751512], [-73.979769, 40.752132], [-73.979609, 40.752352], [-73.979479, 40.752542], [-73.979373, 40.752682], [-73.979373, 40.752682], [-73.979269, 40.752822], [-73.978779, 40.753472], [-73.978399, 40.754002], [-73.978359, 40.754052], [-73.978329, 40.754092], [-73.977869, 40.754722], [-73.977419, 40.755342], [-73.976959, 40.755972], [-73.976499, 40.756592], [-73.976279, 40.756913], [-73.976279, 40.756913], [-73.976239, 40.756972], [-73.976049, 40.757222], [-73.975599, 40.757852], [-73.975129, 40.758482], [-73.974679, 40.759092], [-73.974219, 40.759732], [-73.973803, 40.760305], [-73.973803, 40.760305], [-73.973769, 40.760352], [-73.973299, 40.760982], [-73.972849, 40.761602], [-73.972359, 40.762282], [-73.972599, 40.762382], [-73.972746, 40.762444]]}}]}